detection_id,lat,lon,acq_datetime,acq_date,acq_time,satellite,instrument,confidence,confidence_raw,bright_ti4,bright_ti5,scan,track,frp,daynight,version,source,source_url,fetched_at
c58531840fda80e1,36.59527,2.87984,2026-09-21 01:30:00+00:00,2026-09-21,0130,N21,,0.6,nominal,312.61,290.9,0.41,0.37,0.82,N,2.0NRT,VIIRS_NOAA21_C2,https://firms.modaps.eosdis.nasa.gov/data/active_fire/noaa-21-viirs-c2/csv/J2_VIIRS_C2_Global_24h.csv,2026-09-22 13:46:18.797039+00:00
c81e091ad4cd1270,36.59575,2.87754,2026-09-21 01:30:00+00:00,2026-09-21,0130,N21,,0.6,nominal,309.4,291.22,0.41,0.37,0.9,N,2.0NRT,VIIRS_NOAA21_C2,https://firms.modaps.eosdis.nasa.gov/data/active_fire/noaa-21-viirs-c2/csv/J2_VIIRS_C2_Global_24h.csv,2026-09-22 13:46:18.797039+00:00
4e5b0b0549d714ad,36.17633,5.57328,2026-09-21 01:30:00+00:00,2026-09-21,0130,N21,,0.6,nominal,308.54,287.02,0.38,0.36,0.72,N,2.0NRT,VIIRS_NOAA21_C2,https://firms.modaps.eosdis.nasa.gov/data/active_fire/noaa-21-viirs-c2/csv/J2_VIIRS_C2_Global_24h.csv,2026-09-22 13:46:18.797039+00:00
3c897a0ae88b459f,37.35738,-5.86712,2026-09-21 01:30:00+00:00,2026-09-21,0130,N21,,0.6,nominal,305.12,293.44,0.37,0.58,0.85,N,2.0NRT,VIIRS_NOAA21_C2,https://firms.modaps.eosdis.nasa.gov/data/active_fire/noaa-21-viirs-c2/csv/J2_VIIRS_C2_Global_24h.csv,2026-09-22 13:46:18.797039+00:00
cf6ecf97f91d7c6f,36.96489,-1.90595,2026-09-21 01:30:00+00:00,2026-09-21,0130,N21,,0.6,nominal,310.0,293.52,0.45,0.47,2.04,N,2.0NRT,VIIRS_NOAA21_C2,https://firms.modaps.eosdis.nasa.gov/data/active_fire/noaa-21-viirs-c2/csv/J2_VIIRS_C2_Global_24h.csv,2026-09-22 13:46:18.797039+00:00
1e6f46b43ca3a79d,35.88015,4.44751,2026-09-21 01:30:00+00:00,2026-09-21,0130,N21,,0.6,nominal,321.33,291.31,0.39,0.36,2.57,N,2.0NRT,VIIRS_NOAA21_C2,https://firms.modaps.eosdis.nasa.gov/data/active_fire/noaa-21-viirs-c2/csv/J2_VIIRS_C2_Global_24h.csv,2026-09-22 13:46:18.797039+00:00
700e5726db56150c,35.70854,4.47719,2026-09-21 01:30:00+00:00,2026-09-21,0130,N21,,0.6,nominal,309.23,290.29,0.39,0.36,1.12,N,2.0NRT,VIIRS_NOAA21_C2,https://firms.modaps.eosdis.nasa.gov/data/active_fire/noaa-21-viirs-c2/csv/J2_VIIRS_C2_Global_24h.csv,2026-09-22 13:46:18.797039+00:00
247c6b57fee93add,36.01677,0.12488,2026-09-21 01:30:00+00:00,2026-09-21,0130,N21,,0.6,nominal,312.03,291.77,0.52,0.41,1.67,N,2.0NRT,VIIRS_NOAA21_C2,https://firms.modaps.eosdis.nasa.gov/data/active_fire/noaa-21-viirs-c2/csv/J2_VIIRS_C2_Global_24h.csv,2026-09-22 13:46:18.797039+00:00
ee18d8b835e0bc34,35.8146,-0.27402,2026-09-21 01:30:00+00:00,2026-09-21,0130,N21,,0.6,nominal,313.82,291.7,0.54,0.42,2.46,N,2.0NRT,VIIRS_NOAA21_C2,https://firms.modaps.eosdis.nasa.gov/data/active_fire/noaa-21-viirs-c2/csv/J2_VIIRS_C2_Global_24h.csv,2026-09-22 13:46:18.797039+00:00
9d7e1e22308c6904,35.8088,-0.25684,2026-09-21 01:30:00+00:00,2026-09-21,0130,N21,,0.6,nominal,327.42,292.53,0.54,0.42,3.72,N,2.0NRT,VIIRS_NOAA21_C2,https://firms.modaps.eosdis.nasa.gov/data/active_fire/noaa-21-viirs-c2/csv/J2_VIIRS_C2_Global_24h.csv,2026-09-22 13:46:18.797039+00:00
747deb0147910f13,35.80817,-0.25105,2026-09-21 01:30:00+00:00,2026-09-21,0130,N21,,0.6,nominal,311.66,291.69,0.54,0.42,2.84,N,2.0NRT,VIIRS_NOAA21_C2,https://firms.modaps.eosdis.nasa.gov/data/active_fire/noaa-21-viirs-c2/csv/J2_VIIRS_C2_Global_24h.csv,2026-09-22 13:46:18.797039+00:00
c4b4a6419d234cf3,35.80365,-0.24562,2026-09-21 01:30:00+00:00,2026-09-21,0130,N21,,0.6,nominal,306.66,292.39,0.54,0.42,1.15,N,2.0NRT,VIIRS_NOAA21_C2,https://firms.modaps.eosdis.nasa.gov/data/active_fire/noaa-21-viirs-c2/csv/J2_VIIRS_C2_Global_24h.csv,2026-09-22 13:46:18.797039+00:00
e88af8cbf73840f8,35.56697,-0.93861,2026-09-21 01:30:00+00:00,2026-09-21,0130,N21,,0.6,nominal,306.1,291.53,0.38,0.43,1.04,N,2.0NRT,VIIRS_NOAA21_C2,https://firms.modaps.eosdis.nasa.gov/data/active_fire/noaa-21-viirs-c2/csv/J2_VIIRS_C2_Global_24h.csv,2026-09-22 13:46:18.797039+00:00
f2de0f22080a67e8,33.87352,9.99426,2026-09-21 01:30:00+00:00,2026-09-21,0130,N21,,0.6,nominal,304.34,292.58,0.55,0.43,0.96,N,2.0NRT,VIIRS_NOAA21_C2,https://firms.modaps.eosdis.nasa.gov/data/active_fire/noaa-21-viirs-c2/csv/J2_VIIRS_C2_Global_24h.csv,2026-09-22 13:46:18.797039+00:00
c39fa00e0b19d827,35.71836,-5.66324,2026-09-21 01:30:00+00:00,2026-09-21,0130,N21,,0.6,nominal,304.68,292.17,0.35,0.57,1.43,N,2.0NRT,VIIRS_NOAA21_C2,https://firms.modaps.eosdis.nasa.gov/data/active_fire/noaa-21-viirs-c2/csv/J2_VIIRS_C2_Global_24h.csv,2026-09-22 13:46:18.797039+00:00
bb8484a07f3518f6,35.18486,-5.27113,2026-09-21 01:30:00+00:00,2026-09-21,0130,N21,,0.6,nominal,308.67,289.61,0.33,0.55,0.6,N,2.0NRT,VIIRS_NOAA21_C2,https://firms.modaps.eosdis.nasa.gov/data/active_fire/noaa-21-viirs-c2/csv/J2_VIIRS_C2_Global_24h.csv,2026-09-22 13:46:18.797039+00:00
2838f709369377cb,35.18626,-5.26851,2026-09-21 01:30:00+00:00,2026-09-21,0130,N21,,0.6,nominal,302.69,289.2,0.33,0.55,0.5,N,2.0NRT,VIIRS_NOAA21_C2,https://firms.modaps.eosdis.nasa.gov/data/active_fire/noaa-21-viirs-c2/csv/J2_VIIRS_C2_Global_24h.csv,2026-09-22 13:46:18.797039+00:00
d89aecd791b81e05,34.59768,-2.34871,2026-09-21 01:30:00+00:00,2026-09-21,0130,N21,,0.6,nominal,303.96,289.93,0.44,0.46,0.8,N,2.0NRT,VIIRS_NOAA21_C2,https://firms.modaps.eosdis.nasa.gov/data/active_fire/noaa-21-viirs-c2/csv/J2_VIIRS_C2_Global_24h.csv,2026-09-22 13:46:18.797039+00:00
809ad9d71a31f779,31.95589,11.14509,2026-09-21 01:30:00+00:00,2026-09-21,0130,N21,,0.6,nominal,316.09,291.28,0.46,0.47,2.32,N,2.0NRT,VIIRS_NOAA21_C2,https://firms.modaps.eosdis.nasa.gov/data/active_fire/noaa-21-viirs-c2/csv/J2_VIIRS_C2_Global_24h.csv,2026-09-22 13:46:18.797039+00:00
f22379a1e4fff253,31.31657,11.8013,2026-09-21 01:30:00+00:00,2026-09-21,0130,N21,,0.6,nominal,324.33,290.68,0.52,0.5,3.91,N,2.0NRT,VIIRS_NOAA21_C2,https://firms.modaps.eosdis.nasa.gov/data/active_fire/noaa-21-viirs-c2/csv/J2_VIIRS_C2_Global_24h.csv,2026-09-22 13:46:18.797039+00:00
f14148cf7e00acbb,31.31541,11.80654,2026-09-21 01:30:00+00:00,2026-09-21,0130,N21,,0.6,nominal,308.09,289.53,0.52,0.5,2.85,N,2.0NRT,VIIRS_NOAA21_C2,https://firms.modaps.eosdis.nasa.gov/data/active_fire/noaa-21-viirs-c2/csv/J2_VIIRS_C2_Global_24h.csv,2026-09-22 13:46:18.797039+00:00
db51974ce500bb2d,31.38966,10.60413,2026-09-21 01:32:00+00:00,2026-09-21,0132,N21,,0.6,nominal,303.06,289.43,0.44,0.46,1.22,N,2.0NRT,VIIRS_NOAA21_C2,https://firms.modaps.eosdis.nasa.gov/data/active_fire/noaa-21-viirs-c2/csv/J2_VIIRS_C2_Global_24h.csv,2026-09-22 13:46:18.797039+00:00
4d0a81766e988267,32.13394,6.46865,2026-09-21 01:32:00+00:00,2026-09-21,0132,N21,,0.6,nominal,303.82,275.38,0.42,0.38,1.71,N,2.0NRT,VIIRS_NOAA21_C2,https://firms.modaps.eosdis.nasa.gov/data/active_fire/noaa-21-viirs-c2/csv/J2_VIIRS_C2_Global_24h.csv,2026-09-22 13:46:18.797039+00:00
a32908cb6b893376,32.2759,3.98791,2026-09-21 01:32:00+00:00,2026-09-21,0132,N21,,0.6,nominal,343.72,292.14,0.38,0.36,8.21,N,2.0NRT,VIIRS_NOAA21_C2,https://firms.modaps.eosdis.nasa.gov/data/active_fire/noaa-21-viirs-c2/csv/J2_VIIRS_C2_Global_24h.csv,2026-09-22 13:46:18.797039+00:00
3814b614e92b1d05,31.84968,6.05407,2026-09-21 01:32:00+00:00,2026-09-21,0132,N21,,0.6,nominal,305.86,287.53,0.41,0.37,0.53,N,2.0NRT,VIIRS_NOAA21_C2,https://firms.modaps.eosdis.nasa.gov/data/active_fire/noaa-21-viirs-c2/csv/J2_VIIRS_C2_Global_24h.csv,2026-09-22 13:46:18.797039+00:00
8681cefb90454e29,31.85064,6.04309,2026-09-21 01:32:00+00:00,2026-09-21,0132,N21,,0.6,nominal,303.38,291.02,0.41,0.37,1.94,N,2.0NRT,VIIRS_NOAA21_C2,https://firms.modaps.eosdis.nasa.gov/data/active_fire/noaa-21-viirs-c2/csv/J2_VIIRS_C2_Global_24h.csv,2026-09-22 13:46:18.797039+00:00
b7aedc21beef90db,31.84918,6.05163,2026-09-21 01:32:00+00:00,2026-09-21,0132,N21,,0.6,nominal,314.34,290.0,0.41,0.37,1.55,N,2.0NRT,VIIRS_NOAA21_C2,https://firms.modaps.eosdis.nasa.gov/data/active_fire/noaa-21-viirs-c2/csv/J2_VIIRS_C2_Global_24h.csv,2026-09-22 13:46:18.797039+00:00
f5aacfd41748fbfb,31.84581,6.05081,2026-09-21 01:32:00+00:00,2026-09-21,0132,N21,,0.6,nominal,306.98,291.41,0.41,0.37,1.55,N,2.0NRT,VIIRS_NOAA21_C2,https://firms.modaps.eosdis.nasa.gov/data/active_fire/noaa-21-viirs-c2/csv/J2_VIIRS_C2_Global_24h.csv,2026-09-22 13:46:18.797039+00:00
b9b526b8c5052f0a,31.78747,6.06358,2026-09-21 01:32:00+00:00,2026-09-21,0132,N21,,0.6,nominal,316.01,284.23,0.41,0.37,2.65,N,2.0NRT,VIIRS_NOAA21_C2,https://firms.modaps.eosdis.nasa.gov/data/active_fire/noaa-21-viirs-c2/csv/J2_VIIRS_C2_Global_24h.csv,2026-09-22 13:46:18.797039+00:00
e98bb9262d55d6f7,31.00481,10.06274,2026-09-21 01:32:00+00:00,2026-09-21,0132,N21,,0.6,nominal,301.91,290.55,0.42,0.45,1.7,N,2.0NRT,VIIRS_NOAA21_C2,https://firms.modaps.eosdis.nasa.gov/data/active_fire/noaa-21-viirs-c2/csv/J2_VIIRS_C2_Global_24h.csv,2026-09-22 13:46:18.797039+00:00
5ae551c69c945044,31.39571,6.93307,2026-09-21 01:32:00+00:00,2026-09-21,0132,N21,,0.6,nominal,327.18,293.91,0.44,0.38,3.59,N,2.0NRT,VIIRS_NOAA21_C2,https://firms.modaps.eosdis.nasa.gov/data/active_fire/noaa-21-viirs-c2/csv/J2_VIIRS_C2_Global_24h.csv,2026-09-22 13:46:18.797039+00:00
6dfe161cf680e48d,31.17715,8.10181,2026-09-21 01:32:00+00:00,2026-09-21,0132,N21,,0.6,nominal,303.65,292.77,0.5,0.41,0.54,N,2.0NRT,VIIRS_NOAA21_C2,https://firms.modaps.eosdis.nasa.gov/data/active_fire/noaa-21-viirs-c2/csv/J2_VIIRS_C2_Global_24h.csv,2026-09-22 13:46:18.797039+00:00
1a109a7bf3157cfe,31.05664,8.03679,2026-09-21 01:32:00+00:00,2026-09-21,0132,N21,,0.6,nominal,314.92,293.11,0.49,0.41,3.27,N,2.0NRT,VIIRS_NOAA21_C2,https://firms.modaps.eosdis.nasa.gov/data/active_fire/noaa-21-viirs-c2/csv/J2_VIIRS_C2_Global_24h.csv,2026-09-22 13:46:18.797039+00:00
cfb8d3c2e5fd26cd,31.05299,8.03581,2026-09-21 01:32:00+00:00,2026-09-21,0132,N21,,0.6,nominal,329.51,293.88,0.49,0.41,3.27,N,2.0NRT,VIIRS_NOAA21_C2,https://firms.modaps.eosdis.nasa.gov/data/active_fire/noaa-21-viirs-c2/csv/J2_VIIRS_C2_Global_24h.csv,2026-09-22 13:46:18.797039+00:00
e443784a0235fe70,31.05396,8.03075,2026-09-21 01:32:00+00:00,2026-09-21,0132,N21,,0.6,nominal,314.73,293.4,0.49,0.41,3.85,N,2.0NRT,VIIRS_NOAA21_C2,https://firms.modaps.eosdis.nasa.gov/data/active_fire/noaa-21-viirs-c2/csv/J2_VIIRS_C2_Global_24h.csv,2026-09-22 13:46:18.797039+00:00
ab45c9e25e6e0d64,31.08894,7.8289,2026-09-21 01:32:00+00:00,2026-09-21,0132,N21,,0.6,nominal,333.9,293.42,0.48,0.4,5.64,N,2.0NRT,VIIRS_NOAA21_C2,https://firms.modaps.eosdis.nasa.gov/data/active_fire/noaa-21-viirs-c2/csv/J2_VIIRS_C2_Global_24h.csv,2026-09-22 13:46:18.797039+00:00
ec6509bccdedbc40,31.05448,8.03475,2026-09-21 01:32:00+00:00,2026-09-21,0132,N21,,0.6,nominal,341.22,295.58,0.49,0.41,7.97,N,2.0NRT,VIIRS_NOAA21_C2,https://firms.modaps.eosdis.nasa.gov/data/active_fire/noaa-21-viirs-c2/csv/J2_VIIRS_C2_Global_24h.csv,2026-09-22 13:46:18.797039+00:00
84d44ad8823b6adf,31.08936,7.82742,2026-09-21 01:32:00+00:00,2026-09-21,0132,N21,,0.6,nominal,330.03,293.49,0.48,0.4,4.54,N,2.0NRT,VIIRS_NOAA21_C2,https://firms.modaps.eosdis.nasa.gov/data/active_fire/noaa-21-viirs-c2/csv/J2_VIIRS_C2_Global_24h.csv,2026-09-22 13:46:18.797039+00:00
3aff763cd6457ce2,31.01473,8.16406,2026-09-21 01:32:00+00:00,2026-09-21,0132,N21,,0.6,nominal,307.95,292.91,0.5,0.41,1.57,N,2.0NRT,VIIRS_NOAA21_C2,https://firms.modaps.eosdis.nasa.gov/data/active_fire/noaa-21-viirs-c2/csv/J2_VIIRS_C2_Global_24h.csv,2026-09-22 13:46:18.797039+00:00
fb9a3e3b71c763dd,31.00909,8.17347,2026-09-21 01:32:00+00:00,2026-09-21,0132,N21,,0.6,nominal,311.04,292.79,0.5,0.41,3.15,N,2.0NRT,VIIRS_NOAA21_C2,https://firms.modaps.eosdis.nasa.gov/data/active_fire/noaa-21-viirs-c2/csv/J2_VIIRS_C2_Global_24h.csv,2026-09-22 13:46:18.797039+00:00
2164c0e548576769,31.36283,6.04517,2026-09-21 01:32:00+00:00,2026-09-21,0132,N21,,0.6,nominal,328.2,294.72,0.41,0.37,5.62,N,2.0NRT,VIIRS_NOAA21_C2,https://firms.modaps.eosdis.nasa.gov/data/active_fire/noaa-21-viirs-c2/csv/J2_VIIRS_C2_Global_24h.csv,2026-09-22 13:46:18.797039+00:00
9d47d96b8b5dafdf,31.36209,6.04946,2026-09-21 01:32:00+00:00,2026-09-21,0132,N21,,0.6,nominal,311.75,292.31,0.41,0.37,5.62,N,2.0NRT,VIIRS_NOAA21_C2,https://firms.modaps.eosdis.nasa.gov/data/active_fire/noaa-21-viirs-c2/csv/J2_VIIRS_C2_Global_24h.csv,2026-09-22 13:46:18.797039+00:00
aa0d17d82db59e8e,31.35796,6.05295,2026-09-21 01:32:00+00:00,2026-09-21,0132,N21,,0.6,nominal,328.48,292.87,0.41,0.37,2.97,N,2.0NRT,VIIRS_NOAA21_C2,https://firms.modaps.eosdis.nasa.gov/data/active_fire/noaa-21-viirs-c2/csv/J2_VIIRS_C2_Global_24h.csv,2026-09-22 13:46:18.797039+00:00
439844c86e2d23a3,31.18812,6.78717,2026-09-21 01:32:00+00:00,2026-09-21,0132,N21,,0.6,nominal,328.2,294.36,0.44,0.38,2.75,N,2.0NRT,VIIRS_NOAA21_C2,https://firms.modaps.eosdis.nasa.gov/data/active_fire/noaa-21-viirs-c2/csv/J2_VIIRS_C2_Global_24h.csv,2026-09-22 13:46:18.797039+00:00
85eb28beccd8ab8c,30.82408,8.02992,2026-09-21 01:32:00+00:00,2026-09-21,0132,N21,,0.6,nominal,307.92,293.93,0.5,0.41,1.83,N,2.0NRT,VIIRS_NOAA21_C2,https://firms.modaps.eosdis.nasa.gov/data/active_fire/noaa-21-viirs-c2/csv/J2_VIIRS_C2_Global_24h.csv,2026-09-22 13:46:18.797039+00:00
4ffa693b99a72914,30.6624,8.09967,2026-09-21 01:32:00+00:00,2026-09-21,0132,N21,,0.6,nominal,306.5,294.49,0.5,0.41,1.13,N,2.0NRT,VIIRS_NOAA21_C2,https://firms.modaps.eosdis.nasa.gov/data/active_fire/noaa-21-viirs-c2/csv/J2_VIIRS_C2_Global_24h.csv,2026-09-22 13:46:18.797039+00:00
7753c4ec9aca31d0,30.66142,8.10481,2026-09-21 01:32:00+00:00,2026-09-21,0132,N21,,0.6,nominal,305.99,293.41,0.51,0.41,1.13,N,2.0NRT,VIIRS_NOAA21_C2,https://firms.modaps.eosdis.nasa.gov/data/active_fire/noaa-21-viirs-c2/csv/J2_VIIRS_C2_Global_24h.csv,2026-09-22 13:46:18.797039+00:00
e718fc291e0f69ea,30.89771,5.58673,2026-09-21 01:32:00+00:00,2026-09-21,0132,N21,,0.6,nominal,327.43,292.53,0.41,0.37,2.58,N,2.0NRT,VIIRS_NOAA21_C2,https://firms.modaps.eosdis.nasa.gov/data/active_fire/noaa-21-viirs-c2/csv/J2_VIIRS_C2_Global_24h.csv,2026-09-22 13:46:18.797039+00:00
aa76179447ac1b83,30.89436,5.58595,2026-09-21 01:32:00+00:00,2026-09-21,0132,N21,,0.6,nominal,303.95,292.31,0.41,0.37,0.69,N,2.0NRT,VIIRS_NOAA21_C2,https://firms.modaps.eosdis.nasa.gov/data/active_fire/noaa-21-viirs-c2/csv/J2_VIIRS_C2_Global_24h.csv,2026-09-22 13:46:18.797039+00:00
c18590bc2eb45ae2,30.87757,5.64311,2026-09-21 01:32:00+00:00,2026-09-21,0132,N21,,0.6,nominal,326.85,294.4,0.41,0.37,2.55,N,2.0NRT,VIIRS_NOAA21_C2,https://firms.modaps.eosdis.nasa.gov/data/active_fire/noaa-21-viirs-c2/csv/J2_VIIRS_C2_Global_24h.csv,2026-09-22 13:46:18.797039+00:00
dcbab9d9f3b37ed0,30.38884,7.905,2026-09-21 01:32:00+00:00,2026-09-21,0132,N21,,0.6,nominal,305.26,293.29,0.5,0.41,1.31,N,2.0NRT,VIIRS_NOAA21_C2,https://firms.modaps.eosdis.nasa.gov/data/active_fire/noaa-21-viirs-c2/csv/J2_VIIRS_C2_Global_24h.csv,2026-09-22 13:46:18.797039+00:00
8d729825116661c6,30.25281,8.08427,2026-09-21 01:32:00+00:00,2026-09-21,0132,N21,,0.6,nominal,320.27,293.68,0.51,0.41,2.54,N,2.0NRT,VIIRS_NOAA21_C2,https://firms.modaps.eosdis.nasa.gov/data/active_fire/noaa-21-viirs-c2/csv/J2_VIIRS_C2_Global_24h.csv,2026-09-22 13:46:18.797039+00:00
537874f85976132f,30.37461,7.0115,2026-09-21 01:32:00+00:00,2026-09-21,0132,N21,,0.6,nominal,327.58,293.6,0.46,0.39,3.26,N,2.0NRT,VIIRS_NOAA21_C2,https://firms.modaps.eosdis.nasa.gov/data/active_fire/noaa-21-viirs-c2/csv/J2_VIIRS_C2_Global_24h.csv,2026-09-22 13:46:18.797039+00:00
91bcd58025511b99,30.17917,7.68897,2026-09-21 01:32:00+00:00,2026-09-21,0132,N21,,0.6,nominal,305.72,293.0,0.49,0.4,0.91,N,2.0NRT,VIIRS_NOAA21_C2,https://firms.modaps.eosdis.nasa.gov/data/active_fire/noaa-21-viirs-c2/csv/J2_VIIRS_C2_Global_24h.csv,2026-09-22 13:46:18.797039+00:00
9c89c1d24a40eb04,29.701,6.71499,2026-09-21 01:32:00+00:00,2026-09-21,0132,N21,,0.6,nominal,311.64,294.11,0.45,0.39,1.62,N,2.0NRT,VIIRS_NOAA21_C2,https://firms.modaps.eosdis.nasa.gov/data/active_fire/noaa-21-viirs-c2/csv/J2_VIIRS_C2_Global_24h.csv,2026-09-22 13:46:18.797039+00:00
2e58febe81dfb85e,29.69831,6.70953,2026-09-21 01:32:00+00:00,2026-09-21,0132,N21,,0.6,nominal,309.02,294.02,0.45,0.39,1.62,N,2.0NRT,VIIRS_NOAA21_C2,https://firms.modaps.eosdis.nasa.gov/data/active_fire/noaa-21-viirs-c2/csv/J2_VIIRS_C2_Global_24h.csv,2026-09-22 13:46:18.797039+00:00
fa3bd8b6feaaa5d1,29.69563,6.70408,2026-09-21 01:32:00+00:00,2026-09-21,0132,N21,,0.6,nominal,320.68,294.02,0.45,0.39,2.33,N,2.0NRT,VIIRS_NOAA21_C2,https://firms.modaps.eosdis.nasa.gov/data/active_fire/noaa-21-viirs-c2/csv/J2_VIIRS_C2_Global_24h.csv,2026-09-22 13:46:18.797039+00:00
65dcfa9d6f6b1229,29.69647,6.69948,2026-09-21 01:32:00+00:00,2026-09-21,0132,N21,,0.6,nominal,317.92,294.37,0.45,0.39,2.33,N,2.0NRT,VIIRS_NOAA21_C2,https://firms.modaps.eosdis.nasa.gov/data/active_fire/noaa-21-viirs-c2/csv/J2_VIIRS_C2_Global_24h.csv,2026-09-22 13:46:18.797039+00:00
4c38326fb09c7004,29.68943,6.69778,2026-09-21 01:32:00+00:00,2026-09-21,0132,N21,,0.6,nominal,305.38,293.88,0.45,0.39,1.07,N,2.0NRT,VIIRS_NOAA21_C2,https://firms.modaps.eosdis.nasa.gov/data/active_fire/noaa-21-viirs-c2/csv/J2_VIIRS_C2_Global_24h.csv,2026-09-22 13:46:18.797039+00:00
dbd109c75554fd39,29.68591,6.69693,2026-09-21 01:32:00+00:00,2026-09-21,0132,N21,,0.6,nominal,306.91,293.7,0.45,0.39,1.07,N,2.0NRT,VIIRS_NOAA21_C2,https://firms.modaps.eosdis.nasa.gov/data/active_fire/noaa-21-viirs-c2/csv/J2_VIIRS_C2_Global_24h.csv,2026-09-22 13:46:18.797039+00:00
454ef2cad81e5e92,29.10672,9.66545,2026-09-21 01:32:00+00:00,2026-09-21,0132,N21,,0.6,nominal,298.7,281.76,0.43,0.46,0.57,N,2.0NRT,VIIRS_NOAA21_C2,https://firms.modaps.eosdis.nasa.gov/data/active_fire/noaa-21-viirs-c2/csv/J2_VIIRS_C2_Global_24h.csv,2026-09-22 13:46:18.797039+00:00
43e637f0a3287eb7,29.66943,6.72662,2026-09-21 01:32:00+00:00,2026-09-21,0132,N21,,0.6,nominal,324.22,295.03,0.45,0.39,2.81,N,2.0NRT,VIIRS_NOAA21_C2,https://firms.modaps.eosdis.nasa.gov/data/active_fire/noaa-21-viirs-c2/csv/J2_VIIRS_C2_Global_24h.csv,2026-09-22 13:46:18.797039+00:00
d8275db62b355f90,28.97204,10.03957,2026-09-21 01:32:00+00:00,2026-09-21,0132,N21,,0.6,nominal,300.09,274.99,0.46,0.47,0.75,N,2.0NRT,VIIRS_NOAA21_C2,https://firms.modaps.eosdis.nasa.gov/data/active_fire/noaa-21-viirs-c2/csv/J2_VIIRS_C2_Global_24h.csv,2026-09-22 13:46:18.797039+00:00
9826840a02754d21,28.92198,9.7476,2026-09-21 01:32:00+00:00,2026-09-21,0132,N21,,0.6,nominal,304.38,283.02,0.44,0.46,1.02,N,2.0NRT,VIIRS_NOAA21_C2,https://firms.modaps.eosdis.nasa.gov/data/active_fire/noaa-21-viirs-c2/csv/J2_VIIRS_C2_Global_24h.csv,2026-09-22 13:46:18.797039+00:00
3948be4350b3cb1b,28.91367,9.74534,2026-09-21 01:32:00+00:00,2026-09-21,0132,N21,,0.6,nominal,312.7,284.22,0.44,0.46,1.53,N,2.0NRT,VIIRS_NOAA21_C2,https://firms.modaps.eosdis.nasa.gov/data/active_fire/noaa-21-viirs-c2/csv/J2_VIIRS_C2_Global_24h.csv,2026-09-22 13:46:18.797039+00:00
ca1d6e0a26341c27,28.82233,9.90872,2026-09-21 01:32:00+00:00,2026-09-21,0132,N21,,0.6,nominal,298.35,268.04,0.45,0.47,1.11,N,2.0NRT,VIIRS_NOAA21_C2,https://firms.modaps.eosdis.nasa.gov/data/active_fire/noaa-21-viirs-c2/csv/J2_VIIRS_C2_Global_24h.csv,2026-09-22 13:46:18.797039+00:00
4cee6c2db2b0a3de,28.63707,9.78328,2026-09-21 01:32:00+00:00,2026-09-21,0132,N21,,0.6,nominal,298.56,270.14,0.45,0.47,1.36,N,2.0NRT,VIIRS_NOAA21_C2,https://firms.modaps.eosdis.nasa.gov/data/active_fire/noaa-21-viirs-c2/csv/J2_VIIRS_C2_Global_24h.csv,2026-09-22 13:46:18.797039+00:00
e9d6375f3ba4f2fe,28.63195,9.78662,2026-09-21 01:32:00+00:00,2026-09-21,0132,N21,,0.6,nominal,306.96,268.33,0.45,0.47,1.33,N,2.0NRT,VIIRS_NOAA21_C2,https://firms.modaps.eosdis.nasa.gov/data/active_fire/noaa-21-viirs-c2/csv/J2_VIIRS_C2_Global_24h.csv,2026-09-22 13:46:18.797039+00:00
18c24dca5c89b3b1,29.26616,6.49142,2026-09-21 01:32:00+00:00,2026-09-21,0132,N21,,0.6,nominal,308.34,293.35,0.45,0.39,1.23,N,2.0NRT,VIIRS_NOAA21_C2,https://firms.modaps.eosdis.nasa.gov/data/active_fire/noaa-21-viirs-c2/csv/J2_VIIRS_C2_Global_24h.csv,2026-09-22 13:46:18.797039+00:00
9a599abd831382b2,29.2583,6.4943,2026-09-21 01:32:00+00:00,2026-09-21,0132,N21,,0.6,nominal,312.3,294.7,0.45,0.39,1.31,N,2.0NRT,VIIRS_NOAA21_C2,https://firms.modaps.eosdis.nasa.gov/data/active_fire/noaa-21-viirs-c2/csv/J2_VIIRS_C2_Global_24h.csv,2026-09-22 13:46:18.797039+00:00
ef553767a7cef29e,28.73411,9.15089,2026-09-21 01:32:00+00:00,2026-09-21,0132,N21,,0.6,nominal,307.33,288.15,0.41,0.45,1.16,N,2.0NRT,VIIRS_NOAA21_C2,https://firms.modaps.eosdis.nasa.gov/data/active_fire/noaa-21-viirs-c2/csv/J2_VIIRS_C2_Global_24h.csv,2026-09-22 13:46:18.797039+00:00
883987d4a5819a55,28.5281,9.11995,2026-09-21 01:32:00+00:00,2026-09-21,0132,N21,,0.6,nominal,332.1,291.07,0.41,0.45,3.66,N,2.0NRT,VIIRS_NOAA21_C2,https://firms.modaps.eosdis.nasa.gov/data/active_fire/noaa-21-viirs-c2/csv/J2_VIIRS_C2_Global_24h.csv,2026-09-22 13:46:18.797039+00:00
63cc3a82c1efa6a9,28.52726,9.12407,2026-09-21 01:32:00+00:00,2026-09-21,0132,N21,,0.6,nominal,318.52,290.38,0.41,0.45,3.66,N,2.0NRT,VIIRS_NOAA21_C2,https://firms.modaps.eosdis.nasa.gov/data/active_fire/noaa-21-viirs-c2/csv/J2_VIIRS_C2_Global_24h.csv,2026-09-22 13:46:18.797039+00:00
b80328988ee3ed9e,28.52853,9.12167,2026-09-21 01:32:00+00:00,2026-09-21,0132,N21,,0.6,nominal,338.02,291.23,0.41,0.45,3.24,N,2.0NRT,VIIRS_NOAA21_C2,https://firms.modaps.eosdis.nasa.gov/data/active_fire/noaa-21-viirs-c2/csv/J2_VIIRS_C2_Global_24h.csv,2026-09-22 13:46:18.797039+00:00
afa424436b66adc7,28.52449,9.12058,2026-09-21 01:32:00+00:00,2026-09-21,0132,N21,,0.6,nominal,301.81,290.51,0.41,0.45,3.24,N,2.0NRT,VIIRS_NOAA21_C2,https://firms.modaps.eosdis.nasa.gov/data/active_fire/noaa-21-viirs-c2/csv/J2_VIIRS_C2_Global_24h.csv,2026-09-22 13:46:18.797039+00:00
bae305e47e71b3ee,28.44884,9.13651,2026-09-21 01:32:00+00:00,2026-09-21,0132,N21,,0.6,nominal,342.32,289.02,0.42,0.45,5.78,N,2.0NRT,VIIRS_NOAA21_C2,https://firms.modaps.eosdis.nasa.gov/data/active_fire/noaa-21-viirs-c2/csv/J2_VIIRS_C2_Global_24h.csv,2026-09-22 13:46:18.797039+00:00
8d054c53abc60bff,28.66074,7.90987,2026-09-21 01:32:00+00:00,2026-09-21,0132,N21,,0.6,nominal,305.81,292.93,0.53,0.42,1.03,N,2.0NRT,VIIRS_NOAA21_C2,https://firms.modaps.eosdis.nasa.gov/data/active_fire/noaa-21-viirs-c2/csv/J2_VIIRS_C2_Global_24h.csv,2026-09-22 13:46:18.797039+00:00
0fa5cc12ad1e835c,28.635,7.53534,2026-09-21 01:32:00+00:00,2026-09-21,0132,N21,,0.6,nominal,304.5,292.38,0.51,0.41,0.77,N,2.0NRT,VIIRS_NOAA21_C2,https://firms.modaps.eosdis.nasa.gov/data/active_fire/noaa-21-viirs-c2/csv/J2_VIIRS_C2_Global_24h.csv,2026-09-22 13:46:18.797039+00:00
18272c8c1245e917,28.6844,7.1959,2026-09-21 01:32:00+00:00,2026-09-21,0132,N21,,0.6,nominal,328.11,294.36,0.49,0.4,4.86,N,2.0NRT,VIIRS_NOAA21_C2,https://firms.modaps.eosdis.nasa.gov/data/active_fire/noaa-21-viirs-c2/csv/J2_VIIRS_C2_Global_24h.csv,2026-09-22 13:46:18.797039+00:00
55b04879afdc179f,28.68563,7.19442,2026-09-21 01:32:00+00:00,2026-09-21,0132,N21,,0.6,nominal,320.78,293.76,0.49,0.4,2.6,N,2.0NRT,VIIRS_NOAA21_C2,https://firms.modaps.eosdis.nasa.gov/data/active_fire/noaa-21-viirs-c2/csv/J2_VIIRS_C2_Global_24h.csv,2026-09-22 13:46:18.797039+00:00
2a4bfb4645b1191a,28.68198,7.19356,2026-09-21 01:32:00+00:00,2026-09-21,0132,N21,,0.6,nominal,328.39,293.85,0.49,0.4,2.6,N,2.0NRT,VIIRS_NOAA21_C2,https://firms.modaps.eosdis.nasa.gov/data/active_fire/noaa-21-viirs-c2/csv/J2_VIIRS_C2_Global_24h.csv,2026-09-22 13:46:18.797039+00:00
01e4adc3189e9473,28.6132,7.50161,2026-09-21 01:32:00+00:00,2026-09-21,0132,N21,,0.6,nominal,329.25,294.41,0.51,0.41,7.92,N,2.0NRT,VIIRS_NOAA21_C2,https://firms.modaps.eosdis.nasa.gov/data/active_fire/noaa-21-viirs-c2/csv/J2_VIIRS_C2_Global_24h.csv,2026-09-22 13:46:18.797039+00:00
08e5696d58c3d829,28.57677,7.65392,2026-09-21 01:32:00+00:00,2026-09-21,0132,N21,,0.6,nominal,329.44,294.01,0.52,0.41,4.23,N,2.0NRT,VIIRS_NOAA21_C2,https://firms.modaps.eosdis.nasa.gov/data/active_fire/noaa-21-viirs-c2/csv/J2_VIIRS_C2_Global_24h.csv,2026-09-22 13:46:18.797039+00:00
7221afc44576e12e,28.55921,7.52022,2026-09-21 01:32:00+00:00,2026-09-21,0132,N21,,0.6,nominal,306.55,292.5,0.51,0.41,0.88,N,2.0NRT,VIIRS_NOAA21_C2,https://firms.modaps.eosdis.nasa.gov/data/active_fire/noaa-21-viirs-c2/csv/J2_VIIRS_C2_Global_24h.csv,2026-09-22 13:46:18.797039+00:00
f4a2e00e4b9abdee,28.6014,7.2566,2026-09-21 01:32:00+00:00,2026-09-21,0132,N21,,0.6,nominal,313.95,294.39,0.5,0.41,1.94,N,2.0NRT,VIIRS_NOAA21_C2,https://firms.modaps.eosdis.nasa.gov/data/active_fire/noaa-21-viirs-c2/csv/J2_VIIRS_C2_Global_24h.csv,2026-09-22 13:46:18.797039+00:00
e1b7e6de4f68f5ee,28.47859,7.50936,2026-09-21 01:32:00+00:00,2026-09-21,0132,N21,,0.6,nominal,308.96,292.98,0.51,0.41,1.27,N,2.0NRT,VIIRS_NOAA21_C2,https://firms.modaps.eosdis.nasa.gov/data/active_fire/noaa-21-viirs-c2/csv/J2_VIIRS_C2_Global_24h.csv,2026-09-22 13:46:18.797039+00:00
f6316fe1334d9daf,28.46743,7.50665,2026-09-21 01:32:00+00:00,2026-09-21,0132,N21,,0.6,nominal,306.0,293.17,0.51,0.41,1.18,N,2.0NRT,VIIRS_NOAA21_C2,https://firms.modaps.eosdis.nasa.gov/data/active_fire/noaa-21-viirs-c2/csv/J2_VIIRS_C2_Global_24h.csv,2026-09-22 13:46:18.797039+00:00
fdcefa5df8aaba46,28.45807,7.51499,2026-09-21 01:32:00+00:00,2026-09-21,0132,N21,,0.6,nominal,303.22,292.92,0.51,0.41,0.89,N,2.0NRT,VIIRS_NOAA21_C2,https://firms.modaps.eosdis.nasa.gov/data/active_fire/noaa-21-viirs-c2/csv/J2_VIIRS_C2_Global_24h.csv,2026-09-22 13:46:18.797039+00:00
51fffab618a4d81a,28.4571,7.52011,2026-09-21 01:32:00+00:00,2026-09-21,0132,N21,,0.6,nominal,307.41,292.84,0.51,0.41,0.92,N,2.0NRT,VIIRS_NOAA21_C2,https://firms.modaps.eosdis.nasa.gov/data/active_fire/noaa-21-viirs-c2/csv/J2_VIIRS_C2_Global_24h.csv,2026-09-22 13:46:18.797039+00:00
ec2d7a211a2c4c07,28.43104,7.51379,2026-09-21 01:32:00+00:00,2026-09-21,0132,N21,,0.6,nominal,306.67,292.93,0.51,0.41,0.92,N,2.0NRT,VIIRS_NOAA21_C2,https://firms.modaps.eosdis.nasa.gov/data/active_fire/noaa-21-viirs-c2/csv/J2_VIIRS_C2_Global_24h.csv,2026-09-22 13:46:18.797039+00:00
d6a78371da0b8d1e,27.92286,9.25036,2026-09-21 01:32:00+00:00,2026-09-21,0132,N21,,0.6,nominal,305.87,274.05,0.43,0.46,1.34,N,2.0NRT,VIIRS_NOAA21_C2,https://firms.modaps.eosdis.nasa.gov/data/active_fire/noaa-21-viirs-c2/csv/J2_VIIRS_C2_Global_24h.csv,2026-09-22 13:46:18.797039+00:00
794c05425b4531f9,27.75794,9.1795,2026-09-21 01:32:00+00:00,2026-09-21,0132,N21,,0.6,nominal,342.66,273.03,0.43,0.46,6.33,N,2.0NRT,VIIRS_NOAA21_C2,https://firms.modaps.eosdis.nasa.gov/data/active_fire/noaa-21-viirs-c2/csv/J2_VIIRS_C2_Global_24h.csv,2026-09-22 13:46:18.797039+00:00
8f37496f895128ea,27.75706,9.18377,2026-09-21 01:32:00+00:00,2026-09-21,0132,N21,,0.6,nominal,335.13,273.44,0.43,0.46,6.33,N,2.0NRT,VIIRS_NOAA21_C2,https://firms.modaps.eosdis.nasa.gov/data/active_fire/noaa-21-viirs-c2/csv/J2_VIIRS_C2_Global_24h.csv,2026-09-22 13:46:18.797039+00:00
3e73794bb359eec3,27.75382,9.17843,2026-09-21 01:32:00+00:00,2026-09-21,0132,N21,,0.6,nominal,319.1,273.88,0.43,0.46,2.62,N,2.0NRT,VIIRS_NOAA21_C2,https://firms.modaps.eosdis.nasa.gov/data/active_fire/noaa-21-viirs-c2/csv/J2_VIIRS_C2_Global_24h.csv,2026-09-22 13:46:18.797039+00:00
1b53182ae0e84110,27.73466,9.17926,2026-09-21 01:32:00+00:00,2026-09-21,0132,N21,,0.6,nominal,308.33,273.84,0.43,0.46,1.1,N,2.0NRT,VIIRS_NOAA21_C2,https://firms.modaps.eosdis.nasa.gov/data/active_fire/noaa-21-viirs-c2/csv/J2_VIIRS_C2_Global_24h.csv,2026-09-22 13:46:18.797039+00:00
c9a71234dedb5501,27.70091,9.17453,2026-09-21 01:32:00+00:00,2026-09-21,0132,N21,,0.6,nominal,302.35,270.13,0.43,0.46,0.8,N,2.0NRT,VIIRS_NOAA21_C2,https://firms.modaps.eosdis.nasa.gov/data/active_fire/noaa-21-viirs-c2/csv/J2_VIIRS_C2_Global_24h.csv,2026-09-22 13:46:18.797039+00:00
65d67be4dbf275dc,27.40889,8.83848,2026-09-21 01:32:00+00:00,2026-09-21,0132,N21,,0.6,nominal,303.99,279.33,0.42,0.45,0.95,N,2.0NRT,VIIRS_NOAA21_C2,https://firms.modaps.eosdis.nasa.gov/data/active_fire/noaa-21-viirs-c2/csv/J2_VIIRS_C2_Global_24h.csv,2026-09-22 13:46:18.797039+00:00
6cd153f13360d5b0,26.4341,11.84876,2026-09-21 01:32:00+00:00,2026-09-21,0132,N21,,0.6,nominal,311.93,290.1,0.33,0.55,0.99,N,2.0NRT,VIIRS_NOAA21_C2,https://firms.modaps.eosdis.nasa.gov/data/active_fire/noaa-21-viirs-c2/csv/J2_VIIRS_C2_Global_24h.csv,2026-09-22 13:46:18.797039+00:00
9cd69d8a08557975,26.43338,11.85197,2026-09-21 01:32:00+00:00,2026-09-21,0132,N21,,0.6,nominal,305.32,289.83,0.33,0.55,0.99,N,2.0NRT,VIIRS_NOAA21_C2,https://firms.modaps.eosdis.nasa.gov/data/active_fire/noaa-21-viirs-c2/csv/J2_VIIRS_C2_Global_24h.csv,2026-09-22 13:46:18.797039+00:00
da3750a9719432fe,26.03375,11.97837,2026-09-21 01:32:00+00:00,2026-09-21,0132,N21,,0.6,nominal,310.92,282.08,0.34,0.56,1.04,N,2.0NRT,VIIRS_NOAA21_C2,https://firms.modaps.eosdis.nasa.gov/data/active_fire/noaa-21-viirs-c2/csv/J2_VIIRS_C2_Global_24h.csv,2026-09-22 13:46:18.797039+00:00
33370ab376939389,28.20158,-0.51774,2026-09-21 01:32:00+00:00,2026-09-21,0132,N21,,0.6,nominal,317.34,295.79,0.46,0.39,1.88,N,2.0NRT,VIIRS_NOAA21_C2,https://firms.modaps.eosdis.nasa.gov/data/active_fire/noaa-21-viirs-c2/csv/J2_VIIRS_C2_Global_24h.csv,2026-09-22 13:46:18.797039+00:00
62f5138a0086d56b,36.77616,10.19919,2026-09-21 01:30:00+00:00,2026-09-21,0130,N21,,0.6,nominal,304.03,290.6,0.5,0.41,0.64,N,2.0NRT,VIIRS_NOAA21_C2,https://firms.modaps.eosdis.nasa.gov/data/active_fire/noaa-21-viirs-c2/csv/J2_VIIRS_C2_Global_24h.csv,2026-09-22 13:46:18.797039+00:00
13d02a8f157ac569,36.66933,9.25893,2026-09-21 01:30:00+00:00,2026-09-21,0130,N21,,0.6,nominal,327.73,288.85,0.46,0.39,4.85,N,2.0NRT,VIIRS_NOAA21_C2,https://firms.modaps.eosdis.nasa.gov/data/active_fire/noaa-21-viirs-c2/csv/J2_VIIRS_C2_Global_24h.csv,2026-09-22 13:46:18.797039+00:00
6237bc6ead081395,36.88222,6.96153,2026-09-21 01:30:00+00:00,2026-09-21,0130,N21,,0.6,nominal,304.53,292.07,0.4,0.37,1.32,N,2.0NRT,VIIRS_NOAA21_C2,https://firms.modaps.eosdis.nasa.gov/data/active_fire/noaa-21-viirs-c2/csv/J2_VIIRS_C2_Global_24h.csv,2026-09-22 13:46:18.797039+00:00
1564fa566e1a5972,36.76173,7.30911,2026-09-21 01:30:00+00:00,2026-09-21,0130,N21,,0.6,nominal,305.13,291.23,0.4,0.37,1.31,N,2.0NRT,VIIRS_NOAA21_C2,https://firms.modaps.eosdis.nasa.gov/data/active_fire/noaa-21-viirs-c2/csv/J2_VIIRS_C2_Global_24h.csv,2026-09-22 13:46:18.797039+00:00
422a60debc6844c1,36.7464,6.25683,2026-09-21 01:30:00+00:00,2026-09-21,0130,N21,,0.6,nominal,337.04,293.5,0.39,0.36,8.97,N,2.0NRT,VIIRS_NOAA21_C2,https://firms.modaps.eosdis.nasa.gov/data/active_fire/noaa-21-viirs-c2/csv/J2_VIIRS_C2_Global_24h.csv,2026-09-22 13:46:18.797039+00:00
defdce37826ba8d2,36.74969,3.08383,2026-09-21 01:30:00+00:00,2026-09-21,0130,N21,,0.6,nominal,317.73,293.36,0.41,0.37,2.21,N,2.0NRT,VIIRS_NOAA21_C2,https://firms.modaps.eosdis.nasa.gov/data/active_fire/noaa-21-viirs-c2/csv/J2_VIIRS_C2_Global_24h.csv,2026-09-22 13:46:18.797039+00:00
c4b3ef1936c0399d,36.68182,3.12116,2026-09-21 01:30:00+00:00,2026-09-21,0130,N21,,0.6,nominal,306.65,291.57,0.41,0.37,1.26,N,2.0NRT,VIIRS_NOAA21_C2,https://firms.modaps.eosdis.nasa.gov/data/active_fire/noaa-21-viirs-c2/csv/J2_VIIRS_C2_Global_24h.csv,2026-09-22 13:46:18.797039+00:00
d4490c5c13fcdab9,36.3349,5.48097,2026-09-21 01:30:00+00:00,2026-09-21,0130,N21,,0.6,nominal,314.8,288.92,0.38,0.36,1.31,N,2.0NRT,VIIRS_NOAA21_C2,https://firms.modaps.eosdis.nasa.gov/data/active_fire/noaa-21-viirs-c2/csv/J2_VIIRS_C2_Global_24h.csv,2026-09-22 13:46:18.797039+00:00
c7c5560cbab58626,37.3616,-5.86489,2026-09-21 03:10:00+00:00,2026-09-21,0310,N21,,0.6,nominal,302.09,291.2,0.49,0.65,0.93,N,2.0NRT,VIIRS_NOAA21_C2,https://firms.modaps.eosdis.nasa.gov/data/active_fire/noaa-21-viirs-c2/csv/J2_VIIRS_C2_Global_24h.csv,2026-09-22 13:46:18.797039+00:00
519a71261c345b65,36.73069,-5.9121,2026-09-21 03:10:00+00:00,2026-09-21,0310,N21,,0.6,nominal,334.78,292.85,0.51,0.66,3.33,N,2.0NRT,VIIRS_NOAA21_C2,https://firms.modaps.eosdis.nasa.gov/data/active_fire/noaa-21-viirs-c2/csv/J2_VIIRS_C2_Global_24h.csv,2026-09-22 13:46:18.797039+00:00
b63827e5eb1398da,36.73224,-5.91756,2026-09-21 03:10:00+00:00,2026-09-21,0310,N21,,0.6,nominal,304.12,292.07,0.5,0.66,3.33,N,2.0NRT,VIIRS_NOAA21_C2,https://firms.modaps.eosdis.nasa.gov/data/active_fire/noaa-21-viirs-c2/csv/J2_VIIRS_C2_Global_24h.csv,2026-09-22 13:46:18.797039+00:00
5bf043bd1a5755c7,35.18213,-5.27138,2026-09-21 03:10:00+00:00,2026-09-21,0310,N21,,0.6,nominal,304.7,289.01,0.6,0.71,1.18,N,2.0NRT,VIIRS_NOAA21_C2,https://firms.modaps.eosdis.nasa.gov/data/active_fire/noaa-21-viirs-c2/csv/J2_VIIRS_C2_Global_24h.csv,2026-09-22 13:46:18.797039+00:00
030a3ae99d5cdf14,28.4486,9.13891,2026-09-21 12:49:00+00:00,2026-09-21,1249,N21,,0.2,low,340.78,313.38,0.52,0.41,26.61,D,2.0NRT,VIIRS_NOAA21_C2,https://firms.modaps.eosdis.nasa.gov/data/active_fire/noaa-21-viirs-c2/csv/J2_VIIRS_C2_Global_24h.csv,2026-09-22 13:46:18.797039+00:00
ea0cec831e110eef,28.44797,9.13684,2026-09-21 12:49:00+00:00,2026-09-21,1249,N21,,0.2,low,341.42,313.4,0.52,0.41,27.77,D,2.0NRT,VIIRS_NOAA21_C2,https://firms.modaps.eosdis.nasa.gov/data/active_fire/noaa-21-viirs-c2/csv/J2_VIIRS_C2_Global_24h.csv,2026-09-22 13:46:18.797039+00:00
e1065bca462445e8,28.73802,9.7913,2026-09-21 12:49:00+00:00,2026-09-21,1249,N21,,0.2,low,336.2,308.21,0.57,0.43,9.35,D,2.0NRT,VIIRS_NOAA21_C2,https://firms.modaps.eosdis.nasa.gov/data/active_fire/noaa-21-viirs-c2/csv/J2_VIIRS_C2_Global_24h.csv,2026-09-22 13:46:18.797039+00:00
ba846d05c7a7d1b2,28.73708,9.78964,2026-09-21 12:49:00+00:00,2026-09-21,1249,N21,,0.2,low,337.51,307.9,0.57,0.43,10.53,D,2.0NRT,VIIRS_NOAA21_C2,https://firms.modaps.eosdis.nasa.gov/data/active_fire/noaa-21-viirs-c2/csv/J2_VIIRS_C2_Global_24h.csv,2026-09-22 13:46:18.797039+00:00
bd598efefc3a9589,28.61182,7.5003,2026-09-21 12:49:00+00:00,2026-09-21,1249,N21,,0.2,low,338.85,312.14,0.44,0.38,11.11,D,2.0NRT,VIIRS_NOAA21_C2,https://firms.modaps.eosdis.nasa.gov/data/active_fire/noaa-21-viirs-c2/csv/J2_VIIRS_C2_Global_24h.csv,2026-09-22 13:46:18.797039+00:00
67cbfc30fac89dc4,28.91188,9.74455,2026-09-21 12:49:00+00:00,2026-09-21,1249,N21,,0.2,low,337.57,311.25,0.57,0.43,6.18,D,2.0NRT,VIIRS_NOAA21_C2,https://firms.modaps.eosdis.nasa.gov/data/active_fire/noaa-21-viirs-c2/csv/J2_VIIRS_C2_Global_24h.csv,2026-09-22 13:46:18.797039+00:00
4c6697c85045d7fa,28.91582,9.74397,2026-09-21 12:49:00+00:00,2026-09-21,1249,N21,,0.2,low,338.53,309.93,0.57,0.43,6.18,D,2.0NRT,VIIRS_NOAA21_C2,https://firms.modaps.eosdis.nasa.gov/data/active_fire/noaa-21-viirs-c2/csv/J2_VIIRS_C2_Global_24h.csv,2026-09-22 13:46:18.797039+00:00
c22f3f2223b97ec0,28.20088,-0.5161,2026-09-21 12:49:00+00:00,2026-09-21,1249,N21,,0.6,nominal,345.65,314.38,0.55,0.42,4.04,D,2.0NRT,VIIRS_NOAA21_C2,https://firms.modaps.eosdis.nasa.gov/data/active_fire/noaa-21-viirs-c2/csv/J2_VIIRS_C2_Global_24h.csv,2026-09-22 13:46:18.797039+00:00
843dedabed5fd085,30.25125,8.08463,2026-09-21 12:49:00+00:00,2026-09-21,1249,N21,,0.6,nominal,348.81,311.16,0.48,0.4,11.25,D,2.0NRT,VIIRS_NOAA21_C2,https://firms.modaps.eosdis.nasa.gov/data/active_fire/noaa-21-viirs-c2/csv/J2_VIIRS_C2_Global_24h.csv,2026-09-22 13:46:18.797039+00:00
d7e0aae395cc569c,30.25492,8.08404,2026-09-21 12:49:00+00:00,2026-09-21,1249,N21,,0.6,nominal,349.92,313.64,0.48,0.4,32.98,D,2.0NRT,VIIRS_NOAA21_C2,https://firms.modaps.eosdis.nasa.gov/data/active_fire/noaa-21-viirs-c2/csv/J2_VIIRS_C2_Global_24h.csv,2026-09-22 13:46:18.797039+00:00
79e7f9cfb8403471,30.3296,7.7876,2026-09-21 12:49:00+00:00,2026-09-21,1249,N21,,0.2,low,339.75,310.34,0.47,0.4,8.58,D,2.0NRT,VIIRS_NOAA21_C2,https://firms.modaps.eosdis.nasa.gov/data/active_fire/noaa-21-viirs-c2/csv/J2_VIIRS_C2_Global_24h.csv,2026-09-22 13:46:18.797039+00:00
4e68cabf05fac94e,30.37472,7.01302,2026-09-21 12:49:00+00:00,2026-09-21,1249,N21,,0.2,low,339.39,309.51,0.44,0.38,9.48,D,2.0NRT,VIIRS_NOAA21_C2,https://firms.modaps.eosdis.nasa.gov/data/active_fire/noaa-21-viirs-c2/csv/J2_VIIRS_C2_Global_24h.csv,2026-09-22 13:46:18.797039+00:00
ccbe169968476db6,30.61002,8.26072,2026-09-21 12:49:00+00:00,2026-09-21,1249,N21,,0.6,nominal,342.42,310.78,0.5,0.41,11.34,D,2.0NRT,VIIRS_NOAA21_C2,https://firms.modaps.eosdis.nasa.gov/data/active_fire/noaa-21-viirs-c2/csv/J2_VIIRS_C2_Global_24h.csv,2026-09-22 13:46:18.797039+00:00
1a34e73d11d27426,31.31994,11.807,2026-09-21 12:49:00+00:00,2026-09-21,1249,N21,,0.6,nominal,338.32,306.96,0.53,0.5,7.33,D,2.0NRT,VIIRS_NOAA21_C2,https://firms.modaps.eosdis.nasa.gov/data/active_fire/noaa-21-viirs-c2/csv/J2_VIIRS_C2_Global_24h.csv,2026-09-22 13:46:18.797039+00:00
709d4c9bf7f6cc8f,31.31946,11.80147,2026-09-21 12:49:00+00:00,2026-09-21,1249,N21,,0.6,nominal,341.42,307.4,0.53,0.5,7.33,D,2.0NRT,VIIRS_NOAA21_C2,https://firms.modaps.eosdis.nasa.gov/data/active_fire/noaa-21-viirs-c2/csv/J2_VIIRS_C2_Global_24h.csv,2026-09-22 13:46:18.797039+00:00
777f31841877d96d,31.05623,8.03279,2026-09-21 12:49:00+00:00,2026-09-21,1249,N21,,0.6,nominal,343.86,306.74,0.49,0.4,19.35,D,2.0NRT,VIIRS_NOAA21_C2,https://firms.modaps.eosdis.nasa.gov/data/active_fire/noaa-21-viirs-c2/csv/J2_VIIRS_C2_Global_24h.csv,2026-09-22 13:46:18.797039+00:00
a652bcafd129a861,31.39616,6.93237,2026-09-21 12:49:00+00:00,2026-09-21,1249,N21,,0.6,nominal,338.22,299.35,0.44,0.39,5.46,D,2.0NRT,VIIRS_NOAA21_C2,https://firms.modaps.eosdis.nasa.gov/data/active_fire/noaa-21-viirs-c2/csv/J2_VIIRS_C2_Global_24h.csv,2026-09-22 13:46:18.797039+00:00
9e4422e3d641cacf,32.25648,-6.66767,2026-09-21 12:51:00+00:00,2026-09-21,1251,N21,,0.2,low,335.55,306.85,0.34,0.56,4.82,D,2.0NRT,VIIRS_NOAA21_C2,https://firms.modaps.eosdis.nasa.gov/data/active_fire/noaa-21-viirs-c2/csv/J2_VIIRS_C2_Global_24h.csv,2026-09-22 13:46:18.797039+00:00
776a06e8d7512dbd,32.84618,-6.94103,2026-09-21 12:51:00+00:00,2026-09-21,1251,N21,,0.2,low,335.12,309.7,0.34,0.56,1.92,D,2.0NRT,VIIRS_NOAA21_C2,https://firms.modaps.eosdis.nasa.gov/data/active_fire/noaa-21-viirs-c2/csv/J2_VIIRS_C2_Global_24h.csv,2026-09-22 13:46:18.797039+00:00
1c2cc85be6d3ef59,34.53158,0.808,2026-09-21 12:51:00+00:00,2026-09-21,1251,N21,,0.6,nominal,337.88,304.61,0.41,0.37,3.88,D,2.0NRT,VIIRS_NOAA21_C2,https://firms.modaps.eosdis.nasa.gov/data/active_fire/noaa-21-viirs-c2/csv/J2_VIIRS_C2_Global_24h.csv,2026-09-22 13:46:18.797039+00:00
5d721c4f17ad6052,34.5342,0.80283,2026-09-21 12:51:00+00:00,2026-09-21,1251,N21,,0.6,nominal,340.64,303.67,0.41,0.37,5.95,D,2.0NRT,VIIRS_NOAA21_C2,https://firms.modaps.eosdis.nasa.gov/data/active_fire/noaa-21-viirs-c2/csv/J2_VIIRS_C2_Global_24h.csv,2026-09-22 13:46:18.797039+00:00
b285448f2a1b9eb1,27.70187,9.17652,2026-09-21 12:49:00+00:00,2026-09-21,1249,N21,,0.6,nominal,341.65,308.72,0.51,0.41,17.88,D,2.0NRT,VIIRS_NOAA21_C2,https://firms.modaps.eosdis.nasa.gov/data/active_fire/noaa-21-viirs-c2/csv/J2_VIIRS_C2_Global_24h.csv,2026-09-22 13:46:18.797039+00:00
b3bab926db80ceda,33.97971,-3.23576,2026-09-21 12:51:00+00:00,2026-09-21,1251,N21,,0.6,nominal,335.88,305.48,0.4,0.44,2.72,D,2.0NRT,VIIRS_NOAA21_C2,https://firms.modaps.eosdis.nasa.gov/data/active_fire/noaa-21-viirs-c2/csv/J2_VIIRS_C2_Global_24h.csv,2026-09-22 13:46:18.797039+00:00
3a7ce43abcef1b12,27.75652,9.18416,2026-09-21 12:49:00+00:00,2026-09-21,1249,N21,,0.6,nominal,341.86,311.33,0.51,0.41,38.92,D,2.0NRT,VIIRS_NOAA21_C2,https://firms.modaps.eosdis.nasa.gov/data/active_fire/noaa-21-viirs-c2/csv/J2_VIIRS_C2_Global_24h.csv,2026-09-22 13:46:18.797039+00:00
c7a51be46369206c,35.11605,0.74644,2026-09-21 12:51:00+00:00,2026-09-21,1251,N21,,0.6,nominal,339.37,305.87,0.4,0.37,14.07,D,2.0NRT,VIIRS_NOAA21_C2,https://firms.modaps.eosdis.nasa.gov/data/active_fire/noaa-21-viirs-c2/csv/J2_VIIRS_C2_Global_24h.csv,2026-09-22 13:46:18.797039+00:00
c5ae2e10570e6b5c,28.07946,9.78936,2026-09-21 12:49:00+00:00,2026-09-21,1249,N21,,0.6,nominal,341.73,309.31,0.56,0.43,12.01,D,2.0NRT,VIIRS_NOAA21_C2,https://firms.modaps.eosdis.nasa.gov/data/active_fire/noaa-21-viirs-c2/csv/J2_VIIRS_C2_Global_24h.csv,2026-09-22 13:46:18.797039+00:00
b7fb1cf9f3b24935,36.23954,7.20397,2026-09-21 12:51:00+00:00,2026-09-21,1251,N21,,0.6,nominal,333.48,298.45,0.51,0.41,5.64,D,2.0NRT,VIIRS_NOAA21_C2,https://firms.modaps.eosdis.nasa.gov/data/active_fire/noaa-21-viirs-c2/csv/J2_VIIRS_C2_Global_24h.csv,2026-09-22 13:46:18.797039+00:00
518d4466a3b992af,35.63243,1.68117,2026-09-21 12:51:00+00:00,2026-09-21,1251,N21,,0.6,nominal,337.37,307.16,0.39,0.36,3.09,D,2.0NRT,VIIRS_NOAA21_C2,https://firms.modaps.eosdis.nasa.gov/data/active_fire/noaa-21-viirs-c2/csv/J2_VIIRS_C2_Global_24h.csv,2026-09-22 13:46:18.797039+00:00
4a4430a03e99bf77,34.45623,-4.61003,2026-09-21 12:51:00+00:00,2026-09-21,1251,N21,,0.6,nominal,339.61,308.61,0.46,0.47,1.51,D,2.0NRT,VIIRS_NOAA21_C2,https://firms.modaps.eosdis.nasa.gov/data/active_fire/noaa-21-viirs-c2/csv/J2_VIIRS_C2_Global_24h.csv,2026-09-22 13:46:18.797039+00:00
27b792fc985e7ad4,36.41112,6.33328,2026-09-21 12:51:00+00:00,2026-09-21,1251,N21,,0.2,low,335.41,309.03,0.47,0.4,4.6,D,2.0NRT,VIIRS_NOAA21_C2,https://firms.modaps.eosdis.nasa.gov/data/active_fire/noaa-21-viirs-c2/csv/J2_VIIRS_C2_Global_24h.csv,2026-09-22 13:46:18.797039+00:00
07c1c93a3173fe58,36.79786,9.36973,2026-09-21 12:51:00+00:00,2026-09-21,1251,N21,,0.6,nominal,338.05,296.21,0.44,0.46,2.7,D,2.0NRT,VIIRS_NOAA21_C2,https://firms.modaps.eosdis.nasa.gov/data/active_fire/noaa-21-viirs-c2/csv/J2_VIIRS_C2_Global_24h.csv,2026-09-22 13:46:18.797039+00:00
ccd3f372fe79c39e,36.78881,9.22611,2026-09-21 12:51:00+00:00,2026-09-21,1251,N21,,0.6,nominal,349.99,301.99,0.44,0.46,7.58,D,2.0NRT,VIIRS_NOAA21_C2,https://firms.modaps.eosdis.nasa.gov/data/active_fire/noaa-21-viirs-c2/csv/J2_VIIRS_C2_Global_24h.csv,2026-09-22 13:46:18.797039+00:00
67902c6fcf7abaaa,36.22918,3.25074,2026-09-21 12:51:00+00:00,2026-09-21,1251,N21,,0.6,nominal,342.08,308.25,0.39,0.36,5.63,D,2.0NRT,VIIRS_NOAA21_C2,https://firms.modaps.eosdis.nasa.gov/data/active_fire/noaa-21-viirs-c2/csv/J2_VIIRS_C2_Global_24h.csv,2026-09-22 13:46:18.797039+00:00
2628c46cc947ad29,36.74492,6.25611,2026-09-21 12:51:00+00:00,2026-09-21,1251,N21,,0.6,nominal,336.78,304.84,0.47,0.4,7.51,D,2.0NRT,VIIRS_NOAA21_C2,https://firms.modaps.eosdis.nasa.gov/data/active_fire/noaa-21-viirs-c2/csv/J2_VIIRS_C2_Global_24h.csv,2026-09-22 13:46:18.797039+00:00
5e9d2288bb81fd12,35.80977,-0.25603,2026-09-21 12:51:00+00:00,2026-09-21,1251,N21,,0.6,nominal,336.3,305.74,0.42,0.38,1.84,D,2.0NRT,VIIRS_NOAA21_C2,https://firms.modaps.eosdis.nasa.gov/data/active_fire/noaa-21-viirs-c2/csv/J2_VIIRS_C2_Global_24h.csv,2026-09-22 13:46:18.797039+00:00
5686a218075fea2b,35.81414,-0.27156,2026-09-21 12:51:00+00:00,2026-09-21,1251,N21,,0.6,nominal,337.79,306.3,0.42,0.38,2.11,D,2.0NRT,VIIRS_NOAA21_C2,https://firms.modaps.eosdis.nasa.gov/data/active_fire/noaa-21-viirs-c2/csv/J2_VIIRS_C2_Global_24h.csv,2026-09-22 13:46:18.797039+00:00
7d40b9f46dd268de,36.86874,6.98124,2026-09-21 12:51:00+00:00,2026-09-21,1251,N21,,0.6,nominal,335.04,300.48,0.51,0.41,7.89,D,2.0NRT,VIIRS_NOAA21_C2,https://firms.modaps.eosdis.nasa.gov/data/active_fire/noaa-21-viirs-c2/csv/J2_VIIRS_C2_Global_24h.csv,2026-09-22 13:46:18.797039+00:00
e60c6a8cc05af524,37.24585,9.59421,2026-09-21 12:51:00+00:00,2026-09-21,1251,N21,,0.6,nominal,336.34,296.93,0.46,0.47,5.54,D,2.0NRT,VIIRS_NOAA21_C2,https://firms.modaps.eosdis.nasa.gov/data/active_fire/noaa-21-viirs-c2/csv/J2_VIIRS_C2_Global_24h.csv,2026-09-22 13:46:18.797039+00:00
fca2221397667ee8,36.01823,0.12661,2026-09-21 12:51:00+00:00,2026-09-21,1251,N21,,0.6,nominal,336.24,302.02,0.41,0.37,2.19,D,2.0NRT,VIIRS_NOAA21_C2,https://firms.modaps.eosdis.nasa.gov/data/active_fire/noaa-21-viirs-c2/csv/J2_VIIRS_C2_Global_24h.csv,2026-09-22 13:46:18.797039+00:00
c6931620d9c1a0a2,36.59748,3.13885,2026-09-21 12:51:00+00:00,2026-09-21,1251,N21,,0.2,low,330.52,304.64,0.39,0.36,1.01,D,2.0NRT,VIIRS_NOAA21_C2,https://firms.modaps.eosdis.nasa.gov/data/active_fire/noaa-21-viirs-c2/csv/J2_VIIRS_C2_Global_24h.csv,2026-09-22 13:46:18.797039+00:00
7a2fb7990b7a491c,36.74952,3.08355,2026-09-21 12:51:00+00:00,2026-09-21,1251,N21,,0.6,nominal,334.01,305.18,0.39,0.36,0.99,D,2.0NRT,VIIRS_NOAA21_C2,https://firms.modaps.eosdis.nasa.gov/data/active_fire/noaa-21-viirs-c2/csv/J2_VIIRS_C2_Global_24h.csv,2026-09-22 13:46:18.797039+00:00
e9eadf355a4ac3da,37.0067,-5.77279,2026-09-21 12:51:00+00:00,2026-09-21,1251,N21,,0.6,nominal,342.22,310.78,0.47,0.47,4.88,D,2.0NRT,VIIRS_NOAA21_C2,https://firms.modaps.eosdis.nasa.gov/data/active_fire/noaa-21-viirs-c2/csv/J2_VIIRS_C2_Global_24h.csv,2026-09-22 13:46:18.797039+00:00
98324b81b88df954,37.00375,-5.77537,2026-09-21 12:51:00+00:00,2026-09-21,1251,N21,,0.6,nominal,336.42,310.74,0.47,0.47,2.27,D,2.0NRT,VIIRS_NOAA21_C2,https://firms.modaps.eosdis.nasa.gov/data/active_fire/noaa-21-viirs-c2/csv/J2_VIIRS_C2_Global_24h.csv,2026-09-22 13:46:18.797039+00:00
e9f2f21f70bd8311,37.00798,-5.77683,2026-09-21 12:51:00+00:00,2026-09-21,1251,N21,,0.2,low,334.24,308.75,0.47,0.47,2.27,D,2.0NRT,VIIRS_NOAA21_C2,https://firms.modaps.eosdis.nasa.gov/data/active_fire/noaa-21-viirs-c2/csv/J2_VIIRS_C2_Global_24h.csv,2026-09-22 13:46:18.797039+00:00
eac98b3879556ff3,37.30128,-5.35957,2026-09-21 12:51:00+00:00,2026-09-21,1251,N21,,0.6,nominal,341.33,308.53,0.44,0.46,6.86,D,2.0NRT,VIIRS_NOAA21_C2,https://firms.modaps.eosdis.nasa.gov/data/active_fire/noaa-21-viirs-c2/csv/J2_VIIRS_C2_Global_24h.csv,2026-09-22 13:46:18.797039+00:00
473c1d03993f2434,37.8391,-4.70194,2026-09-21 12:53:00+00:00,2026-09-21,1253,N21,,0.6,nominal,342.65,314.41,0.4,0.44,9.29,D,2.0NRT,VIIRS_NOAA21_C2,https://firms.modaps.eosdis.nasa.gov/data/active_fire/noaa-21-viirs-c2/csv/J2_VIIRS_C2_Global_24h.csv,2026-09-22 13:46:18.797039+00:00
ba78ff848f538273,31.71385,-7.67614,2026-09-21 14:29:00+00:00,2026-09-21,1429,N21,,1.0,high,367.0,312.45,0.6,0.71,12.77,D,2.0NRT,VIIRS_NOAA21_C2,https://firms.modaps.eosdis.nasa.gov/data/active_fire/noaa-21-viirs-c2/csv/J2_VIIRS_C2_Global_24h.csv,2026-09-22 13:46:18.797039+00:00
77f88c0815a12144,31.71408,-7.6746,2026-09-21 14:29:00+00:00,2026-09-21,1429,N21,,1.0,high,367.0,312.13,0.6,0.71,13.52,D,2.0NRT,VIIRS_NOAA21_C2,https://firms.modaps.eosdis.nasa.gov/data/active_fire/noaa-21-viirs-c2/csv/J2_VIIRS_C2_Global_24h.csv,2026-09-22 13:46:18.797039+00:00
d1611d3a0bf5b848,31.00339,10.06272,2026-09-22 01:11:00+00:00,2026-09-22,0111,N21,,0.6,nominal,307.25,290.27,0.4,0.37,1.09,N,2.0NRT,VIIRS_NOAA21_C2,https://firms.modaps.eosdis.nasa.gov/data/active_fire/noaa-21-viirs-c2/csv/J2_VIIRS_C2_Global_24h.csv,2026-09-22 13:46:18.797039+00:00
1320bd5c9b8cbb09,33.1409,3.36637,2026-09-22 01:11:00+00:00,2026-09-22,0111,N21,,0.6,nominal,301.47,285.18,0.57,0.43,0.55,N,2.0NRT,VIIRS_NOAA21_C2,https://firms.modaps.eosdis.nasa.gov/data/active_fire/noaa-21-viirs-c2/csv/J2_VIIRS_C2_Global_24h.csv,2026-09-22 13:46:18.797039+00:00
a871c9923ca79475,33.13043,3.31525,2026-09-22 01:11:00+00:00,2026-09-22,0111,N21,,0.6,nominal,296.96,285.32,0.57,0.43,1.18,N,2.0NRT,VIIRS_NOAA21_C2,https://firms.modaps.eosdis.nasa.gov/data/active_fire/noaa-21-viirs-c2/csv/J2_VIIRS_C2_Global_24h.csv,2026-09-22 13:46:18.797039+00:00
705b7e8f1eb23e07,33.12645,3.31467,2026-09-22 01:11:00+00:00,2026-09-22,0111,N21,,0.6,nominal,295.88,285.08,0.57,0.43,1.21,N,2.0NRT,VIIRS_NOAA21_C2,https://firms.modaps.eosdis.nasa.gov/data/active_fire/noaa-21-viirs-c2/csv/J2_VIIRS_C2_Global_24h.csv,2026-09-22 13:46:18.797039+00:00
30b7e8cb9354f935,33.12578,3.32079,2026-09-22 01:11:00+00:00,2026-09-22,0111,N21,,0.6,nominal,305.35,286.18,0.57,0.43,1.21,N,2.0NRT,VIIRS_NOAA21_C2,https://firms.modaps.eosdis.nasa.gov/data/active_fire/noaa-21-viirs-c2/csv/J2_VIIRS_C2_Global_24h.csv,2026-09-22 13:46:18.797039+00:00
22cf9ec7d79c4cc5,31.95527,11.14658,2026-09-22 01:11:00+00:00,2026-09-22,0111,N21,,0.6,nominal,325.13,291.59,0.42,0.38,3.23,N,2.0NRT,VIIRS_NOAA21_C2,https://firms.modaps.eosdis.nasa.gov/data/active_fire/noaa-21-viirs-c2/csv/J2_VIIRS_C2_Global_24h.csv,2026-09-22 13:46:18.797039+00:00
07f8be2b7eb3a16a,32.9491,3.22996,2026-09-22 01:11:00+00:00,2026-09-22,0111,N21,,0.6,nominal,299.66,281.58,0.38,0.43,0.84,N,2.0NRT,VIIRS_NOAA21_C2,https://firms.modaps.eosdis.nasa.gov/data/active_fire/noaa-21-viirs-c2/csv/J2_VIIRS_C2_Global_24h.csv,2026-09-22 13:46:18.797039+00:00
c76d9ad465329d28,32.94512,3.22934,2026-09-22 01:11:00+00:00,2026-09-22,0111,N21,,0.6,nominal,300.12,280.79,0.38,0.43,0.61,N,2.0NRT,VIIRS_NOAA21_C2,https://firms.modaps.eosdis.nasa.gov/data/active_fire/noaa-21-viirs-c2/csv/J2_VIIRS_C2_Global_24h.csv,2026-09-22 13:46:18.797039+00:00
e0082f66ba31d631,32.93669,3.23225,2026-09-22 01:11:00+00:00,2026-09-22,0111,N21,,0.6,nominal,300.33,282.13,0.38,0.43,1.44,N,2.0NRT,VIIRS_NOAA21_C2,https://firms.modaps.eosdis.nasa.gov/data/active_fire/noaa-21-viirs-c2/csv/J2_VIIRS_C2_Global_24h.csv,2026-09-22 13:46:18.797039+00:00
6723d445e962d239,32.93362,3.22343,2026-09-22 01:11:00+00:00,2026-09-22,0111,N21,,0.6,nominal,299.57,283.6,0.38,0.43,1.08,N,2.0NRT,VIIRS_NOAA21_C2,https://firms.modaps.eosdis.nasa.gov/data/active_fire/noaa-21-viirs-c2/csv/J2_VIIRS_C2_Global_24h.csv,2026-09-22 13:46:18.797039+00:00
b4ecaa84d8bd8cbc,32.74759,3.18031,2026-09-22 01:11:00+00:00,2026-09-22,0111,N21,,0.6,nominal,309.33,277.98,0.38,0.43,1.87,N,2.0NRT,VIIRS_NOAA21_C2,https://firms.modaps.eosdis.nasa.gov/data/active_fire/noaa-21-viirs-c2/csv/J2_VIIRS_C2_Global_24h.csv,2026-09-22 13:46:18.797039+00:00
d0380becfb97c13e,32.2271,6.71807,2026-09-22 01:11:00+00:00,2026-09-22,0111,N21,,0.6,nominal,314.34,279.71,0.41,0.37,1.46,N,2.0NRT,VIIRS_NOAA21_C2,https://firms.modaps.eosdis.nasa.gov/data/active_fire/noaa-21-viirs-c2/csv/J2_VIIRS_C2_Global_24h.csv,2026-09-22 13:46:18.797039+00:00
3348ac652bd03194,31.31717,11.80246,2026-09-22 01:11:00+00:00,2026-09-22,0111,N21,,0.6,nominal,328.24,292.35,0.45,0.39,3.31,N,2.0NRT,VIIRS_NOAA21_C2,https://firms.modaps.eosdis.nasa.gov/data/active_fire/noaa-21-viirs-c2/csv/J2_VIIRS_C2_Global_24h.csv,2026-09-22 13:46:18.797039+00:00
b1f55a9f759f82f4,32.55629,3.16859,2026-09-22 01:11:00+00:00,2026-09-22,0111,N21,,0.6,nominal,312.14,279.7,0.38,0.43,1.52,N,2.0NRT,VIIRS_NOAA21_C2,https://firms.modaps.eosdis.nasa.gov/data/active_fire/noaa-21-viirs-c2/csv/J2_VIIRS_C2_Global_24h.csv,2026-09-22 13:46:18.797039+00:00
c9573cf51cdb4347,32.13497,6.47145,2026-09-22 01:11:00+00:00,2026-09-22,0111,N21,,0.6,nominal,326.71,290.2,0.41,0.37,7.79,N,2.0NRT,VIIRS_NOAA21_C2,https://firms.modaps.eosdis.nasa.gov/data/active_fire/noaa-21-viirs-c2/csv/J2_VIIRS_C2_Global_24h.csv,2026-09-22 13:46:18.797039+00:00
9c2a9c42d9db1036,31.85098,6.0419,2026-09-22 01:11:00+00:00,2026-09-22,0111,N21,,0.6,nominal,301.34,288.63,0.42,0.38,0.88,N,2.0NRT,VIIRS_NOAA21_C2,https://firms.modaps.eosdis.nasa.gov/data/active_fire/noaa-21-viirs-c2/csv/J2_VIIRS_C2_Global_24h.csv,2026-09-22 13:46:18.797039+00:00
3e0c280f629e35ac,31.84976,6.05081,2026-09-22 01:11:00+00:00,2026-09-22,0111,N21,,0.6,nominal,318.59,288.96,0.42,0.38,2.12,N,2.0NRT,VIIRS_NOAA21_C2,https://firms.modaps.eosdis.nasa.gov/data/active_fire/noaa-21-viirs-c2/csv/J2_VIIRS_C2_Global_24h.csv,2026-09-22 13:46:18.797039+00:00
47272bea765176a9,31.84631,6.05019,2026-09-22 01:11:00+00:00,2026-09-22,0111,N21,,0.6,nominal,300.29,289.16,0.42,0.38,0.63,N,2.0NRT,VIIRS_NOAA21_C2,https://firms.modaps.eosdis.nasa.gov/data/active_fire/noaa-21-viirs-c2/csv/J2_VIIRS_C2_Global_24h.csv,2026-09-22 13:46:18.797039+00:00
da44335b1e47c42b,31.84347,6.04512,2026-09-22 01:11:00+00:00,2026-09-22,0111,N21,,0.6,nominal,299.95,289.83,0.42,0.38,0.63,N,2.0NRT,VIIRS_NOAA21_C2,https://firms.modaps.eosdis.nasa.gov/data/active_fire/noaa-21-viirs-c2/csv/J2_VIIRS_C2_Global_24h.csv,2026-09-22 13:46:18.797039+00:00
63d2ff9f48b238bb,31.79911,6.05973,2026-09-22 01:11:00+00:00,2026-09-22,0111,N21,,0.6,nominal,311.43,288.9,0.42,0.38,1.02,N,2.0NRT,VIIRS_NOAA21_C2,https://firms.modaps.eosdis.nasa.gov/data/active_fire/noaa-21-viirs-c2/csv/J2_VIIRS_C2_Global_24h.csv,2026-09-22 13:46:18.797039+00:00
43ac27110dad7a99,31.78758,6.06668,2026-09-22 01:11:00+00:00,2026-09-22,0111,N21,,0.6,nominal,317.8,288.72,0.42,0.38,1.88,N,2.0NRT,VIIRS_NOAA21_C2,https://firms.modaps.eosdis.nasa.gov/data/active_fire/noaa-21-viirs-c2/csv/J2_VIIRS_C2_Global_24h.csv,2026-09-22 13:46:18.797039+00:00
58fcd19bc138c6ef,31.68774,6.18503,2026-09-22 01:11:00+00:00,2026-09-22,0111,N21,,0.6,nominal,298.63,288.6,0.42,0.38,0.38,N,2.0NRT,VIIRS_NOAA21_C2,https://firms.modaps.eosdis.nasa.gov/data/active_fire/noaa-21-viirs-c2/csv/J2_VIIRS_C2_Global_24h.csv,2026-09-22 13:46:18.797039+00:00
9dab9b55cd084022,31.69645,5.96481,2026-09-22 01:11:00+00:00,2026-09-22,0111,N21,,0.6,nominal,299.71,288.41,0.42,0.38,0.26,N,2.0NRT,VIIRS_NOAA21_C2,https://firms.modaps.eosdis.nasa.gov/data/active_fire/noaa-21-viirs-c2/csv/J2_VIIRS_C2_Global_24h.csv,2026-09-22 13:46:18.797039+00:00
63843e7ffc73a5f4,31.6782,6.04792,2026-09-22 01:11:00+00:00,2026-09-22,0111,N21,,0.6,nominal,304.7,289.08,0.42,0.38,0.56,N,2.0NRT,VIIRS_NOAA21_C2,https://firms.modaps.eosdis.nasa.gov/data/active_fire/noaa-21-viirs-c2/csv/J2_VIIRS_C2_Global_24h.csv,2026-09-22 13:46:18.797039+00:00
96a7499ccb192634,31.66728,6.05042,2026-09-22 01:11:00+00:00,2026-09-22,0111,N21,,0.6,nominal,316.4,289.18,0.42,0.38,3.84,N,2.0NRT,VIIRS_NOAA21_C2,https://firms.modaps.eosdis.nasa.gov/data/active_fire/noaa-21-viirs-c2/csv/J2_VIIRS_C2_Global_24h.csv,2026-09-22 13:46:18.797039+00:00
f5cc37c9c8050399,31.66669,6.05484,2026-09-22 01:11:00+00:00,2026-09-22,0111,N21,,0.6,nominal,315.86,289.32,0.42,0.38,3.84,N,2.0NRT,VIIRS_NOAA21_C2,https://firms.modaps.eosdis.nasa.gov/data/active_fire/noaa-21-viirs-c2/csv/J2_VIIRS_C2_Global_24h.csv,2026-09-22 13:46:18.797039+00:00
15928455f770f296,31.66384,6.04977,2026-09-22 01:11:00+00:00,2026-09-22,0111,N21,,0.6,nominal,331.86,289.74,0.42,0.38,3.84,N,2.0NRT,VIIRS_NOAA21_C2,https://firms.modaps.eosdis.nasa.gov/data/active_fire/noaa-21-viirs-c2/csv/J2_VIIRS_C2_Global_24h.csv,2026-09-22 13:46:18.797039+00:00
d3ac9f02e7f4c530,31.66325,6.05419,2026-09-22 01:11:00+00:00,2026-09-22,0111,N21,,0.6,nominal,342.67,290.98,0.42,0.38,3.84,N,2.0NRT,VIIRS_NOAA21_C2,https://firms.modaps.eosdis.nasa.gov/data/active_fire/noaa-21-viirs-c2/csv/J2_VIIRS_C2_Global_24h.csv,2026-09-22 13:46:18.797039+00:00
f6355bfc7198128e,31.66265,6.05861,2026-09-22 01:11:00+00:00,2026-09-22,0111,N21,,0.6,nominal,342.94,291.19,0.42,0.38,6.15,N,2.0NRT,VIIRS_NOAA21_C2,https://firms.modaps.eosdis.nasa.gov/data/active_fire/noaa-21-viirs-c2/csv/J2_VIIRS_C2_Global_24h.csv,2026-09-22 13:46:18.797039+00:00
c4652e77ea2d2c25,31.66206,6.06303,2026-09-22 01:11:00+00:00,2026-09-22,0111,N21,,0.6,nominal,308.4,288.81,0.42,0.38,6.15,N,2.0NRT,VIIRS_NOAA21_C2,https://firms.modaps.eosdis.nasa.gov/data/active_fire/noaa-21-viirs-c2/csv/J2_VIIRS_C2_Global_24h.csv,2026-09-22 13:46:18.797039+00:00
e940cbaa35bcc682,31.65922,6.05797,2026-09-22 01:11:00+00:00,2026-09-22,0111,N21,,0.6,nominal,303.65,288.99,0.42,0.38,0.68,N,2.0NRT,VIIRS_NOAA21_C2,https://firms.modaps.eosdis.nasa.gov/data/active_fire/noaa-21-viirs-c2/csv/J2_VIIRS_C2_Global_24h.csv,2026-09-22 13:46:18.797039+00:00
9ce57a247c5e077c,31.65863,6.06238,2026-09-22 01:11:00+00:00,2026-09-22,0111,N21,,0.6,nominal,302.33,288.86,0.42,0.38,0.68,N,2.0NRT,VIIRS_NOAA21_C2,https://firms.modaps.eosdis.nasa.gov/data/active_fire/noaa-21-viirs-c2/csv/J2_VIIRS_C2_Global_24h.csv,2026-09-22 13:46:18.797039+00:00
04e41b6839dd4467,31.68904,5.80736,2026-09-22 01:11:00+00:00,2026-09-22,0111,N21,,0.6,nominal,300.85,288.56,0.43,0.38,0.73,N,2.0NRT,VIIRS_NOAA21_C2,https://firms.modaps.eosdis.nasa.gov/data/active_fire/noaa-21-viirs-c2/csv/J2_VIIRS_C2_Global_24h.csv,2026-09-22 13:46:18.797039+00:00
cb2627b9a62ae6c8,31.74955,5.22746,2026-09-22 01:11:00+00:00,2026-09-22,0111,N21,,0.6,nominal,308.22,282.47,0.45,0.39,1.58,N,2.0NRT,VIIRS_NOAA21_C2,https://firms.modaps.eosdis.nasa.gov/data/active_fire/noaa-21-viirs-c2/csv/J2_VIIRS_C2_Global_24h.csv,2026-09-22 13:46:18.797039+00:00
15d9b2637cea8b61,31.7506,5.22527,2026-09-22 01:11:00+00:00,2026-09-22,0111,N21,,0.6,nominal,306.6,282.24,0.45,0.39,1.37,N,2.0NRT,VIIRS_NOAA21_C2,https://firms.modaps.eosdis.nasa.gov/data/active_fire/noaa-21-viirs-c2/csv/J2_VIIRS_C2_Global_24h.csv,2026-09-22 13:46:18.797039+00:00
32d376ad611097ae,31.64817,5.98979,2026-09-22 01:11:00+00:00,2026-09-22,0111,N21,,0.6,nominal,303.07,289.09,0.42,0.38,0.69,N,2.0NRT,VIIRS_NOAA21_C2,https://firms.modaps.eosdis.nasa.gov/data/active_fire/noaa-21-viirs-c2/csv/J2_VIIRS_C2_Global_24h.csv,2026-09-22 13:46:18.797039+00:00
a3cd00ce6ad291d3,31.63093,5.98664,2026-09-22 01:11:00+00:00,2026-09-22,0111,N21,,0.6,nominal,303.11,288.75,0.42,0.38,0.65,N,2.0NRT,VIIRS_NOAA21_C2,https://firms.modaps.eosdis.nasa.gov/data/active_fire/noaa-21-viirs-c2/csv/J2_VIIRS_C2_Global_24h.csv,2026-09-22 13:46:18.797039+00:00
b318727b23062ad8,31.58911,5.95616,2026-09-22 01:11:00+00:00,2026-09-22,0111,N21,,0.6,nominal,321.46,288.94,0.42,0.38,1.9,N,2.0NRT,VIIRS_NOAA21_C2,https://firms.modaps.eosdis.nasa.gov/data/active_fire/noaa-21-viirs-c2/csv/J2_VIIRS_C2_Global_24h.csv,2026-09-22 13:46:18.797039+00:00
44338ccb91ddc272,31.58566,5.95553,2026-09-22 01:11:00+00:00,2026-09-22,0111,N21,,0.6,nominal,320.93,289.13,0.42,0.38,1.34,N,2.0NRT,VIIRS_NOAA21_C2,https://firms.modaps.eosdis.nasa.gov/data/active_fire/noaa-21-viirs-c2/csv/J2_VIIRS_C2_Global_24h.csv,2026-09-22 13:46:18.797039+00:00
382e563a1a64d1dc,31.39645,6.93422,2026-09-22 01:11:00+00:00,2026-09-22,0111,N21,,0.6,nominal,341.08,289.36,0.4,0.37,2.8,N,2.0NRT,VIIRS_NOAA21_C2,https://firms.modaps.eosdis.nasa.gov/data/active_fire/noaa-21-viirs-c2/csv/J2_VIIRS_C2_Global_24h.csv,2026-09-22 13:46:18.797039+00:00
d42f3ecd42c8493c,31.3931,6.93356,2026-09-22 01:11:00+00:00,2026-09-22,0111,N21,,0.6,nominal,300.4,289.5,0.4,0.37,2.8,N,2.0NRT,VIIRS_NOAA21_C2,https://firms.modaps.eosdis.nasa.gov/data/active_fire/noaa-21-viirs-c2/csv/J2_VIIRS_C2_Global_24h.csv,2026-09-22 13:46:18.797039+00:00
ac985be5516fbd78,31.3919,6.94189,2026-09-22 01:11:00+00:00,2026-09-22,0111,N21,,0.6,nominal,305.45,288.77,0.4,0.37,0.68,N,2.0NRT,VIIRS_NOAA21_C2,https://firms.modaps.eosdis.nasa.gov/data/active_fire/noaa-21-viirs-c2/csv/J2_VIIRS_C2_Global_24h.csv,2026-09-22 13:46:18.797039+00:00
fcea0d217015b690,31.40489,5.97573,2026-09-22 01:11:00+00:00,2026-09-22,0111,N21,,0.6,nominal,323.88,289.19,0.42,0.38,2.1,N,2.0NRT,VIIRS_NOAA21_C2,https://firms.modaps.eosdis.nasa.gov/data/active_fire/noaa-21-viirs-c2/csv/J2_VIIRS_C2_Global_24h.csv,2026-09-22 13:46:18.797039+00:00
c8e1405769d9664a,31.40205,5.97069,2026-09-22 01:11:00+00:00,2026-09-22,0111,N21,,0.6,nominal,303.05,288.3,0.42,0.38,0.65,N,2.0NRT,VIIRS_NOAA21_C2,https://firms.modaps.eosdis.nasa.gov/data/active_fire/noaa-21-viirs-c2/csv/J2_VIIRS_C2_Global_24h.csv,2026-09-22 13:46:18.797039+00:00
c5389bf1edf1d818,31.36317,6.04922,2026-09-22 01:11:00+00:00,2026-09-22,0111,N21,,0.6,nominal,325.53,290.23,0.42,0.38,3.88,N,2.0NRT,VIIRS_NOAA21_C2,https://firms.modaps.eosdis.nasa.gov/data/active_fire/noaa-21-viirs-c2/csv/J2_VIIRS_C2_Global_24h.csv,2026-09-22 13:46:18.797039+00:00
d7ecd2e50aed2c53,31.36376,6.04484,2026-09-22 01:11:00+00:00,2026-09-22,0111,N21,,0.6,nominal,307.56,288.87,0.42,0.38,3.88,N,2.0NRT,VIIRS_NOAA21_C2,https://firms.modaps.eosdis.nasa.gov/data/active_fire/noaa-21-viirs-c2/csv/J2_VIIRS_C2_Global_24h.csv,2026-09-22 13:46:18.797039+00:00
dcc015a82367cfec,31.35914,6.05297,2026-09-22 01:11:00+00:00,2026-09-22,0111,N21,,0.6,nominal,326.54,289.07,0.42,0.38,2.75,N,2.0NRT,VIIRS_NOAA21_C2,https://firms.modaps.eosdis.nasa.gov/data/active_fire/noaa-21-viirs-c2/csv/J2_VIIRS_C2_Global_24h.csv,2026-09-22 13:46:18.797039+00:00
625a7b5ee70e4b78,31.0912,7.82671,2026-09-22 01:11:00+00:00,2026-09-22,0111,N21,,0.6,nominal,327.53,289.75,0.39,0.36,3.73,N,2.0NRT,VIIRS_NOAA21_C2,https://firms.modaps.eosdis.nasa.gov/data/active_fire/noaa-21-viirs-c2/csv/J2_VIIRS_C2_Global_24h.csv,2026-09-22 13:46:18.797039+00:00
a5e837c40c4ea9dc,31.09059,7.83072,2026-09-22 01:11:00+00:00,2026-09-22,0111,N21,,0.6,nominal,312.52,288.48,0.39,0.36,2.76,N,2.0NRT,VIIRS_NOAA21_C2,https://firms.modaps.eosdis.nasa.gov/data/active_fire/noaa-21-viirs-c2/csv/J2_VIIRS_C2_Global_24h.csv,2026-09-22 13:46:18.797039+00:00
d5398aa710ba8c5f,31.0132,8.16101,2026-09-22 01:11:00+00:00,2026-09-22,0111,N21,,0.6,nominal,329.28,291.25,0.38,0.36,3.55,N,2.0NRT,VIIRS_NOAA21_C2,https://firms.modaps.eosdis.nasa.gov/data/active_fire/noaa-21-viirs-c2/csv/J2_VIIRS_C2_Global_24h.csv,2026-09-22 13:46:18.797039+00:00
b9605c7cacd8e4b8,31.01258,8.165,2026-09-22 01:11:00+00:00,2026-09-22,0111,N21,,0.6,nominal,305.96,289.89,0.38,0.36,3.55,N,2.0NRT,VIIRS_NOAA21_C2,https://firms.modaps.eosdis.nasa.gov/data/active_fire/noaa-21-viirs-c2/csv/J2_VIIRS_C2_Global_24h.csv,2026-09-22 13:46:18.797039+00:00
88b85de50f6c4414,31.01197,8.16898,2026-09-22 01:11:00+00:00,2026-09-22,0111,N21,,0.6,nominal,301.56,291.11,0.38,0.36,1.0,N,2.0NRT,VIIRS_NOAA21_C2,https://firms.modaps.eosdis.nasa.gov/data/active_fire/noaa-21-viirs-c2/csv/J2_VIIRS_C2_Global_24h.csv,2026-09-22 13:46:18.797039+00:00
bab91e7be1a902ee,31.00741,8.17311,2026-09-22 01:11:00+00:00,2026-09-22,0111,N21,,0.6,nominal,302.19,289.74,0.38,0.36,0.52,N,2.0NRT,VIIRS_NOAA21_C2,https://firms.modaps.eosdis.nasa.gov/data/active_fire/noaa-21-viirs-c2/csv/J2_VIIRS_C2_Global_24h.csv,2026-09-22 13:46:18.797039+00:00
b94fd72b1675bed1,31.1895,6.78937,2026-09-22 01:11:00+00:00,2026-09-22,0111,N21,,0.6,nominal,312.68,284.55,0.4,0.37,1.33,N,2.0NRT,VIIRS_NOAA21_C2,https://firms.modaps.eosdis.nasa.gov/data/active_fire/noaa-21-viirs-c2/csv/J2_VIIRS_C2_Global_24h.csv,2026-09-22 13:46:18.797039+00:00
b37c769d58dd6404,30.82541,8.03021,2026-09-22 01:11:00+00:00,2026-09-22,0111,N21,,0.6,nominal,311.28,289.93,0.38,0.36,1.15,N,2.0NRT,VIIRS_NOAA21_C2,https://firms.modaps.eosdis.nasa.gov/data/active_fire/noaa-21-viirs-c2/csv/J2_VIIRS_C2_Global_24h.csv,2026-09-22 13:46:18.797039+00:00
d205e195b06b5e9a,30.82212,8.02953,2026-09-22 01:11:00+00:00,2026-09-22,0111,N21,,0.6,nominal,311.65,290.35,0.38,0.36,1.15,N,2.0NRT,VIIRS_NOAA21_C2,https://firms.modaps.eosdis.nasa.gov/data/active_fire/noaa-21-viirs-c2/csv/J2_VIIRS_C2_Global_24h.csv,2026-09-22 13:46:18.797039+00:00
f62275bf0889f4f0,30.66426,8.10106,2026-09-22 01:11:00+00:00,2026-09-22,0111,N21,,0.6,nominal,308.14,291.2,0.38,0.36,1.05,N,2.0NRT,VIIRS_NOAA21_C2,https://firms.modaps.eosdis.nasa.gov/data/active_fire/noaa-21-viirs-c2/csv/J2_VIIRS_C2_Global_24h.csv,2026-09-22 13:46:18.797039+00:00
434d31516b24c358,30.66364,8.10503,2026-09-22 01:11:00+00:00,2026-09-22,0111,N21,,0.6,nominal,314.96,290.89,0.38,0.36,1.05,N,2.0NRT,VIIRS_NOAA21_C2,https://firms.modaps.eosdis.nasa.gov/data/active_fire/noaa-21-viirs-c2/csv/J2_VIIRS_C2_Global_24h.csv,2026-09-22 13:46:18.797039+00:00
2d564b5b76021417,30.96939,5.75417,2026-09-22 01:11:00+00:00,2026-09-22,0111,N21,,0.6,nominal,307.36,287.95,0.43,0.38,0.87,N,2.0NRT,VIIRS_NOAA21_C2,https://firms.modaps.eosdis.nasa.gov/data/active_fire/noaa-21-viirs-c2/csv/J2_VIIRS_C2_Global_24h.csv,2026-09-22 13:46:18.797039+00:00
51dca13dfdb85a3f,30.89814,5.5838,2026-09-22 01:11:00+00:00,2026-09-22,0111,N21,,0.6,nominal,327.32,288.12,0.43,0.38,2.87,N,2.0NRT,VIIRS_NOAA21_C2,https://firms.modaps.eosdis.nasa.gov/data/active_fire/noaa-21-viirs-c2/csv/J2_VIIRS_C2_Global_24h.csv,2026-09-22 13:46:18.797039+00:00
169a63e2d9909ee4,30.87587,5.64387,2026-09-22 01:11:00+00:00,2026-09-22,0111,N21,,0.6,nominal,323.25,288.79,0.43,0.38,2.09,N,2.0NRT,VIIRS_NOAA21_C2,https://firms.modaps.eosdis.nasa.gov/data/active_fire/noaa-21-viirs-c2/csv/J2_VIIRS_C2_Global_24h.csv,2026-09-22 13:46:18.797039+00:00
69306fcf54e0184f,30.37533,7.01258,2026-09-22 01:11:00+00:00,2026-09-22,0111,N21,,0.6,nominal,326.94,289.34,0.39,0.36,3.76,N,2.0NRT,VIIRS_NOAA21_C2,https://firms.modaps.eosdis.nasa.gov/data/active_fire/noaa-21-viirs-c2/csv/J2_VIIRS_C2_Global_24h.csv,2026-09-22 13:46:18.797039+00:00
ee14eadfc4f9f4c1,29.1072,9.66859,2026-09-22 01:11:00+00:00,2026-09-22,0111,N21,,0.6,nominal,302.09,285.33,0.4,0.37,0.45,N,2.0NRT,VIIRS_NOAA21_C2,https://firms.modaps.eosdis.nasa.gov/data/active_fire/noaa-21-viirs-c2/csv/J2_VIIRS_C2_Global_24h.csv,2026-09-22 13:46:18.797039+00:00
9ddca300a6952760,28.97371,10.04139,2026-09-22 01:11:00+00:00,2026-09-22,0111,N21,,0.6,nominal,311.48,281.33,0.41,0.37,1.16,N,2.0NRT,VIIRS_NOAA21_C2,https://firms.modaps.eosdis.nasa.gov/data/active_fire/noaa-21-viirs-c2/csv/J2_VIIRS_C2_Global_24h.csv,2026-09-22 13:46:18.797039+00:00
48d35c6a5fbec5dd,28.92258,9.74357,2026-09-22 01:11:00+00:00,2026-09-22,0111,N21,,0.6,nominal,301.91,285.82,0.41,0.37,0.54,N,2.0NRT,VIIRS_NOAA21_C2,https://firms.modaps.eosdis.nasa.gov/data/active_fire/noaa-21-viirs-c2/csv/J2_VIIRS_C2_Global_24h.csv,2026-09-22 13:46:18.797039+00:00
139ad4dfdf868aa2,28.92189,9.74767,2026-09-22 01:11:00+00:00,2026-09-22,0111,N21,,0.6,nominal,304.51,283.6,0.41,0.37,0.79,N,2.0NRT,VIIRS_NOAA21_C2,https://firms.modaps.eosdis.nasa.gov/data/active_fire/noaa-21-viirs-c2/csv/J2_VIIRS_C2_Global_24h.csv,2026-09-22 13:46:18.797039+00:00
8607893ce27a284b,28.91518,9.74619,2026-09-22 01:11:00+00:00,2026-09-22,0111,N21,,0.6,nominal,300.24,282.85,0.41,0.37,0.63,N,2.0NRT,VIIRS_NOAA21_C2,https://firms.modaps.eosdis.nasa.gov/data/active_fire/noaa-21-viirs-c2/csv/J2_VIIRS_C2_Global_24h.csv,2026-09-22 13:46:18.797039+00:00
2b60f8d2b8736219,28.86495,9.93633,2026-09-22 01:11:00+00:00,2026-09-22,0111,N21,,0.6,nominal,303.85,280.98,0.41,0.37,0.76,N,2.0NRT,VIIRS_NOAA21_C2,https://firms.modaps.eosdis.nasa.gov/data/active_fire/noaa-21-viirs-c2/csv/J2_VIIRS_C2_Global_24h.csv,2026-09-22 13:46:18.797039+00:00
7bc49906f2be7a0b,28.81932,9.91077,2026-09-22 01:11:00+00:00,2026-09-22,0111,N21,,0.6,nominal,314.43,283.53,0.41,0.37,1.51,N,2.0NRT,VIIRS_NOAA21_C2,https://firms.modaps.eosdis.nasa.gov/data/active_fire/noaa-21-viirs-c2/csv/J2_VIIRS_C2_Global_24h.csv,2026-09-22 13:46:18.797039+00:00
e6cfb68f68224f86,29.26864,6.49176,2026-09-22 01:11:00+00:00,2026-09-22,0111,N21,,0.6,nominal,301.96,289.12,0.4,0.37,0.37,N,2.0NRT,VIIRS_NOAA21_C2,https://firms.modaps.eosdis.nasa.gov/data/active_fire/noaa-21-viirs-c2/csv/J2_VIIRS_C2_Global_24h.csv,2026-09-22 13:46:18.797039+00:00
e5ba32f20b90eb78,28.7375,9.79044,2026-09-22 01:11:00+00:00,2026-09-22,0111,N21,,0.6,nominal,323.78,287.96,0.41,0.37,1.67,N,2.0NRT,VIIRS_NOAA21_C2,https://firms.modaps.eosdis.nasa.gov/data/active_fire/noaa-21-viirs-c2/csv/J2_VIIRS_C2_Global_24h.csv,2026-09-22 13:46:18.797039+00:00
e242f9262f6d48ef,29.25803,6.49394,2026-09-22 01:11:00+00:00,2026-09-22,0111,N21,,0.6,nominal,303.51,291.96,0.4,0.37,0.55,N,2.0NRT,VIIRS_NOAA21_C2,https://firms.modaps.eosdis.nasa.gov/data/active_fire/noaa-21-viirs-c2/csv/J2_VIIRS_C2_Global_24h.csv,2026-09-22 13:46:18.797039+00:00
17f8961fe08d72b1,28.73413,9.78971,2026-09-22 01:11:00+00:00,2026-09-22,0111,N21,,0.6,nominal,304.52,287.02,0.41,0.37,1.67,N,2.0NRT,VIIRS_NOAA21_C2,https://firms.modaps.eosdis.nasa.gov/data/active_fire/noaa-21-viirs-c2/csv/J2_VIIRS_C2_Global_24h.csv,2026-09-22 13:46:18.797039+00:00
b061b6e3539da808,28.63637,9.78244,2026-09-22 01:13:00+00:00,2026-09-22,0113,N21,,0.6,nominal,314.83,287.34,0.41,0.37,0.97,N,2.0NRT,VIIRS_NOAA21_C2,https://firms.modaps.eosdis.nasa.gov/data/active_fire/noaa-21-viirs-c2/csv/J2_VIIRS_C2_Global_24h.csv,2026-09-22 13:46:18.797039+00:00
8b69148a3da6b985,28.63567,9.78657,2026-09-22 01:13:00+00:00,2026-09-22,0113,N21,,0.6,nominal,305.12,287.3,0.41,0.37,0.97,N,2.0NRT,VIIRS_NOAA21_C2,https://firms.modaps.eosdis.nasa.gov/data/active_fire/noaa-21-viirs-c2/csv/J2_VIIRS_C2_Global_24h.csv,2026-09-22 13:46:18.797039+00:00
52f677c622a9b219,28.6323,9.78582,2026-09-22 01:13:00+00:00,2026-09-22,0113,N21,,0.6,nominal,315.42,286.99,0.41,0.37,0.97,N,2.0NRT,VIIRS_NOAA21_C2,https://firms.modaps.eosdis.nasa.gov/data/active_fire/noaa-21-viirs-c2/csv/J2_VIIRS_C2_Global_24h.csv,2026-09-22 13:46:18.797039+00:00
5a6b36f2b4d57be3,28.73529,9.153,2026-09-22 01:13:00+00:00,2026-09-22,0113,N21,,0.6,nominal,308.58,288.02,0.4,0.37,0.93,N,2.0NRT,VIIRS_NOAA21_C2,https://firms.modaps.eosdis.nasa.gov/data/active_fire/noaa-21-viirs-c2/csv/J2_VIIRS_C2_Global_24h.csv,2026-09-22 13:46:18.797039+00:00
584055e6d5c9fe01,28.71457,8.94693,2026-09-22 01:13:00+00:00,2026-09-22,0113,N21,,0.6,nominal,303.74,291.35,0.39,0.36,1.16,N,2.0NRT,VIIRS_NOAA21_C2,https://firms.modaps.eosdis.nasa.gov/data/active_fire/noaa-21-viirs-c2/csv/J2_VIIRS_C2_Global_24h.csv,2026-09-22 13:46:18.797039+00:00
0dfabd5be9b44765,28.54845,9.20998,2026-09-22 01:13:00+00:00,2026-09-22,0113,N21,,0.6,nominal,308.13,289.41,0.4,0.37,0.92,N,2.0NRT,VIIRS_NOAA21_C2,https://firms.modaps.eosdis.nasa.gov/data/active_fire/noaa-21-viirs-c2/csv/J2_VIIRS_C2_Global_24h.csv,2026-09-22 13:46:18.797039+00:00
9d057eff2bf26d61,28.52849,9.12292,2026-09-22 01:13:00+00:00,2026-09-22,0113,N21,,0.6,nominal,303.65,289.66,0.4,0.37,2.63,N,2.0NRT,VIIRS_NOAA21_C2,https://firms.modaps.eosdis.nasa.gov/data/active_fire/noaa-21-viirs-c2/csv/J2_VIIRS_C2_Global_24h.csv,2026-09-22 13:46:18.797039+00:00
5a99290018cc2450,28.52518,9.1222,2026-09-22 01:13:00+00:00,2026-09-22,0113,N21,,0.6,nominal,337.56,289.87,0.4,0.37,2.63,N,2.0NRT,VIIRS_NOAA21_C2,https://firms.modaps.eosdis.nasa.gov/data/active_fire/noaa-21-viirs-c2/csv/J2_VIIRS_C2_Global_24h.csv,2026-09-22 13:46:18.797039+00:00
ab545db602ae3ad4,28.46452,9.05702,2026-09-22 01:13:00+00:00,2026-09-22,0113,N21,,0.6,nominal,297.56,286.98,0.39,0.37,0.33,N,2.0NRT,VIIRS_NOAA21_C2,https://firms.modaps.eosdis.nasa.gov/data/active_fire/noaa-21-viirs-c2/csv/J2_VIIRS_C2_Global_24h.csv,2026-09-22 13:46:18.797039+00:00
6d4f99374933106d,28.44804,9.136,2026-09-22 01:13:00+00:00,2026-09-22,0113,N21,,0.6,nominal,329.62,291.91,0.4,0.37,6.68,N,2.0NRT,VIIRS_NOAA21_C2,https://firms.modaps.eosdis.nasa.gov/data/active_fire/noaa-21-viirs-c2/csv/J2_VIIRS_C2_Global_24h.csv,2026-09-22 13:46:18.797039+00:00
6a8db5cb92da4406,28.63593,7.53724,2026-09-22 01:13:00+00:00,2026-09-22,0113,N21,,0.6,nominal,311.44,291.26,0.38,0.36,0.64,N,2.0NRT,VIIRS_NOAA21_C2,https://firms.modaps.eosdis.nasa.gov/data/active_fire/noaa-21-viirs-c2/csv/J2_VIIRS_C2_Global_24h.csv,2026-09-22 13:46:18.797039+00:00
0c0e53eb9377e4c3,28.68507,7.19322,2026-09-22 01:13:00+00:00,2026-09-22,0113,N21,,0.6,nominal,320.91,289.67,0.39,0.36,2.33,N,2.0NRT,VIIRS_NOAA21_C2,https://firms.modaps.eosdis.nasa.gov/data/active_fire/noaa-21-viirs-c2/csv/J2_VIIRS_C2_Global_24h.csv,2026-09-22 13:46:18.797039+00:00
5f3b97dddee5be92,28.61445,7.50092,2026-09-22 01:13:00+00:00,2026-09-22,0113,N21,,0.6,nominal,324.22,290.96,0.38,0.36,2.48,N,2.0NRT,VIIRS_NOAA21_C2,https://firms.modaps.eosdis.nasa.gov/data/active_fire/noaa-21-viirs-c2/csv/J2_VIIRS_C2_Global_24h.csv,2026-09-22 13:46:18.797039+00:00
9cda1b4b70da4b62,28.5763,7.6548,2026-09-22 01:13:00+00:00,2026-09-22,0113,N21,,0.6,nominal,331.44,292.05,0.38,0.36,3.4,N,2.0NRT,VIIRS_NOAA21_C2,https://firms.modaps.eosdis.nasa.gov/data/active_fire/noaa-21-viirs-c2/csv/J2_VIIRS_C2_Global_24h.csv,2026-09-22 13:46:18.797039+00:00
7f8db812c8c73b00,28.19104,9.80623,2026-09-22 01:13:00+00:00,2026-09-22,0113,N21,,0.6,nominal,320.98,290.3,0.41,0.37,1.61,N,2.0NRT,VIIRS_NOAA21_C2,https://firms.modaps.eosdis.nasa.gov/data/active_fire/noaa-21-viirs-c2/csv/J2_VIIRS_C2_Global_24h.csv,2026-09-22 13:46:18.797039+00:00
a8e698d634cdbf9d,28.60005,7.25837,2026-09-22 01:13:00+00:00,2026-09-22,0113,N21,,0.6,nominal,325.52,292.2,0.39,0.36,1.75,N,2.0NRT,VIIRS_NOAA21_C2,https://firms.modaps.eosdis.nasa.gov/data/active_fire/noaa-21-viirs-c2/csv/J2_VIIRS_C2_Global_24h.csv,2026-09-22 13:46:18.797039+00:00
225339b5fa76a817,28.56005,7.5194,2026-09-22 01:13:00+00:00,2026-09-22,0113,N21,,0.6,nominal,317.19,291.27,0.38,0.36,1.4,N,2.0NRT,VIIRS_NOAA21_C2,https://firms.modaps.eosdis.nasa.gov/data/active_fire/noaa-21-viirs-c2/csv/J2_VIIRS_C2_Global_24h.csv,2026-09-22 13:46:18.797039+00:00
62765b4be2c757e8,28.47611,7.51093,2026-09-22 01:13:00+00:00,2026-09-22,0113,N21,,0.6,nominal,315.56,290.66,0.38,0.36,1.39,N,2.0NRT,VIIRS_NOAA21_C2,https://firms.modaps.eosdis.nasa.gov/data/active_fire/noaa-21-viirs-c2/csv/J2_VIIRS_C2_Global_24h.csv,2026-09-22 13:46:18.797039+00:00
abd0a36eb03e14f3,28.46955,7.50963,2026-09-22 01:13:00+00:00,2026-09-22,0113,N21,,0.6,nominal,309.25,291.04,0.38,0.36,0.94,N,2.0NRT,VIIRS_NOAA21_C2,https://firms.modaps.eosdis.nasa.gov/data/active_fire/noaa-21-viirs-c2/csv/J2_VIIRS_C2_Global_24h.csv,2026-09-22 13:46:18.797039+00:00
b69e4e18562ee301,28.4579,7.51934,2026-09-22 01:13:00+00:00,2026-09-22,0113,N21,,0.6,nominal,322.18,290.76,0.38,0.36,0.94,N,2.0NRT,VIIRS_NOAA21_C2,https://firms.modaps.eosdis.nasa.gov/data/active_fire/noaa-21-viirs-c2/csv/J2_VIIRS_C2_Global_24h.csv,2026-09-22 13:46:18.797039+00:00
f4a3520a49bb235b,28.08144,9.78718,2026-09-22 01:13:00+00:00,2026-09-22,0113,N21,,0.6,nominal,300.25,271.06,0.41,0.37,2.13,N,2.0NRT,VIIRS_NOAA21_C2,https://firms.modaps.eosdis.nasa.gov/data/active_fire/noaa-21-viirs-c2/csv/J2_VIIRS_C2_Global_24h.csv,2026-09-22 13:46:18.797039+00:00
48e8d6afcf67926c,28.07806,9.78643,2026-09-22 01:13:00+00:00,2026-09-22,0113,N21,,0.6,nominal,331.18,275.73,0.41,0.37,2.13,N,2.0NRT,VIIRS_NOAA21_C2,https://firms.modaps.eosdis.nasa.gov/data/active_fire/noaa-21-viirs-c2/csv/J2_VIIRS_C2_Global_24h.csv,2026-09-22 13:46:18.797039+00:00
4c103ff947cbfc5c,28.07735,9.79058,2026-09-22 01:13:00+00:00,2026-09-22,0113,N21,,0.6,nominal,295.28,269.73,0.41,0.37,2.13,N,2.0NRT,VIIRS_NOAA21_C2,https://firms.modaps.eosdis.nasa.gov/data/active_fire/noaa-21-viirs-c2/csv/J2_VIIRS_C2_Global_24h.csv,2026-09-22 13:46:18.797039+00:00
02a90294670b20f7,28.43163,7.51416,2026-09-22 01:13:00+00:00,2026-09-22,0113,N21,,0.6,nominal,304.55,291.01,0.38,0.36,0.59,N,2.0NRT,VIIRS_NOAA21_C2,https://firms.modaps.eosdis.nasa.gov/data/active_fire/noaa-21-viirs-c2/csv/J2_VIIRS_C2_Global_24h.csv,2026-09-22 13:46:18.797039+00:00
c490d648728b7c0d,27.92629,9.2489,2026-09-22 01:13:00+00:00,2026-09-22,0113,N21,,0.6,nominal,307.05,282.46,0.4,0.37,1.03,N,2.0NRT,VIIRS_NOAA21_C2,https://firms.modaps.eosdis.nasa.gov/data/active_fire/noaa-21-viirs-c2/csv/J2_VIIRS_C2_Global_24h.csv,2026-09-22 13:46:18.797039+00:00
bd959769e02fda9b,27.92561,9.25292,2026-09-22 01:13:00+00:00,2026-09-22,0113,N21,,0.6,nominal,301.52,282.11,0.4,0.37,1.03,N,2.0NRT,VIIRS_NOAA21_C2,https://firms.modaps.eosdis.nasa.gov/data/active_fire/noaa-21-viirs-c2/csv/J2_VIIRS_C2_Global_24h.csv,2026-09-22 13:46:18.797039+00:00
af0d6ec44f0c6c1d,27.72682,9.87783,2026-09-22 01:13:00+00:00,2026-09-22,0113,N21,,0.6,nominal,320.74,270.0,0.42,0.38,2.2,N,2.0NRT,VIIRS_NOAA21_C2,https://firms.modaps.eosdis.nasa.gov/data/active_fire/noaa-21-viirs-c2/csv/J2_VIIRS_C2_Global_24h.csv,2026-09-22 13:46:18.797039+00:00
017b177a5d51312d,27.75761,9.17774,2026-09-22 01:13:00+00:00,2026-09-22,0113,N21,,0.6,nominal,329.39,285.87,0.4,0.37,5.3,N,2.0NRT,VIIRS_NOAA21_C2,https://firms.modaps.eosdis.nasa.gov/data/active_fire/noaa-21-viirs-c2/csv/J2_VIIRS_C2_Global_24h.csv,2026-09-22 13:46:18.797039+00:00
49449269c50dadf4,27.75694,9.18176,2026-09-22 01:13:00+00:00,2026-09-22,0113,N21,,0.6,nominal,332.73,284.55,0.4,0.37,4.22,N,2.0NRT,VIIRS_NOAA21_C2,https://firms.modaps.eosdis.nasa.gov/data/active_fire/noaa-21-viirs-c2/csv/J2_VIIRS_C2_Global_24h.csv,2026-09-22 13:46:18.797039+00:00
125d7dfd98193cd3,27.75626,9.18577,2026-09-22 01:13:00+00:00,2026-09-22,0113,N21,,0.6,nominal,297.66,281.95,0.4,0.37,4.22,N,2.0NRT,VIIRS_NOAA21_C2,https://firms.modaps.eosdis.nasa.gov/data/active_fire/noaa-21-viirs-c2/csv/J2_VIIRS_C2_Global_24h.csv,2026-09-22 13:46:18.797039+00:00
4a63c9b68257e895,27.75427,9.17703,2026-09-22 01:13:00+00:00,2026-09-22,0113,N21,,0.6,nominal,299.73,281.34,0.4,0.37,0.45,N,2.0NRT,VIIRS_NOAA21_C2,https://firms.modaps.eosdis.nasa.gov/data/active_fire/noaa-21-viirs-c2/csv/J2_VIIRS_C2_Global_24h.csv,2026-09-22 13:46:18.797039+00:00
22c7eceebd27764c,27.7536,9.18105,2026-09-22 01:13:00+00:00,2026-09-22,0113,N21,,0.6,nominal,295.9,280.74,0.4,0.37,0.49,N,2.0NRT,VIIRS_NOAA21_C2,https://firms.modaps.eosdis.nasa.gov/data/active_fire/noaa-21-viirs-c2/csv/J2_VIIRS_C2_Global_24h.csv,2026-09-22 13:46:18.797039+00:00
d952f36d3684c93e,27.73623,9.18149,2026-09-22 01:13:00+00:00,2026-09-22,0113,N21,,0.6,nominal,328.02,282.55,0.4,0.37,2.84,N,2.0NRT,VIIRS_NOAA21_C2,https://firms.modaps.eosdis.nasa.gov/data/active_fire/noaa-21-viirs-c2/csv/J2_VIIRS_C2_Global_24h.csv,2026-09-22 13:46:18.797039+00:00
54397ff559857e1b,27.70285,9.1743,2026-09-22 01:13:00+00:00,2026-09-22,0113,N21,,0.6,nominal,316.02,274.21,0.4,0.37,1.6,N,2.0NRT,VIIRS_NOAA21_C2,https://firms.modaps.eosdis.nasa.gov/data/active_fire/noaa-21-viirs-c2/csv/J2_VIIRS_C2_Global_24h.csv,2026-09-22 13:46:18.797039+00:00
1051bc4d10422969,27.4103,8.83934,2026-09-22 01:13:00+00:00,2026-09-22,0113,N21,,0.6,nominal,310.81,282.91,0.4,0.37,0.76,N,2.0NRT,VIIRS_NOAA21_C2,https://firms.modaps.eosdis.nasa.gov/data/active_fire/noaa-21-viirs-c2/csv/J2_VIIRS_C2_Global_24h.csv,2026-09-22 13:46:18.797039+00:00
7093640281275162,27.40822,8.83587,2026-09-22 01:13:00+00:00,2026-09-22,0113,N21,,0.6,nominal,296.53,280.87,0.4,0.37,0.33,N,2.0NRT,VIIRS_NOAA21_C2,https://firms.modaps.eosdis.nasa.gov/data/active_fire/noaa-21-viirs-c2/csv/J2_VIIRS_C2_Global_24h.csv,2026-09-22 13:46:18.797039+00:00
42f77e0d9492117a,27.40757,8.83981,2026-09-22 01:13:00+00:00,2026-09-22,0113,N21,,0.6,nominal,304.45,281.14,0.4,0.37,0.47,N,2.0NRT,VIIRS_NOAA21_C2,https://firms.modaps.eosdis.nasa.gov/data/active_fire/noaa-21-viirs-c2/csv/J2_VIIRS_C2_Global_24h.csv,2026-09-22 13:46:18.797039+00:00
9a993a4f80ca0ea1,27.15017,8.8042,2026-09-22 01:13:00+00:00,2026-09-22,0113,N21,,0.6,nominal,297.93,273.02,0.4,0.37,0.49,N,2.0NRT,VIIRS_NOAA21_C2,https://firms.modaps.eosdis.nasa.gov/data/active_fire/noaa-21-viirs-c2/csv/J2_VIIRS_C2_Global_24h.csv,2026-09-22 13:46:18.797039+00:00
cf0caedc9e0278fa,28.19888,-0.51758,2026-09-22 01:13:00+00:00,2026-09-22,0113,N21,,0.6,nominal,325.32,293.99,0.55,0.51,4.57,N,2.0NRT,VIIRS_NOAA21_C2,https://firms.modaps.eosdis.nasa.gov/data/active_fire/noaa-21-viirs-c2/csv/J2_VIIRS_C2_Global_24h.csv,2026-09-22 13:46:18.797039+00:00
422bf6998f3402d9,28.20195,-0.52008,2026-09-22 01:13:00+00:00,2026-09-22,0113,N21,,0.6,nominal,308.31,293.32,0.55,0.51,2.35,N,2.0NRT,VIIRS_NOAA21_C2,https://firms.modaps.eosdis.nasa.gov/data/active_fire/noaa-21-viirs-c2/csv/J2_VIIRS_C2_Global_24h.csv,2026-09-22 13:46:18.797039+00:00
d0ca7ab72c75f714,28.2014,-0.51446,2026-09-22 01:13:00+00:00,2026-09-22,0113,N21,,0.6,nominal,312.21,293.45,0.55,0.51,2.35,N,2.0NRT,VIIRS_NOAA21_C2,https://firms.modaps.eosdis.nasa.gov/data/active_fire/noaa-21-viirs-c2/csv/J2_VIIRS_C2_Global_24h.csv,2026-09-22 13:46:18.797039+00:00
8daebfd8eceecf3f,36.77711,10.20151,2026-09-22 01:09:00+00:00,2026-09-22,0109,N21,,0.6,nominal,308.04,293.07,0.38,0.36,0.96,N,2.0NRT,VIIRS_NOAA21_C2,https://firms.modaps.eosdis.nasa.gov/data/active_fire/noaa-21-viirs-c2/csv/J2_VIIRS_C2_Global_24h.csv,2026-09-22 13:46:18.797039+00:00
530f91f0d6f4b12d,36.50064,10.02515,2026-09-22 01:09:00+00:00,2026-09-22,0109,N21,,0.6,nominal,301.65,290.67,0.38,0.36,0.85,N,2.0NRT,VIIRS_NOAA21_C2,https://firms.modaps.eosdis.nasa.gov/data/active_fire/noaa-21-viirs-c2/csv/J2_VIIRS_C2_Global_24h.csv,2026-09-22 13:46:18.797039+00:00
f61bf87191d5790f,36.88206,6.96123,2026-09-22 01:09:00+00:00,2026-09-22,0109,N21,,0.6,nominal,305.9,291.79,0.44,0.38,1.27,N,2.0NRT,VIIRS_NOAA21_C2,https://firms.modaps.eosdis.nasa.gov/data/active_fire/noaa-21-viirs-c2/csv/J2_VIIRS_C2_Global_24h.csv,2026-09-22 13:46:18.797039+00:00
e4d0a628179e971a,36.87756,6.94037,2026-09-22 01:09:00+00:00,2026-09-22,0109,N21,,0.6,nominal,305.61,292.35,0.44,0.38,1.32,N,2.0NRT,VIIRS_NOAA21_C2,https://firms.modaps.eosdis.nasa.gov/data/active_fire/noaa-21-viirs-c2/csv/J2_VIIRS_C2_Global_24h.csv,2026-09-22 13:46:18.797039+00:00
b7f9d58440948ad9,36.87693,6.94524,2026-09-22 01:09:00+00:00,2026-09-22,0109,N21,,0.6,nominal,303.83,291.42,0.44,0.38,0.82,N,2.0NRT,VIIRS_NOAA21_C2,https://firms.modaps.eosdis.nasa.gov/data/active_fire/noaa-21-viirs-c2/csv/J2_VIIRS_C2_Global_24h.csv,2026-09-22 13:46:18.797039+00:00
f7de16a248c1e004,36.86843,6.98365,2026-09-22 01:09:00+00:00,2026-09-22,0109,N21,,0.6,nominal,330.25,292.43,0.44,0.38,2.92,N,2.0NRT,VIIRS_NOAA21_C2,https://firms.modaps.eosdis.nasa.gov/data/active_fire/noaa-21-viirs-c2/csv/J2_VIIRS_C2_Global_24h.csv,2026-09-22 13:46:18.797039+00:00
fe21cae64536fdd1,36.86458,6.95778,2026-09-22 01:09:00+00:00,2026-09-22,0109,N21,,0.6,nominal,328.33,292.02,0.44,0.38,2.63,N,2.0NRT,VIIRS_NOAA21_C2,https://firms.modaps.eosdis.nasa.gov/data/active_fire/noaa-21-viirs-c2/csv/J2_VIIRS_C2_Global_24h.csv,2026-09-22 13:46:18.797039+00:00
c121051bc0ccbec0,36.73808,7.86387,2026-09-22 01:09:00+00:00,2026-09-22,0109,N21,,0.6,nominal,304.59,290.35,0.41,0.37,0.45,N,2.0NRT,VIIRS_NOAA21_C2,https://firms.modaps.eosdis.nasa.gov/data/active_fire/noaa-21-viirs-c2/csv/J2_VIIRS_C2_Global_24h.csv,2026-09-22 13:46:18.797039+00:00
796b9eec5e12a2a6,37.56991,-0.91885,2026-09-22 01:09:00+00:00,2026-09-22,0109,N21,,0.6,nominal,303.25,291.87,0.37,0.58,0.68,N,2.0NRT,VIIRS_NOAA21_C2,https://firms.modaps.eosdis.nasa.gov/data/active_fire/noaa-21-viirs-c2/csv/J2_VIIRS_C2_Global_24h.csv,2026-09-22 13:46:18.797039+00:00
0f851b60f60e938c,36.76045,7.30848,2026-09-22 01:09:00+00:00,2026-09-22,0109,N21,,0.6,nominal,305.35,291.03,0.42,0.38,0.91,N,2.0NRT,VIIRS_NOAA21_C2,https://firms.modaps.eosdis.nasa.gov/data/active_fire/noaa-21-viirs-c2/csv/J2_VIIRS_C2_Global_24h.csv,2026-09-22 13:46:18.797039+00:00
25781852ba820a24,36.74683,6.25595,2026-09-22 01:09:00+00:00,2026-09-22,0109,N21,,0.6,nominal,329.76,292.4,0.46,0.39,8.43,N,2.0NRT,VIIRS_NOAA21_C2,https://firms.modaps.eosdis.nasa.gov/data/active_fire/noaa-21-viirs-c2/csv/J2_VIIRS_C2_Global_24h.csv,2026-09-22 13:46:18.797039+00:00
3715cd3e7367094a,36.74387,6.25015,2026-09-22 01:09:00+00:00,2026-09-22,0109,N21,,0.6,nominal,305.48,294.09,0.46,0.39,1.51,N,2.0NRT,VIIRS_NOAA21_C2,https://firms.modaps.eosdis.nasa.gov/data/active_fire/noaa-21-viirs-c2/csv/J2_VIIRS_C2_Global_24h.csv,2026-09-22 13:46:18.797039+00:00
b9dec0e94ed06e8d,36.15962,10.28472,2026-09-22 01:09:00+00:00,2026-09-22,0109,N21,,0.6,nominal,301.52,291.05,0.38,0.36,0.65,N,2.0NRT,VIIRS_NOAA21_C2,https://firms.modaps.eosdis.nasa.gov/data/active_fire/noaa-21-viirs-c2/csv/J2_VIIRS_C2_Global_24h.csv,2026-09-22 13:46:18.797039+00:00
90bd2e0aa659e1d9,36.74776,3.08218,2026-09-22 01:09:00+00:00,2026-09-22,0109,N21,,0.6,nominal,314.49,292.58,0.43,0.46,1.54,N,2.0NRT,VIIRS_NOAA21_C2,https://firms.modaps.eosdis.nasa.gov/data/active_fire/noaa-21-viirs-c2/csv/J2_VIIRS_C2_Global_24h.csv,2026-09-22 13:46:18.797039+00:00
77fd808c8abd5898,36.67932,3.12374,2026-09-22 01:09:00+00:00,2026-09-22,0109,N21,,0.6,nominal,307.06,293.68,0.43,0.46,1.94,N,2.0NRT,VIIRS_NOAA21_C2,https://firms.modaps.eosdis.nasa.gov/data/active_fire/noaa-21-viirs-c2/csv/J2_VIIRS_C2_Global_24h.csv,2026-09-22 13:46:18.797039+00:00
50cb7aa6a3c62d8e,36.67484,2.99229,2026-09-22 01:09:00+00:00,2026-09-22,0109,N21,,0.6,nominal,306.34,289.38,0.44,0.46,0.83,N,2.0NRT,VIIRS_NOAA21_C2,https://firms.modaps.eosdis.nasa.gov/data/active_fire/noaa-21-viirs-c2/csv/J2_VIIRS_C2_Global_24h.csv,2026-09-22 13:46:18.797039+00:00
4431e2057795a589,36.33388,5.47962,2026-09-22 01:09:00+00:00,2026-09-22,0109,N21,,0.6,nominal,297.36,287.05,0.49,0.4,0.84,N,2.0NRT,VIIRS_NOAA21_C2,https://firms.modaps.eosdis.nasa.gov/data/active_fire/noaa-21-viirs-c2/csv/J2_VIIRS_C2_Global_24h.csv,2026-09-22 13:46:18.797039+00:00
aa32bca398f0fee2,36.96371,-1.90528,2026-09-22 01:09:00+00:00,2026-09-22,0109,N21,,0.6,nominal,303.77,290.81,0.41,0.61,0.72,N,2.0NRT,VIIRS_NOAA21_C2,https://firms.modaps.eosdis.nasa.gov/data/active_fire/noaa-21-viirs-c2/csv/J2_VIIRS_C2_Global_24h.csv,2026-09-22 13:46:18.797039+00:00
6602ce16e69caf7c,36.59938,2.93215,2026-09-22 01:09:00+00:00,2026-09-22,0109,N21,,0.6,nominal,299.34,289.28,0.44,0.46,0.91,N,2.0NRT,VIIRS_NOAA21_C2,https://firms.modaps.eosdis.nasa.gov/data/active_fire/noaa-21-viirs-c2/csv/J2_VIIRS_C2_Global_24h.csv,2026-09-22 13:46:18.797039+00:00
98f4278a257ce37b,36.59607,2.87674,2026-09-22 01:09:00+00:00,2026-09-22,0109,N21,,0.6,nominal,303.11,289.96,0.44,0.46,0.77,N,2.0NRT,VIIRS_NOAA21_C2,https://firms.modaps.eosdis.nasa.gov/data/active_fire/noaa-21-viirs-c2/csv/J2_VIIRS_C2_Global_24h.csv,2026-09-22 13:46:18.797039+00:00
3789973cc7bbb4c5,35.85075,8.5938,2026-09-22 01:09:00+00:00,2026-09-22,0109,N21,,0.6,nominal,301.44,288.0,0.39,0.36,0.77,N,2.0NRT,VIIRS_NOAA21_C2,https://firms.modaps.eosdis.nasa.gov/data/active_fire/noaa-21-viirs-c2/csv/J2_VIIRS_C2_Global_24h.csv,2026-09-22 13:46:18.797039+00:00
7e589838f2ebc6a3,36.17738,5.57168,2026-09-22 01:09:00+00:00,2026-09-22,0109,N21,,0.6,nominal,303.14,285.7,0.48,0.4,1.05,N,2.0NRT,VIIRS_NOAA21_C2,https://firms.modaps.eosdis.nasa.gov/data/active_fire/noaa-21-viirs-c2/csv/J2_VIIRS_C2_Global_24h.csv,2026-09-22 13:46:18.797039+00:00
74d7b33d503f4ccf,36.47089,2.74718,2026-09-22 01:09:00+00:00,2026-09-22,0109,N21,,0.6,nominal,313.24,289.29,0.45,0.47,1.97,N,2.0NRT,VIIRS_NOAA21_C2,https://firms.modaps.eosdis.nasa.gov/data/active_fire/noaa-21-viirs-c2/csv/J2_VIIRS_C2_Global_24h.csv,2026-09-22 13:46:18.797039+00:00
5570cd792847b24c,36.14142,2.92916,2026-09-22 01:09:00+00:00,2026-09-22,0109,N21,,0.6,nominal,296.78,285.45,0.43,0.46,0.5,N,2.0NRT,VIIRS_NOAA21_C2,https://firms.modaps.eosdis.nasa.gov/data/active_fire/noaa-21-viirs-c2/csv/J2_VIIRS_C2_Global_24h.csv,2026-09-22 13:46:18.797039+00:00
87122c58d37840da,35.8782,4.447,2026-09-22 01:09:00+00:00,2026-09-22,0109,N21,,0.6,nominal,315.0,291.81,0.54,0.42,2.9,N,2.0NRT,VIIRS_NOAA21_C2,https://firms.modaps.eosdis.nasa.gov/data/active_fire/noaa-21-viirs-c2/csv/J2_VIIRS_C2_Global_24h.csv,2026-09-22 13:46:18.797039+00:00
57d8da663777d550,35.70703,4.47437,2026-09-22 01:11:00+00:00,2026-09-22,0111,N21,,0.6,nominal,305.56,290.66,0.54,0.42,1.09,N,2.0NRT,VIIRS_NOAA21_C2,https://firms.modaps.eosdis.nasa.gov/data/active_fire/noaa-21-viirs-c2/csv/J2_VIIRS_C2_Global_24h.csv,2026-09-22 13:46:18.797039+00:00
c7894525ad372699,34.84553,10.67134,2026-09-22 01:11:00+00:00,2026-09-22,0111,N21,,0.6,nominal,308.44,289.66,0.39,0.36,0.81,N,2.0NRT,VIIRS_NOAA21_C2,https://firms.modaps.eosdis.nasa.gov/data/active_fire/noaa-21-viirs-c2/csv/J2_VIIRS_C2_Global_24h.csv,2026-09-22 13:46:18.797039+00:00
0a39c8233e10dbba,35.01753,8.52228,2026-09-22 01:11:00+00:00,2026-09-22,0111,N21,,0.6,nominal,303.53,286.97,0.39,0.36,0.76,N,2.0NRT,VIIRS_NOAA21_C2,https://firms.modaps.eosdis.nasa.gov/data/active_fire/noaa-21-viirs-c2/csv/J2_VIIRS_C2_Global_24h.csv,2026-09-22 13:46:18.797039+00:00
5d1faf2c7be146cb,35.34949,5.76262,2026-09-22 01:11:00+00:00,2026-09-22,0111,N21,,0.6,nominal,314.57,288.84,0.47,0.39,2.62,N,2.0NRT,VIIRS_NOAA21_C2,https://firms.modaps.eosdis.nasa.gov/data/active_fire/noaa-21-viirs-c2/csv/J2_VIIRS_C2_Global_24h.csv,2026-09-22 13:46:18.797039+00:00
10ca5318fe2e00d9,35.09583,5.64825,2026-09-22 01:11:00+00:00,2026-09-22,0111,N21,,0.6,nominal,301.73,290.86,0.47,0.4,1.04,N,2.0NRT,VIIRS_NOAA21_C2,https://firms.modaps.eosdis.nasa.gov/data/active_fire/noaa-21-viirs-c2/csv/J2_VIIRS_C2_Global_24h.csv,2026-09-22 13:46:18.797039+00:00
ac8b3fec2a9d8526,34.98303,5.71754,2026-09-22 01:11:00+00:00,2026-09-22,0111,N21,,0.6,nominal,303.54,290.95,0.46,0.39,1.0,N,2.0NRT,VIIRS_NOAA21_C2,https://firms.modaps.eosdis.nasa.gov/data/active_fire/noaa-21-viirs-c2/csv/J2_VIIRS_C2_Global_24h.csv,2026-09-22 13:46:18.797039+00:00
774a78b7836d760b,34.97944,5.71682,2026-09-22 01:11:00+00:00,2026-09-22,0111,N21,,0.6,nominal,312.13,292.49,0.46,0.39,1.49,N,2.0NRT,VIIRS_NOAA21_C2,https://firms.modaps.eosdis.nasa.gov/data/active_fire/noaa-21-viirs-c2/csv/J2_VIIRS_C2_Global_24h.csv,2026-09-22 13:46:18.797039+00:00
1dede4e9ccec694d,35.56448,-0.93875,2026-09-22 01:11:00+00:00,2026-09-22,0111,N21,,0.6,nominal,302.26,290.43,0.35,0.57,1.06,N,2.0NRT,VIIRS_NOAA21_C2,https://firms.modaps.eosdis.nasa.gov/data/active_fire/noaa-21-viirs-c2/csv/J2_VIIRS_C2_Global_24h.csv,2026-09-22 13:46:18.797039+00:00
e35fdde6b25c1516,35.56422,-0.94104,2026-09-22 01:11:00+00:00,2026-09-22,0111,N21,,0.6,nominal,301.95,290.36,0.35,0.57,0.95,N,2.0NRT,VIIRS_NOAA21_C2,https://firms.modaps.eosdis.nasa.gov/data/active_fire/noaa-21-viirs-c2/csv/J2_VIIRS_C2_Global_24h.csv,2026-09-22 13:46:18.797039+00:00
9aded56cdada99ca,33.87327,9.9898,2026-09-22 01:11:00+00:00,2026-09-22,0111,N21,,0.6,nominal,306.56,292.07,0.39,0.36,1.51,N,2.0NRT,VIIRS_NOAA21_C2,https://firms.modaps.eosdis.nasa.gov/data/active_fire/noaa-21-viirs-c2/csv/J2_VIIRS_C2_Global_24h.csv,2026-09-22 13:46:18.797039+00:00
5d8a5dab48a6b135,34.43579,2.05822,2026-09-22 01:11:00+00:00,2026-09-22,0111,N21,,0.6,nominal,303.4,287.54,0.46,0.47,1.69,N,2.0NRT,VIIRS_NOAA21_C2,https://firms.modaps.eosdis.nasa.gov/data/active_fire/noaa-21-viirs-c2/csv/J2_VIIRS_C2_Global_24h.csv,2026-09-22 13:46:18.797039+00:00
986b49214693a442,34.59468,-2.34769,2026-09-22 01:11:00+00:00,2026-09-22,0111,N21,,0.6,nominal,301.01,288.85,0.42,0.61,0.91,N,2.0NRT,VIIRS_NOAA21_C2,https://firms.modaps.eosdis.nasa.gov/data/active_fire/noaa-21-viirs-c2/csv/J2_VIIRS_C2_Global_24h.csv,2026-09-22 13:46:18.797039+00:00
64824f368ac89037,33.36563,8.55025,2026-09-22 01:11:00+00:00,2026-09-22,0111,N21,,0.6,nominal,308.61,289.27,0.39,0.36,0.46,N,2.0NRT,VIIRS_NOAA21_C2,https://firms.modaps.eosdis.nasa.gov/data/active_fire/noaa-21-viirs-c2/csv/J2_VIIRS_C2_Global_24h.csv,2026-09-22 13:46:18.797039+00:00
82ddff3658be2864,36.96432,-1.90666,2026-09-22 02:51:00+00:00,2026-09-22,0251,N21,,0.6,nominal,301.37,290.93,0.45,0.63,0.75,N,2.0NRT,VIIRS_NOAA21_C2,https://firms.modaps.eosdis.nasa.gov/data/active_fire/noaa-21-viirs-c2/csv/J2_VIIRS_C2_Global_24h.csv,2026-09-22 13:46:18.797039+00:00
7dbda7c722a90007,35.81322,-0.26713,2026-09-22 02:51:00+00:00,2026-09-22,0251,N21,,0.6,nominal,318.63,290.61,0.6,0.7,3.93,N,2.0NRT,VIIRS_NOAA21_C2,https://firms.modaps.eosdis.nasa.gov/data/active_fire/noaa-21-viirs-c2/csv/J2_VIIRS_C2_Global_24h.csv,2026-09-22 13:46:18.797039+00:00
9c67b23956da04b3,36.17819,-5.42492,2026-09-22 02:51:00+00:00,2026-09-22,0251,N21,,0.6,nominal,305.21,293.04,0.62,0.54,1.76,N,2.0NRT,VIIRS_NOAA21_C2,https://firms.modaps.eosdis.nasa.gov/data/active_fire/noaa-21-viirs-c2/csv/J2_VIIRS_C2_Global_24h.csv,2026-09-22 13:46:18.797039+00:00
6b4152be7b4f48ee,34.5914,-6.00084,2026-09-22 02:51:00+00:00,2026-09-22,0251,N21,,0.6,nominal,312.5,292.25,0.63,0.54,2.08,N,2.0NRT,VIIRS_NOAA21_C2,https://firms.modaps.eosdis.nasa.gov/data/active_fire/noaa-21-viirs-c2/csv/J2_VIIRS_C2_Global_24h.csv,2026-09-22 13:46:18.797039+00:00
3a51ec3198478074,32.45907,-8.67747,2026-09-22 02:51:00+00:00,2026-09-22,0251,N21,,0.6,nominal,301.9,290.04,0.5,0.49,0.66,N,2.0NRT,VIIRS_NOAA21_C2,https://firms.modaps.eosdis.nasa.gov/data/active_fire/noaa-21-viirs-c2/csv/J2_VIIRS_C2_Global_24h.csv,2026-09-22 13:46:18.797039+00:00
556867d0a89d1c41,31.9557,11.14186,2026-09-21 00:26:00+00:00,2026-09-21,0026,N,,0.6,nominal,303.3,286.88,0.44,0.63,0.9,N,2.0NRT,VIIRS_SNPP_C2,https://firms.modaps.eosdis.nasa.gov/data/active_fire/suomi-npp-viirs-c2/csv/SUOMI_VIIRS_C2_Global_24h.csv,2026-09-22 13:46:18.797039+00:00
0e74a2f71d1ea435,31.31775,11.80159,2026-09-21 00:26:00+00:00,2026-09-21,0026,N,,0.6,nominal,320.96,288.75,0.4,0.6,2.75,N,2.0NRT,VIIRS_SNPP_C2,https://firms.modaps.eosdis.nasa.gov/data/active_fire/suomi-npp-viirs-c2/csv/SUOMI_VIIRS_C2_Global_24h.csv,2026-09-22 13:46:18.797039+00:00
3cde733bdd22c7c1,31.31744,11.80593,2026-09-21 00:26:00+00:00,2026-09-21,0026,N,,0.6,nominal,311.22,288.5,0.4,0.6,1.83,N,2.0NRT,VIIRS_SNPP_C2,https://firms.modaps.eosdis.nasa.gov/data/active_fire/suomi-npp-viirs-c2/csv/SUOMI_VIIRS_C2_Global_24h.csv,2026-09-22 13:46:18.797039+00:00
c9dd267f4d781676,31.39897,6.93357,2026-09-21 00:26:00+00:00,2026-09-21,0026,N,,0.6,nominal,299.38,286.63,0.77,0.77,1.5,N,2.0NRT,VIIRS_SNPP_C2,https://firms.modaps.eosdis.nasa.gov/data/active_fire/suomi-npp-viirs-c2/csv/SUOMI_VIIRS_C2_Global_24h.csv,2026-09-22 13:46:18.797039+00:00
0d91462fd3af9f12,31.39168,6.93306,2026-09-21 00:26:00+00:00,2026-09-21,0026,N,,0.6,nominal,297.75,287.0,0.77,0.77,1.5,N,2.0NRT,VIIRS_SNPP_C2,https://firms.modaps.eosdis.nasa.gov/data/active_fire/suomi-npp-viirs-c2/csv/SUOMI_VIIRS_C2_Global_24h.csv,2026-09-22 13:46:18.797039+00:00
304a25f34ec4c3d9,31.39838,6.92832,2026-09-21 00:26:00+00:00,2026-09-21,0026,N,,0.6,nominal,305.11,286.8,0.77,0.77,3.29,N,2.0NRT,VIIRS_SNPP_C2,https://firms.modaps.eosdis.nasa.gov/data/active_fire/suomi-npp-viirs-c2/csv/SUOMI_VIIRS_C2_Global_24h.csv,2026-09-22 13:46:18.797039+00:00
060d213c31255304,31.39079,6.93642,2026-09-21 00:26:00+00:00,2026-09-21,0026,N,,0.6,nominal,301.18,286.94,0.77,0.77,1.69,N,2.0NRT,VIIRS_SNPP_C2,https://firms.modaps.eosdis.nasa.gov/data/active_fire/suomi-npp-viirs-c2/csv/SUOMI_VIIRS_C2_Global_24h.csv,2026-09-22 13:46:18.797039+00:00
c16723d0b1b9f7ff,31.3905,6.94499,2026-09-21 00:26:00+00:00,2026-09-21,0026,N,,0.6,nominal,297.42,286.5,0.77,0.77,1.69,N,2.0NRT,VIIRS_SNPP_C2,https://firms.modaps.eosdis.nasa.gov/data/active_fire/suomi-npp-viirs-c2/csv/SUOMI_VIIRS_C2_Global_24h.csv,2026-09-22 13:46:18.797039+00:00
63860b9286428085,31.18019,8.10351,2026-09-21 00:26:00+00:00,2026-09-21,0026,N,,0.6,nominal,300.96,288.24,0.66,0.73,0.87,N,2.0NRT,VIIRS_SNPP_C2,https://firms.modaps.eosdis.nasa.gov/data/active_fire/suomi-npp-viirs-c2/csv/SUOMI_VIIRS_C2_Global_24h.csv,2026-09-22 13:46:18.797039+00:00
351496e207cbc2b5,31.19009,6.78635,2026-09-21 00:28:00+00:00,2026-09-21,0028,N,,0.6,nominal,308.25,281.56,0.78,0.78,3.0,N,2.0NRT,VIIRS_SNPP_C2,https://firms.modaps.eosdis.nasa.gov/data/active_fire/suomi-npp-viirs-c2/csv/SUOMI_VIIRS_C2_Global_24h.csv,2026-09-22 13:46:18.797039+00:00
44c231a5890c8387,31.00511,10.06218,2026-09-21 00:28:00+00:00,2026-09-21,0028,N,,0.6,nominal,305.22,288.9,0.5,0.66,1.35,N,2.0NRT,VIIRS_SNPP_C2,https://firms.modaps.eosdis.nasa.gov/data/active_fire/suomi-npp-viirs-c2/csv/SUOMI_VIIRS_C2_Global_24h.csv,2026-09-22 13:46:18.797039+00:00
a1c0b6a83596f1c9,31.08752,7.82637,2026-09-21 00:28:00+00:00,2026-09-21,0028,N,,0.6,nominal,323.16,287.16,0.68,0.74,3.45,N,2.0NRT,VIIRS_SNPP_C2,https://firms.modaps.eosdis.nasa.gov/data/active_fire/suomi-npp-viirs-c2/csv/SUOMI_VIIRS_C2_Global_24h.csv,2026-09-22 13:46:18.797039+00:00
83a1f82ab7416a1a,31.05865,8.03097,2026-09-21 00:28:00+00:00,2026-09-21,0028,N,,0.6,nominal,330.14,287.83,0.66,0.73,5.15,N,2.0NRT,VIIRS_SNPP_C2,https://firms.modaps.eosdis.nasa.gov/data/active_fire/suomi-npp-viirs-c2/csv/SUOMI_VIIRS_C2_Global_24h.csv,2026-09-22 13:46:18.797039+00:00
50b7a96544f956df,31.05836,8.03817,2026-09-21 00:28:00+00:00,2026-09-21,0028,N,,0.6,nominal,302.0,287.73,0.66,0.73,2.47,N,2.0NRT,VIIRS_SNPP_C2,https://firms.modaps.eosdis.nasa.gov/data/active_fire/suomi-npp-viirs-c2/csv/SUOMI_VIIRS_C2_Global_24h.csv,2026-09-22 13:46:18.797039+00:00
9cad43f784105fa0,31.05176,8.03058,2026-09-21 00:28:00+00:00,2026-09-21,0028,N,,0.6,nominal,330.76,287.6,0.66,0.73,5.81,N,2.0NRT,VIIRS_SNPP_C2,https://firms.modaps.eosdis.nasa.gov/data/active_fire/suomi-npp-viirs-c2/csv/SUOMI_VIIRS_C2_Global_24h.csv,2026-09-22 13:46:18.797039+00:00
91f4d623b365484f,31.05147,8.03791,2026-09-21 00:28:00+00:00,2026-09-21,0028,N,,0.6,nominal,300.14,287.82,0.66,0.73,3.0,N,2.0NRT,VIIRS_SNPP_C2,https://firms.modaps.eosdis.nasa.gov/data/active_fire/suomi-npp-viirs-c2/csv/SUOMI_VIIRS_C2_Global_24h.csv,2026-09-22 13:46:18.797039+00:00
59227b5633ea769d,31.05907,8.02991,2026-09-21 00:28:00+00:00,2026-09-21,0028,N,,0.6,nominal,306.99,287.57,0.66,0.73,2.8,N,2.0NRT,VIIRS_SNPP_C2,https://firms.modaps.eosdis.nasa.gov/data/active_fire/suomi-npp-viirs-c2/csv/SUOMI_VIIRS_C2_Global_24h.csv,2026-09-22 13:46:18.797039+00:00
b993ceef83358b73,31.05874,8.0371,2026-09-21 00:28:00+00:00,2026-09-21,0028,N,,0.6,nominal,303.66,287.39,0.66,0.73,2.8,N,2.0NRT,VIIRS_SNPP_C2,https://firms.modaps.eosdis.nasa.gov/data/active_fire/suomi-npp-viirs-c2/csv/SUOMI_VIIRS_C2_Global_24h.csv,2026-09-22 13:46:18.797039+00:00
b4a0f84aac85fcf7,31.05219,8.02953,2026-09-21 00:28:00+00:00,2026-09-21,0028,N,,0.6,nominal,331.55,287.34,0.66,0.73,2.8,N,2.0NRT,VIIRS_SNPP_C2,https://firms.modaps.eosdis.nasa.gov/data/active_fire/suomi-npp-viirs-c2/csv/SUOMI_VIIRS_C2_Global_24h.csv,2026-09-22 13:46:18.797039+00:00
6c55c143aa1c7b88,31.05186,8.03685,2026-09-21 00:28:00+00:00,2026-09-21,0028,N,,0.6,nominal,312.98,287.54,0.66,0.73,2.8,N,2.0NRT,VIIRS_SNPP_C2,https://firms.modaps.eosdis.nasa.gov/data/active_fire/suomi-npp-viirs-c2/csv/SUOMI_VIIRS_C2_Global_24h.csv,2026-09-22 13:46:18.797039+00:00
4e596d15100c1c14,31.0118,8.16387,2026-09-21 00:28:00+00:00,2026-09-21,0028,N,,0.6,nominal,298.81,287.95,0.65,0.73,1.64,N,2.0NRT,VIIRS_SNPP_C2,https://firms.modaps.eosdis.nasa.gov/data/active_fire/suomi-npp-viirs-c2/csv/SUOMI_VIIRS_C2_Global_24h.csv,2026-09-22 13:46:18.797039+00:00
2fd529f76014233a,31.01149,8.17081,2026-09-21 00:28:00+00:00,2026-09-21,0028,N,,0.6,nominal,301.02,288.61,0.65,0.73,1.23,N,2.0NRT,VIIRS_SNPP_C2,https://firms.modaps.eosdis.nasa.gov/data/active_fire/suomi-npp-viirs-c2/csv/SUOMI_VIIRS_C2_Global_24h.csv,2026-09-22 13:46:18.797039+00:00
1acee7333d9459c3,30.66268,8.10262,2026-09-21 00:28:00+00:00,2026-09-21,0028,N,,0.6,nominal,307.66,288.78,0.65,0.73,1.39,N,2.0NRT,VIIRS_SNPP_C2,https://firms.modaps.eosdis.nasa.gov/data/active_fire/suomi-npp-viirs-c2/csv/SUOMI_VIIRS_C2_Global_24h.csv,2026-09-22 13:46:18.797039+00:00
9b99ba7f3b4cebaf,30.37448,7.01063,2026-09-21 00:28:00+00:00,2026-09-21,0028,N,,0.6,nominal,308.71,288.56,0.75,0.77,1.37,N,2.0NRT,VIIRS_SNPP_C2,https://firms.modaps.eosdis.nasa.gov/data/active_fire/suomi-npp-viirs-c2/csv/SUOMI_VIIRS_C2_Global_24h.csv,2026-09-22 13:46:18.797039+00:00
fe50921c8ebfe489,30.25591,8.08501,2026-09-21 00:28:00+00:00,2026-09-21,0028,N,,0.6,nominal,304.51,289.75,0.65,0.73,1.78,N,2.0NRT,VIIRS_SNPP_C2,https://firms.modaps.eosdis.nasa.gov/data/active_fire/suomi-npp-viirs-c2/csv/SUOMI_VIIRS_C2_Global_24h.csv,2026-09-22 13:46:18.797039+00:00
3a33923bab7dde0a,29.70048,6.70605,2026-09-21 00:28:00+00:00,2026-09-21,0028,N,,0.6,nominal,307.71,289.61,0.77,0.78,2.21,N,2.0NRT,VIIRS_SNPP_C2,https://firms.modaps.eosdis.nasa.gov/data/active_fire/suomi-npp-viirs-c2/csv/SUOMI_VIIRS_C2_Global_24h.csv,2026-09-22 13:46:18.797039+00:00
3942cb5c258710db,29.70016,6.71449,2026-09-21 00:28:00+00:00,2026-09-21,0028,N,,0.6,nominal,301.61,289.94,0.77,0.78,2.47,N,2.0NRT,VIIRS_SNPP_C2,https://firms.modaps.eosdis.nasa.gov/data/active_fire/suomi-npp-viirs-c2/csv/SUOMI_VIIRS_C2_Global_24h.csv,2026-09-22 13:46:18.797039+00:00
db10b82507426d78,29.69349,6.69723,2026-09-21 00:28:00+00:00,2026-09-21,0028,N,,0.6,nominal,322.38,289.59,0.78,0.78,2.21,N,2.0NRT,VIIRS_SNPP_C2,https://firms.modaps.eosdis.nasa.gov/data/active_fire/suomi-npp-viirs-c2/csv/SUOMI_VIIRS_C2_Global_24h.csv,2026-09-22 13:46:18.797039+00:00
4ce98c24da7ee460,29.69317,6.70565,2026-09-21 00:28:00+00:00,2026-09-21,0028,N,,0.6,nominal,300.57,289.85,0.77,0.78,2.21,N,2.0NRT,VIIRS_SNPP_C2,https://firms.modaps.eosdis.nasa.gov/data/active_fire/suomi-npp-viirs-c2/csv/SUOMI_VIIRS_C2_Global_24h.csv,2026-09-22 13:46:18.797039+00:00
ccae37b52b1214d2,29.68618,6.69682,2026-09-21 00:28:00+00:00,2026-09-21,0028,N,,0.6,nominal,302.73,290.06,0.78,0.78,1.4,N,2.0NRT,VIIRS_SNPP_C2,https://firms.modaps.eosdis.nasa.gov/data/active_fire/suomi-npp-viirs-c2/csv/SUOMI_VIIRS_C2_Global_24h.csv,2026-09-22 13:46:18.797039+00:00
3b8da4fec179d1c0,29.67066,6.72122,2026-09-21 00:28:00+00:00,2026-09-21,0028,N,,0.6,nominal,312.15,290.31,0.77,0.78,2.39,N,2.0NRT,VIIRS_SNPP_C2,https://firms.modaps.eosdis.nasa.gov/data/active_fire/suomi-npp-viirs-c2/csv/SUOMI_VIIRS_C2_Global_24h.csv,2026-09-22 13:46:18.797039+00:00
970983c012d462e1,29.68583,6.69658,2026-09-21 00:28:00+00:00,2026-09-21,0028,N,,0.6,nominal,302.26,289.74,0.77,0.78,1.42,N,2.0NRT,VIIRS_SNPP_C2,https://firms.modaps.eosdis.nasa.gov/data/active_fire/suomi-npp-viirs-c2/csv/SUOMI_VIIRS_C2_Global_24h.csv,2026-09-22 13:46:18.797039+00:00
1dd7b87b1c8d24be,29.67017,6.721,2026-09-21 00:28:00+00:00,2026-09-21,0028,N,,0.6,nominal,312.86,289.91,0.77,0.77,1.79,N,2.0NRT,VIIRS_SNPP_C2,https://firms.modaps.eosdis.nasa.gov/data/active_fire/suomi-npp-viirs-c2/csv/SUOMI_VIIRS_C2_Global_24h.csv,2026-09-22 13:46:18.797039+00:00
62ce2e33d4fd0ce8,29.10864,9.66606,2026-09-21 00:28:00+00:00,2026-09-21,0028,N,,0.6,nominal,301.24,285.91,0.51,0.66,0.82,N,2.0NRT,VIIRS_SNPP_C2,https://firms.modaps.eosdis.nasa.gov/data/active_fire/suomi-npp-viirs-c2/csv/SUOMI_VIIRS_C2_Global_24h.csv,2026-09-22 13:46:18.797039+00:00
89abe81d52ab4ff6,28.91159,9.74641,2026-09-21 00:28:00+00:00,2026-09-21,0028,N,,0.6,nominal,301.92,275.77,0.51,0.66,1.52,N,2.0NRT,VIIRS_SNPP_C2,https://firms.modaps.eosdis.nasa.gov/data/active_fire/suomi-npp-viirs-c2/csv/SUOMI_VIIRS_C2_Global_24h.csv,2026-09-22 13:46:18.797039+00:00
3d5d85d8f073a6c0,28.82164,9.90834,2026-09-21 00:28:00+00:00,2026-09-21,0028,N,,0.6,nominal,304.86,284.6,0.49,0.65,0.93,N,2.0NRT,VIIRS_SNPP_C2,https://firms.modaps.eosdis.nasa.gov/data/active_fire/suomi-npp-viirs-c2/csv/SUOMI_VIIRS_C2_Global_24h.csv,2026-09-22 13:46:18.797039+00:00
34ea068d4565c947,28.73706,9.78907,2026-09-21 00:28:00+00:00,2026-09-21,0028,N,,0.6,nominal,313.56,283.28,0.5,0.66,2.26,N,2.0NRT,VIIRS_SNPP_C2,https://firms.modaps.eosdis.nasa.gov/data/active_fire/suomi-npp-viirs-c2/csv/SUOMI_VIIRS_C2_Global_24h.csv,2026-09-22 13:46:18.797039+00:00
e547fc3173af8b21,28.63959,9.7803,2026-09-21 00:28:00+00:00,2026-09-21,0028,N,,0.6,nominal,296.36,274.21,0.5,0.66,0.84,N,2.0NRT,VIIRS_SNPP_C2,https://firms.modaps.eosdis.nasa.gov/data/active_fire/suomi-npp-viirs-c2/csv/SUOMI_VIIRS_C2_Global_24h.csv,2026-09-22 13:46:18.797039+00:00
c8c3ce596aa49cf0,28.6331,9.78499,2026-09-21 00:28:00+00:00,2026-09-21,0028,N,,0.6,nominal,307.36,273.83,0.5,0.66,1.58,N,2.0NRT,VIIRS_SNPP_C2,https://firms.modaps.eosdis.nasa.gov/data/active_fire/suomi-npp-viirs-c2/csv/SUOMI_VIIRS_C2_Global_24h.csv,2026-09-22 13:46:18.797039+00:00
02db09986f8042b4,28.66253,7.91236,2026-09-21 00:28:00+00:00,2026-09-21,0028,N,,0.6,nominal,295.08,280.5,0.65,0.73,1.93,N,2.0NRT,VIIRS_SNPP_C2,https://firms.modaps.eosdis.nasa.gov/data/active_fire/suomi-npp-viirs-c2/csv/SUOMI_VIIRS_C2_Global_24h.csv,2026-09-22 13:46:18.797039+00:00
a243e0cf1b88167d,28.68814,7.19266,2026-09-21 00:28:00+00:00,2026-09-21,0028,N,,0.6,nominal,302.17,289.8,0.71,0.75,0.79,N,2.0NRT,VIIRS_SNPP_C2,https://firms.modaps.eosdis.nasa.gov/data/active_fire/suomi-npp-viirs-c2/csv/SUOMI_VIIRS_C2_Global_24h.csv,2026-09-22 13:46:18.797039+00:00
59629166d15be1e7,28.68107,7.19187,2026-09-21 00:28:00+00:00,2026-09-21,0028,N,,0.6,nominal,318.19,290.16,0.71,0.75,1.94,N,2.0NRT,VIIRS_SNPP_C2,https://firms.modaps.eosdis.nasa.gov/data/active_fire/suomi-npp-viirs-c2/csv/SUOMI_VIIRS_C2_Global_24h.csv,2026-09-22 13:46:18.797039+00:00
3d3b624a5b0dc2b7,28.6839,7.18977,2026-09-21 00:28:00+00:00,2026-09-21,0028,N,,0.6,nominal,321.84,290.19,0.71,0.75,3.16,N,2.0NRT,VIIRS_SNPP_C2,https://firms.modaps.eosdis.nasa.gov/data/active_fire/suomi-npp-viirs-c2/csv/SUOMI_VIIRS_C2_Global_24h.csv,2026-09-22 13:46:18.797039+00:00
00bdcf0ab82be7fa,28.61282,7.50028,2026-09-21 00:28:00+00:00,2026-09-21,0028,N,,0.6,nominal,313.57,290.25,0.68,0.74,1.79,N,2.0NRT,VIIRS_SNPP_C2,https://firms.modaps.eosdis.nasa.gov/data/active_fire/suomi-npp-viirs-c2/csv/SUOMI_VIIRS_C2_Global_24h.csv,2026-09-22 13:46:18.797039+00:00
84f2ca889ee51fee,28.60308,7.25309,2026-09-21 00:28:00+00:00,2026-09-21,0028,N,,0.6,nominal,301.64,291.48,0.71,0.75,1.51,N,2.0NRT,VIIRS_SNPP_C2,https://firms.modaps.eosdis.nasa.gov/data/active_fire/suomi-npp-viirs-c2/csv/SUOMI_VIIRS_C2_Global_24h.csv,2026-09-22 13:46:18.797039+00:00
82ecaa9dee004ed0,28.57792,7.65059,2026-09-21 00:28:00+00:00,2026-09-21,0028,N,,0.6,nominal,306.41,286.4,0.67,0.74,1.25,N,2.0NRT,VIIRS_SNPP_C2,https://firms.modaps.eosdis.nasa.gov/data/active_fire/suomi-npp-viirs-c2/csv/SUOMI_VIIRS_C2_Global_24h.csv,2026-09-22 13:46:18.797039+00:00
17772aa1b294db4b,28.61424,7.50323,2026-09-21 00:28:00+00:00,2026-09-21,0028,N,,0.6,nominal,305.14,290.44,0.68,0.74,1.51,N,2.0NRT,VIIRS_SNPP_C2,https://firms.modaps.eosdis.nasa.gov/data/active_fire/suomi-npp-viirs-c2/csv/SUOMI_VIIRS_C2_Global_24h.csv,2026-09-22 13:46:18.797039+00:00
69c288d6d91e97ac,28.5989,7.25624,2026-09-21 00:28:00+00:00,2026-09-21,0028,N,,0.6,nominal,309.35,291.21,0.71,0.75,1.21,N,2.0NRT,VIIRS_SNPP_C2,https://firms.modaps.eosdis.nasa.gov/data/active_fire/suomi-npp-viirs-c2/csv/SUOMI_VIIRS_C2_Global_24h.csv,2026-09-22 13:46:18.797039+00:00
1be605d45bc9c2ec,28.57845,7.65363,2026-09-21 00:28:00+00:00,2026-09-21,0028,N,,0.6,nominal,314.22,285.1,0.67,0.74,2.66,N,2.0NRT,VIIRS_SNPP_C2,https://firms.modaps.eosdis.nasa.gov/data/active_fire/suomi-npp-viirs-c2/csv/SUOMI_VIIRS_C2_Global_24h.csv,2026-09-22 13:46:18.797039+00:00
da2d6b23f46a0041,28.55786,7.5145,2026-09-21 00:28:00+00:00,2026-09-21,0028,N,,0.6,nominal,307.25,289.95,0.68,0.74,1.28,N,2.0NRT,VIIRS_SNPP_C2,https://firms.modaps.eosdis.nasa.gov/data/active_fire/suomi-npp-viirs-c2/csv/SUOMI_VIIRS_C2_Global_24h.csv,2026-09-22 13:46:18.797039+00:00
4f963b3adc653e77,28.46024,7.51531,2026-09-21 00:28:00+00:00,2026-09-21,0028,N,,0.6,nominal,305.37,289.06,0.68,0.74,1.58,N,2.0NRT,VIIRS_SNPP_C2,https://firms.modaps.eosdis.nasa.gov/data/active_fire/suomi-npp-viirs-c2/csv/SUOMI_VIIRS_C2_Global_24h.csv,2026-09-22 13:46:18.797039+00:00
44f36c17db302a40,28.45398,7.51597,2026-09-21 00:28:00+00:00,2026-09-21,0028,N,,0.6,nominal,303.01,289.42,0.68,0.74,1.79,N,2.0NRT,VIIRS_SNPP_C2,https://firms.modaps.eosdis.nasa.gov/data/active_fire/suomi-npp-viirs-c2/csv/SUOMI_VIIRS_C2_Global_24h.csv,2026-09-22 13:46:18.797039+00:00
f43dc90cc02a7628,26.43218,11.8473,2026-09-21 00:28:00+00:00,2026-09-21,0028,N,,0.6,nominal,303.84,290.53,0.35,0.57,1.13,N,2.0NRT,VIIRS_SNPP_C2,https://firms.modaps.eosdis.nasa.gov/data/active_fire/suomi-npp-viirs-c2/csv/SUOMI_VIIRS_C2_Global_24h.csv,2026-09-22 13:46:18.797039+00:00
bfb86f026a759eec,26.43187,11.85093,2026-09-21 00:28:00+00:00,2026-09-21,0028,N,,0.6,nominal,311.81,290.98,0.35,0.57,0.98,N,2.0NRT,VIIRS_SNPP_C2,https://firms.modaps.eosdis.nasa.gov/data/active_fire/suomi-npp-viirs-c2/csv/SUOMI_VIIRS_C2_Global_24h.csv,2026-09-22 13:46:18.797039+00:00
b3210901a22dcd19,26.02996,11.97684,2026-09-21 00:28:00+00:00,2026-09-21,0028,N,,0.6,nominal,316.25,275.23,0.34,0.56,0.61,N,2.0NRT,VIIRS_SNPP_C2,https://firms.modaps.eosdis.nasa.gov/data/active_fire/suomi-npp-viirs-c2/csv/SUOMI_VIIRS_C2_Global_24h.csv,2026-09-22 13:46:18.797039+00:00
82f2d53a6699f9ac,36.49917,10.02631,2026-09-21 02:06:00+00:00,2026-09-21,0206,N,,0.6,nominal,299.19,286.71,0.33,0.56,0.8,N,2.0NRT,VIIRS_SNPP_C2,https://firms.modaps.eosdis.nasa.gov/data/active_fire/suomi-npp-viirs-c2/csv/SUOMI_VIIRS_C2_Global_24h.csv,2026-09-22 13:46:18.797039+00:00
94a6c60d5fa4f668,36.5019,10.02894,2026-09-21 02:06:00+00:00,2026-09-21,0206,N,,0.6,nominal,301.36,287.12,0.33,0.56,0.82,N,2.0NRT,VIIRS_SNPP_C2,https://firms.modaps.eosdis.nasa.gov/data/active_fire/suomi-npp-viirs-c2/csv/SUOMI_VIIRS_C2_Global_24h.csv,2026-09-22 13:46:18.797039+00:00
911982fa282e73e3,36.67261,9.25581,2026-09-21 02:06:00+00:00,2026-09-21,0206,N,,0.6,nominal,301.3,286.59,0.6,0.53,2.65,N,2.0NRT,VIIRS_SNPP_C2,https://firms.modaps.eosdis.nasa.gov/data/active_fire/suomi-npp-viirs-c2/csv/SUOMI_VIIRS_C2_Global_24h.csv,2026-09-22 13:46:18.797039+00:00
ed7c14addf50ff0b,36.33822,10.41072,2026-09-21 02:06:00+00:00,2026-09-21,0206,N,,0.6,nominal,299.43,285.69,0.35,0.57,0.35,N,2.0NRT,VIIRS_SNPP_C2,https://firms.modaps.eosdis.nasa.gov/data/active_fire/suomi-npp-viirs-c2/csv/SUOMI_VIIRS_C2_Global_24h.csv,2026-09-22 13:46:18.797039+00:00
8ea26174f3ce573c,36.87749,6.94228,2026-09-21 02:06:00+00:00,2026-09-21,0206,N,,0.6,nominal,300.44,289.74,0.45,0.47,1.49,N,2.0NRT,VIIRS_SNPP_C2,https://firms.modaps.eosdis.nasa.gov/data/active_fire/suomi-npp-viirs-c2/csv/SUOMI_VIIRS_C2_Global_24h.csv,2026-09-22 13:46:18.797039+00:00
76b283b4de643b7e,36.87638,6.94725,2026-09-21 02:06:00+00:00,2026-09-21,0206,N,,0.6,nominal,311.5,290.2,0.45,0.47,0.83,N,2.0NRT,VIIRS_SNPP_C2,https://firms.modaps.eosdis.nasa.gov/data/active_fire/suomi-npp-viirs-c2/csv/SUOMI_VIIRS_C2_Global_24h.csv,2026-09-22 13:46:18.797039+00:00
1b6ddbe6641742a1,36.76252,7.30779,2026-09-21 02:06:00+00:00,2026-09-21,0206,N,,0.6,nominal,303.71,289.91,0.47,0.48,0.78,N,2.0NRT,VIIRS_SNPP_C2,https://firms.modaps.eosdis.nasa.gov/data/active_fire/suomi-npp-viirs-c2/csv/SUOMI_VIIRS_C2_Global_24h.csv,2026-09-22 13:46:18.797039+00:00
6ab4285636402174,36.7464,6.25775,2026-09-21 02:06:00+00:00,2026-09-21,0206,N,,0.6,nominal,338.02,291.36,0.42,0.45,3.66,N,2.0NRT,VIIRS_SNPP_C2,https://firms.modaps.eosdis.nasa.gov/data/active_fire/suomi-npp-viirs-c2/csv/SUOMI_VIIRS_C2_Global_24h.csv,2026-09-22 13:46:18.797039+00:00
9a39a90533d8c00e,36.74742,6.25313,2026-09-21 02:06:00+00:00,2026-09-21,0206,N,,0.6,nominal,313.83,292.03,0.42,0.45,4.3,N,2.0NRT,VIIRS_SNPP_C2,https://firms.modaps.eosdis.nasa.gov/data/active_fire/suomi-npp-viirs-c2/csv/SUOMI_VIIRS_C2_Global_24h.csv,2026-09-22 13:46:18.797039+00:00
e73e016920d54378,36.33359,5.48131,2026-09-21 02:06:00+00:00,2026-09-21,0206,N,,0.6,nominal,310.92,287.95,0.39,0.44,1.25,N,2.0NRT,VIIRS_SNPP_C2,https://firms.modaps.eosdis.nasa.gov/data/active_fire/suomi-npp-viirs-c2/csv/SUOMI_VIIRS_C2_Global_24h.csv,2026-09-22 13:46:18.797039+00:00
b54c454ebd4036d0,36.75025,3.08254,2026-09-21 02:06:00+00:00,2026-09-21,0206,N,,0.6,nominal,314.96,292.64,0.46,0.39,1.71,N,2.0NRT,VIIRS_SNPP_C2,https://firms.modaps.eosdis.nasa.gov/data/active_fire/suomi-npp-viirs-c2/csv/SUOMI_VIIRS_C2_Global_24h.csv,2026-09-22 13:46:18.797039+00:00
d2750a0529749357,36.68133,3.12458,2026-09-21 02:06:00+00:00,2026-09-21,0206,N,,0.6,nominal,302.1,291.79,0.46,0.39,0.91,N,2.0NRT,VIIRS_SNPP_C2,https://firms.modaps.eosdis.nasa.gov/data/active_fire/suomi-npp-viirs-c2/csv/SUOMI_VIIRS_C2_Global_24h.csv,2026-09-22 13:46:18.797039+00:00
27243dd2f3c01c9f,37.83388,-4.5554,2026-09-21 02:06:00+00:00,2026-09-21,0206,N,,0.6,nominal,306.94,290.15,0.47,0.4,0.78,N,2.0NRT,VIIRS_SNPP_C2,https://firms.modaps.eosdis.nasa.gov/data/active_fire/suomi-npp-viirs-c2/csv/SUOMI_VIIRS_C2_Global_24h.csv,2026-09-22 13:46:18.797039+00:00
ae304d8bed387939,36.5956,2.87967,2026-09-21 02:06:00+00:00,2026-09-21,0206,N,,0.6,nominal,306.4,290.08,0.45,0.39,0.74,N,2.0NRT,VIIRS_SNPP_C2,https://firms.modaps.eosdis.nasa.gov/data/active_fire/suomi-npp-viirs-c2/csv/SUOMI_VIIRS_C2_Global_24h.csv,2026-09-22 13:46:18.797039+00:00
87071cc04187ac98,36.9664,-1.90475,2026-09-21 02:06:00+00:00,2026-09-21,0206,N,,0.6,nominal,320.36,294.91,0.39,0.36,1.92,N,2.0NRT,VIIRS_SNPP_C2,https://firms.modaps.eosdis.nasa.gov/data/active_fire/suomi-npp-viirs-c2/csv/SUOMI_VIIRS_C2_Global_24h.csv,2026-09-22 13:46:18.797039+00:00
38949477f05442ab,36.14006,2.92913,2026-09-21 02:06:00+00:00,2026-09-21,0206,N,,0.6,nominal,301.9,287.56,0.46,0.39,0.57,N,2.0NRT,VIIRS_SNPP_C2,https://firms.modaps.eosdis.nasa.gov/data/active_fire/suomi-npp-viirs-c2/csv/SUOMI_VIIRS_C2_Global_24h.csv,2026-09-22 13:46:18.797039+00:00
b705eb45beaa4402,35.71059,4.47648,2026-09-21 02:06:00+00:00,2026-09-21,0206,N,,0.6,nominal,300.8,290.22,0.54,0.42,0.53,N,2.0NRT,VIIRS_SNPP_C2,https://firms.modaps.eosdis.nasa.gov/data/active_fire/suomi-npp-viirs-c2/csv/SUOMI_VIIRS_C2_Global_24h.csv,2026-09-22 13:46:18.797039+00:00
102a05d02220b74b,35.34837,5.76184,2026-09-21 02:06:00+00:00,2026-09-21,0206,N,,0.6,nominal,310.26,287.17,0.42,0.45,1.79,N,2.0NRT,VIIRS_SNPP_C2,https://firms.modaps.eosdis.nasa.gov/data/active_fire/suomi-npp-viirs-c2/csv/SUOMI_VIIRS_C2_Global_24h.csv,2026-09-22 13:46:18.797039+00:00
793d0fe0cf70775e,36.01823,0.12694,2026-09-21 02:06:00+00:00,2026-09-21,0206,N,,0.6,nominal,316.55,291.7,0.39,0.36,1.12,N,2.0NRT,VIIRS_SNPP_C2,https://firms.modaps.eosdis.nasa.gov/data/active_fire/suomi-npp-viirs-c2/csv/SUOMI_VIIRS_C2_Global_24h.csv,2026-09-22 13:46:18.797039+00:00
6fcf3136888d1feb,33.87598,9.99309,2026-09-21 02:06:00+00:00,2026-09-21,0206,N,,0.6,nominal,301.66,289.49,0.39,0.59,0.75,N,2.0NRT,VIIRS_SNPP_C2,https://firms.modaps.eosdis.nasa.gov/data/active_fire/suomi-npp-viirs-c2/csv/SUOMI_VIIRS_C2_Global_24h.csv,2026-09-22 13:46:18.797039+00:00
e1ab7e0fd2e26d54,35.78373,0.54156,2026-09-21 02:06:00+00:00,2026-09-21,0206,N,,0.6,nominal,303.51,292.93,0.4,0.37,0.55,N,2.0NRT,VIIRS_SNPP_C2,https://firms.modaps.eosdis.nasa.gov/data/active_fire/suomi-npp-viirs-c2/csv/SUOMI_VIIRS_C2_Global_24h.csv,2026-09-22 13:46:18.797039+00:00
16b76a08fce45790,35.82408,-0.32638,2026-09-21 02:06:00+00:00,2026-09-21,0206,N,,0.6,nominal,303.7,292.43,0.39,0.36,0.47,N,2.0NRT,VIIRS_SNPP_C2,https://firms.modaps.eosdis.nasa.gov/data/active_fire/suomi-npp-viirs-c2/csv/SUOMI_VIIRS_C2_Global_24h.csv,2026-09-22 13:46:18.797039+00:00
d661eb1d04021c43,35.81499,-0.27117,2026-09-21 02:06:00+00:00,2026-09-21,0206,N,,0.6,nominal,308.86,291.69,0.39,0.36,0.65,N,2.0NRT,VIIRS_SNPP_C2,https://firms.modaps.eosdis.nasa.gov/data/active_fire/suomi-npp-viirs-c2/csv/SUOMI_VIIRS_C2_Global_24h.csv,2026-09-22 13:46:18.797039+00:00
755d1de256237079,35.80889,-0.255,2026-09-21 02:06:00+00:00,2026-09-21,0206,N,,0.6,nominal,338.27,293.29,0.39,0.36,5.32,N,2.0NRT,VIIRS_SNPP_C2,https://firms.modaps.eosdis.nasa.gov/data/active_fire/suomi-npp-viirs-c2/csv/SUOMI_VIIRS_C2_Global_24h.csv,2026-09-22 13:46:18.797039+00:00
1c2382d8aa8782db,35.81169,-0.27199,2026-09-21 02:06:00+00:00,2026-09-21,0206,N,,0.6,nominal,308.84,291.58,0.39,0.36,0.65,N,2.0NRT,VIIRS_SNPP_C2,https://firms.modaps.eosdis.nasa.gov/data/active_fire/suomi-npp-viirs-c2/csv/SUOMI_VIIRS_C2_Global_24h.csv,2026-09-22 13:46:18.797039+00:00
1993875a889b3742,35.80678,-0.24226,2026-09-21 02:06:00+00:00,2026-09-21,0206,N,,0.6,nominal,304.53,292.31,0.39,0.36,0.91,N,2.0NRT,VIIRS_SNPP_C2,https://firms.modaps.eosdis.nasa.gov/data/active_fire/suomi-npp-viirs-c2/csv/SUOMI_VIIRS_C2_Global_24h.csv,2026-09-22 13:46:18.797039+00:00
859fecb0adf8516e,35.80349,-0.24309,2026-09-21 02:06:00+00:00,2026-09-21,0206,N,,0.6,nominal,313.89,293.22,0.39,0.36,0.99,N,2.0NRT,VIIRS_SNPP_C2,https://firms.modaps.eosdis.nasa.gov/data/active_fire/suomi-npp-viirs-c2/csv/SUOMI_VIIRS_C2_Global_24h.csv,2026-09-22 13:46:18.797039+00:00
3b0c48543bcce411,35.77027,-0.26334,2026-09-21 02:06:00+00:00,2026-09-21,0206,N,,0.6,nominal,304.21,294.05,0.39,0.36,1.33,N,2.0NRT,VIIRS_SNPP_C2,https://firms.modaps.eosdis.nasa.gov/data/active_fire/suomi-npp-viirs-c2/csv/SUOMI_VIIRS_C2_Global_24h.csv,2026-09-22 13:46:18.797039+00:00
327d63cead10197a,35.56618,-0.93703,2026-09-21 02:06:00+00:00,2026-09-21,0206,N,,0.6,nominal,315.52,291.73,0.38,0.36,0.65,N,2.0NRT,VIIRS_SNPP_C2,https://firms.modaps.eosdis.nasa.gov/data/active_fire/suomi-npp-viirs-c2/csv/SUOMI_VIIRS_C2_Global_24h.csv,2026-09-22 13:46:18.797039+00:00
67c0446500f40d3f,35.51046,-0.59181,2026-09-21 02:06:00+00:00,2026-09-21,0206,N,,0.6,nominal,301.41,290.66,0.39,0.36,0.3,N,2.0NRT,VIIRS_SNPP_C2,https://firms.modaps.eosdis.nasa.gov/data/active_fire/suomi-npp-viirs-c2/csv/SUOMI_VIIRS_C2_Global_24h.csv,2026-09-22 13:46:18.797039+00:00
df456a20589516d3,35.71887,-5.65933,2026-09-21 02:09:00+00:00,2026-09-21,0209,N,,0.6,nominal,310.22,293.44,0.5,0.41,0.85,N,2.0NRT,VIIRS_SNPP_C2,https://firms.modaps.eosdis.nasa.gov/data/active_fire/suomi-npp-viirs-c2/csv/SUOMI_VIIRS_C2_Global_24h.csv,2026-09-22 13:46:18.797039+00:00
68323140f53563f8,34.43898,2.0574,2026-09-21 02:09:00+00:00,2026-09-21,0209,N,,0.6,nominal,297.0,285.57,0.45,0.39,0.51,N,2.0NRT,VIIRS_SNPP_C2,https://firms.modaps.eosdis.nasa.gov/data/active_fire/suomi-npp-viirs-c2/csv/SUOMI_VIIRS_C2_Global_24h.csv,2026-09-22 13:46:18.797039+00:00
ef1b05b086ae7df9,35.18347,-5.26854,2026-09-21 02:09:00+00:00,2026-09-21,0209,N,,0.6,nominal,310.41,290.37,0.47,0.4,1.13,N,2.0NRT,VIIRS_SNPP_C2,https://firms.modaps.eosdis.nasa.gov/data/active_fire/suomi-npp-viirs-c2/csv/SUOMI_VIIRS_C2_Global_24h.csv,2026-09-22 13:46:18.797039+00:00
fc7cecb784acb2d5,33.87447,2.65781,2026-09-21 02:09:00+00:00,2026-09-21,0209,N,,0.6,nominal,296.01,284.38,0.48,0.4,0.32,N,2.0NRT,VIIRS_SNPP_C2,https://firms.modaps.eosdis.nasa.gov/data/active_fire/suomi-npp-viirs-c2/csv/SUOMI_VIIRS_C2_Global_24h.csv,2026-09-22 13:46:18.797039+00:00
acdd7213effc7773,34.59687,-2.34654,2026-09-21 02:09:00+00:00,2026-09-21,0209,N,,0.6,nominal,310.47,291.4,0.39,0.36,1.11,N,2.0NRT,VIIRS_SNPP_C2,https://firms.modaps.eosdis.nasa.gov/data/active_fire/suomi-npp-viirs-c2/csv/SUOMI_VIIRS_C2_Global_24h.csv,2026-09-22 13:46:18.797039+00:00
35d3acfb90a9891c,31.31948,11.80808,2026-09-21 02:09:00+00:00,2026-09-21,0209,N,,0.6,nominal,306.19,287.46,0.56,0.69,2.33,N,2.0NRT,VIIRS_SNPP_C2,https://firms.modaps.eosdis.nasa.gov/data/active_fire/suomi-npp-viirs-c2/csv/SUOMI_VIIRS_C2_Global_24h.csv,2026-09-22 13:46:18.797039+00:00
d5daea4d4185e5d7,32.44351,6.62621,2026-09-21 02:09:00+00:00,2026-09-21,0209,N,,0.6,nominal,306.19,289.64,0.54,0.51,1.34,N,2.0NRT,VIIRS_SNPP_C2,https://firms.modaps.eosdis.nasa.gov/data/active_fire/suomi-npp-viirs-c2/csv/SUOMI_VIIRS_C2_Global_24h.csv,2026-09-22 13:46:18.797039+00:00
a7c1977eb4cfc6cd,32.44101,6.62922,2026-09-21 02:09:00+00:00,2026-09-21,0209,N,,0.6,nominal,307.65,289.75,0.54,0.51,1.27,N,2.0NRT,VIIRS_SNPP_C2,https://firms.modaps.eosdis.nasa.gov/data/active_fire/suomi-npp-viirs-c2/csv/SUOMI_VIIRS_C2_Global_24h.csv,2026-09-22 13:46:18.797039+00:00
45dbb7fc1b49d74e,33.47267,-0.34444,2026-09-21 02:09:00+00:00,2026-09-21,0209,N,,0.6,nominal,307.51,287.05,0.39,0.36,0.78,N,2.0NRT,VIIRS_SNPP_C2,https://firms.modaps.eosdis.nasa.gov/data/active_fire/suomi-npp-viirs-c2/csv/SUOMI_VIIRS_C2_Global_24h.csv,2026-09-22 13:46:18.797039+00:00
35bc317d16e2ee51,31.84864,6.04805,2026-09-21 02:09:00+00:00,2026-09-21,0209,N,,0.6,nominal,303.13,289.92,0.52,0.5,3.46,N,2.0NRT,VIIRS_SNPP_C2,https://firms.modaps.eosdis.nasa.gov/data/active_fire/suomi-npp-viirs-c2/csv/SUOMI_VIIRS_C2_Global_24h.csv,2026-09-22 13:46:18.797039+00:00
522c36b4bb10317c,31.84741,6.05344,2026-09-21 02:09:00+00:00,2026-09-21,0209,N,,0.6,nominal,310.97,287.49,0.52,0.5,2.38,N,2.0NRT,VIIRS_SNPP_C2,https://firms.modaps.eosdis.nasa.gov/data/active_fire/suomi-npp-viirs-c2/csv/SUOMI_VIIRS_C2_Global_24h.csv,2026-09-22 13:46:18.797039+00:00
a03f472733ed9a3e,32.27659,3.98469,2026-09-21 02:09:00+00:00,2026-09-21,0209,N,,0.6,nominal,296.19,282.14,0.39,0.44,2.21,N,2.0NRT,VIIRS_SNPP_C2,https://firms.modaps.eosdis.nasa.gov/data/active_fire/suomi-npp-viirs-c2/csv/SUOMI_VIIRS_C2_Global_24h.csv,2026-09-22 13:46:18.797039+00:00
953aa3093e393fae,32.27573,3.98882,2026-09-21 02:09:00+00:00,2026-09-21,0209,N,,0.6,nominal,310.26,279.05,0.39,0.44,1.45,N,2.0NRT,VIIRS_SNPP_C2,https://firms.modaps.eosdis.nasa.gov/data/active_fire/suomi-npp-viirs-c2/csv/SUOMI_VIIRS_C2_Global_24h.csv,2026-09-22 13:46:18.797039+00:00
f0b4b76f765054a5,31.80791,5.99497,2026-09-21 02:09:00+00:00,2026-09-21,0209,N,,0.6,nominal,304.5,289.08,0.52,0.5,2.02,N,2.0NRT,VIIRS_SNPP_C2,https://firms.modaps.eosdis.nasa.gov/data/active_fire/suomi-npp-viirs-c2/csv/SUOMI_VIIRS_C2_Global_24h.csv,2026-09-22 13:46:18.797039+00:00
01b2d1c1bf4663d2,31.18074,8.10569,2026-09-21 02:09:00+00:00,2026-09-21,0209,N,,0.6,nominal,305.7,290.5,0.35,0.57,0.59,N,2.0NRT,VIIRS_SNPP_C2,https://firms.modaps.eosdis.nasa.gov/data/active_fire/suomi-npp-viirs-c2/csv/SUOMI_VIIRS_C2_Global_24h.csv,2026-09-22 13:46:18.797039+00:00
27dcaa3cf6a48e5f,31.17567,8.10389,2026-09-21 02:09:00+00:00,2026-09-21,0209,N,,0.6,nominal,301.66,289.87,0.35,0.57,0.44,N,2.0NRT,VIIRS_SNPP_C2,https://firms.modaps.eosdis.nasa.gov/data/active_fire/suomi-npp-viirs-c2/csv/SUOMI_VIIRS_C2_Global_24h.csv,2026-09-22 13:46:18.797039+00:00
02e26e845bf8548c,31.84933,5.05471,2026-09-21 02:09:00+00:00,2026-09-21,0209,N,,0.6,nominal,303.53,289.16,0.46,0.47,1.14,N,2.0NRT,VIIRS_SNPP_C2,https://firms.modaps.eosdis.nasa.gov/data/active_fire/suomi-npp-viirs-c2/csv/SUOMI_VIIRS_C2_Global_24h.csv,2026-09-22 13:46:18.797039+00:00
f0411a27b35db9ac,31.39728,6.93665,2026-09-21 02:09:00+00:00,2026-09-21,0209,N,,0.6,nominal,314.33,290.18,0.6,0.53,1.1,N,2.0NRT,VIIRS_SNPP_C2,https://firms.modaps.eosdis.nasa.gov/data/active_fire/suomi-npp-viirs-c2/csv/SUOMI_VIIRS_C2_Global_24h.csv,2026-09-22 13:46:18.797039+00:00
f4d70f866faeee97,31.39491,6.93382,2026-09-21 02:09:00+00:00,2026-09-21,0209,N,,0.6,nominal,317.72,291.79,0.6,0.53,2.95,N,2.0NRT,VIIRS_SNPP_C2,https://firms.modaps.eosdis.nasa.gov/data/active_fire/suomi-npp-viirs-c2/csv/SUOMI_VIIRS_C2_Global_24h.csv,2026-09-22 13:46:18.797039+00:00
cb012cecfa8e58bb,31.39349,6.93999,2026-09-21 02:09:00+00:00,2026-09-21,0209,N,,0.6,nominal,311.58,291.03,0.6,0.53,1.87,N,2.0NRT,VIIRS_SNPP_C2,https://firms.modaps.eosdis.nasa.gov/data/active_fire/suomi-npp-viirs-c2/csv/SUOMI_VIIRS_C2_Global_24h.csv,2026-09-22 13:46:18.797039+00:00
47f3c906a5994694,31.75151,5.22787,2026-09-21 02:09:00+00:00,2026-09-21,0209,N,,0.6,nominal,303.34,289.67,0.47,0.48,0.62,N,2.0NRT,VIIRS_SNPP_C2,https://firms.modaps.eosdis.nasa.gov/data/active_fire/suomi-npp-viirs-c2/csv/SUOMI_VIIRS_C2_Global_24h.csv,2026-09-22 13:46:18.797039+00:00
994bdfa7c067f4f8,31.59111,5.95752,2026-09-21 02:09:00+00:00,2026-09-21,0209,N,,0.6,nominal,316.51,290.49,0.52,0.5,2.09,N,2.0NRT,VIIRS_SNPP_C2,https://firms.modaps.eosdis.nasa.gov/data/active_fire/suomi-npp-viirs-c2/csv/SUOMI_VIIRS_C2_Global_24h.csv,2026-09-22 13:46:18.797039+00:00
ae79c91078675fd8,31.58662,5.95611,2026-09-21 02:09:00+00:00,2026-09-21,0209,N,,0.6,nominal,320.63,291.74,0.52,0.5,4.49,N,2.0NRT,VIIRS_SNPP_C2,https://firms.modaps.eosdis.nasa.gov/data/active_fire/suomi-npp-viirs-c2/csv/SUOMI_VIIRS_C2_Global_24h.csv,2026-09-22 13:46:18.797039+00:00
2fcbb991afc58834,31.05841,8.04038,2026-09-21 02:09:00+00:00,2026-09-21,0209,N,,0.6,nominal,302.6,289.79,0.35,0.57,1.65,N,2.0NRT,VIIRS_SNPP_C2,https://firms.modaps.eosdis.nasa.gov/data/active_fire/suomi-npp-viirs-c2/csv/SUOMI_VIIRS_C2_Global_24h.csv,2026-09-22 13:46:18.797039+00:00
37ed79d3ecc7002f,31.0542,8.03505,2026-09-21 02:09:00+00:00,2026-09-21,0209,N,,0.6,nominal,338.77,291.12,0.35,0.57,1.65,N,2.0NRT,VIIRS_SNPP_C2,https://firms.modaps.eosdis.nasa.gov/data/active_fire/suomi-npp-viirs-c2/csv/SUOMI_VIIRS_C2_Global_24h.csv,2026-09-22 13:46:18.797039+00:00
7c3b098273b55020,31.05507,8.03146,2026-09-21 02:09:00+00:00,2026-09-21,0209,N,,0.6,nominal,303.09,290.14,0.35,0.57,2.45,N,2.0NRT,VIIRS_SNPP_C2,https://firms.modaps.eosdis.nasa.gov/data/active_fire/suomi-npp-viirs-c2/csv/SUOMI_VIIRS_C2_Global_24h.csv,2026-09-22 13:46:18.797039+00:00
6cf90e37a32ecfcc,31.08851,7.82721,2026-09-21 02:09:00+00:00,2026-09-21,0209,N,,0.6,nominal,330.63,290.51,0.34,0.56,2.31,N,2.0NRT,VIIRS_SNPP_C2,https://firms.modaps.eosdis.nasa.gov/data/active_fire/suomi-npp-viirs-c2/csv/SUOMI_VIIRS_C2_Global_24h.csv,2026-09-22 13:46:18.797039+00:00
7620df861b983dfa,31.50097,5.84797,2026-09-21 02:09:00+00:00,2026-09-21,0209,N,,0.6,nominal,316.81,290.56,0.51,0.5,3.6,N,2.0NRT,VIIRS_SNPP_C2,https://firms.modaps.eosdis.nasa.gov/data/active_fire/suomi-npp-viirs-c2/csv/SUOMI_VIIRS_C2_Global_24h.csv,2026-09-22 13:46:18.797039+00:00
e512990c346f5ad2,31.19098,6.78931,2026-09-21 02:09:00+00:00,2026-09-21,0209,N,,0.6,nominal,312.57,290.6,0.59,0.53,1.72,N,2.0NRT,VIIRS_SNPP_C2,https://firms.modaps.eosdis.nasa.gov/data/active_fire/suomi-npp-viirs-c2/csv/SUOMI_VIIRS_C2_Global_24h.csv,2026-09-22 13:46:18.797039+00:00
4f36b74b8d4c7e08,31.18624,6.78781,2026-09-21 02:09:00+00:00,2026-09-21,0209,N,,0.6,nominal,307.03,290.34,0.59,0.53,1.45,N,2.0NRT,VIIRS_SNPP_C2,https://firms.modaps.eosdis.nasa.gov/data/active_fire/suomi-npp-viirs-c2/csv/SUOMI_VIIRS_C2_Global_24h.csv,2026-09-22 13:46:18.797039+00:00
235bcefcc84edc5a,31.18781,6.78788,2026-09-21 02:09:00+00:00,2026-09-21,0209,N,,0.6,nominal,319.31,290.66,0.59,0.53,2.4,N,2.0NRT,VIIRS_SNPP_C2,https://firms.modaps.eosdis.nasa.gov/data/active_fire/suomi-npp-viirs-c2/csv/SUOMI_VIIRS_C2_Global_24h.csv,2026-09-22 13:46:18.797039+00:00
dbff06e59940eb14,30.66245,8.10208,2026-09-21 02:09:00+00:00,2026-09-21,0209,N,,0.6,nominal,313.78,291.14,0.36,0.57,1.31,N,2.0NRT,VIIRS_SNPP_C2,https://firms.modaps.eosdis.nasa.gov/data/active_fire/suomi-npp-viirs-c2/csv/SUOMI_VIIRS_C2_Global_24h.csv,2026-09-22 13:46:18.797039+00:00
f85ebf4095bf71a7,30.66352,8.10154,2026-09-21 02:09:00+00:00,2026-09-21,0209,N,,0.6,nominal,310.8,291.18,0.36,0.57,1.36,N,2.0NRT,VIIRS_SNPP_C2,https://firms.modaps.eosdis.nasa.gov/data/active_fire/suomi-npp-viirs-c2/csv/SUOMI_VIIRS_C2_Global_24h.csv,2026-09-22 13:46:18.797039+00:00
5a8215e053317ab8,30.39082,7.90545,2026-09-21 02:09:00+00:00,2026-09-21,0209,N,,0.6,nominal,305.08,290.78,0.36,0.57,0.6,N,2.0NRT,VIIRS_SNPP_C2,https://firms.modaps.eosdis.nasa.gov/data/active_fire/suomi-npp-viirs-c2/csv/SUOMI_VIIRS_C2_Global_24h.csv,2026-09-22 13:46:18.797039+00:00
cd8762a08641a760,30.38629,7.90578,2026-09-21 02:09:00+00:00,2026-09-21,0209,N,,0.6,nominal,300.84,290.81,0.36,0.57,0.51,N,2.0NRT,VIIRS_SNPP_C2,https://firms.modaps.eosdis.nasa.gov/data/active_fire/suomi-npp-viirs-c2/csv/SUOMI_VIIRS_C2_Global_24h.csv,2026-09-22 13:46:18.797039+00:00
0a2cf0a4a41d51e9,30.89461,5.58628,2026-09-21 02:09:00+00:00,2026-09-21,0209,N,,0.6,nominal,323.47,287.51,0.51,0.5,1.99,N,2.0NRT,VIIRS_SNPP_C2,https://firms.modaps.eosdis.nasa.gov/data/active_fire/suomi-npp-viirs-c2/csv/SUOMI_VIIRS_C2_Global_24h.csv,2026-09-22 13:46:18.797039+00:00
64c7a3e12b8f6043,33.16671,-8.59079,2026-09-21 02:09:00+00:00,2026-09-21,0209,N,,0.6,nominal,308.59,292.19,0.43,0.46,0.72,N,2.0NRT,VIIRS_SNPP_C2,https://firms.modaps.eosdis.nasa.gov/data/active_fire/suomi-npp-viirs-c2/csv/SUOMI_VIIRS_C2_Global_24h.csv,2026-09-22 13:46:18.797039+00:00
90b7511b1b889c10,30.25367,8.08393,2026-09-21 02:09:00+00:00,2026-09-21,0209,N,,0.6,nominal,303.55,290.72,0.37,0.58,0.81,N,2.0NRT,VIIRS_SNPP_C2,https://firms.modaps.eosdis.nasa.gov/data/active_fire/suomi-npp-viirs-c2/csv/SUOMI_VIIRS_C2_Global_24h.csv,2026-09-22 13:46:18.797039+00:00
8be1f8d32d921ed3,30.37576,7.01342,2026-09-21 02:09:00+00:00,2026-09-21,0209,N,,0.6,nominal,310.39,290.82,0.63,0.54,2.82,N,2.0NRT,VIIRS_SNPP_C2,https://firms.modaps.eosdis.nasa.gov/data/active_fire/suomi-npp-viirs-c2/csv/SUOMI_VIIRS_C2_Global_24h.csv,2026-09-22 13:46:18.797039+00:00
a68f5579d98af9b9,30.37637,7.01389,2026-09-21 02:09:00+00:00,2026-09-21,0209,N,,0.6,nominal,310.62,290.9,0.64,0.54,1.46,N,2.0NRT,VIIRS_SNPP_C2,https://firms.modaps.eosdis.nasa.gov/data/active_fire/suomi-npp-viirs-c2/csv/SUOMI_VIIRS_C2_Global_24h.csv,2026-09-22 13:46:18.797039+00:00
f101800c0637c785,29.70245,6.71149,2026-09-21 02:09:00+00:00,2026-09-21,0209,N,,0.6,nominal,305.22,291.27,0.63,0.54,1.52,N,2.0NRT,VIIRS_SNPP_C2,https://firms.modaps.eosdis.nasa.gov/data/active_fire/suomi-npp-viirs-c2/csv/SUOMI_VIIRS_C2_Global_24h.csv,2026-09-22 13:46:18.797039+00:00
e0ec574d3e2f71b1,29.69756,6.70997,2026-09-21 02:09:00+00:00,2026-09-21,0209,N,,0.6,nominal,305.04,291.79,0.63,0.54,1.52,N,2.0NRT,VIIRS_SNPP_C2,https://firms.modaps.eosdis.nasa.gov/data/active_fire/suomi-npp-viirs-c2/csv/SUOMI_VIIRS_C2_Global_24h.csv,2026-09-22 13:46:18.797039+00:00
cf17fe9da59b2cfd,29.69419,6.70205,2026-09-21 02:09:00+00:00,2026-09-21,0209,N,,0.6,nominal,315.38,291.99,0.63,0.54,1.93,N,2.0NRT,VIIRS_SNPP_C2,https://firms.modaps.eosdis.nasa.gov/data/active_fire/suomi-npp-viirs-c2/csv/SUOMI_VIIRS_C2_Global_24h.csv,2026-09-22 13:46:18.797039+00:00
720156caf4fa39e2,29.6893,6.70054,2026-09-21 02:09:00+00:00,2026-09-21,0209,N,,0.6,nominal,304.23,291.83,0.63,0.54,1.93,N,2.0NRT,VIIRS_SNPP_C2,https://firms.modaps.eosdis.nasa.gov/data/active_fire/suomi-npp-viirs-c2/csv/SUOMI_VIIRS_C2_Global_24h.csv,2026-09-22 13:46:18.797039+00:00
71318deaab8e1df1,28.92263,9.74856,2026-09-21 02:09:00+00:00,2026-09-21,0209,N,,0.6,nominal,301.61,279.84,0.49,0.65,1.05,N,2.0NRT,VIIRS_SNPP_C2,https://firms.modaps.eosdis.nasa.gov/data/active_fire/suomi-npp-viirs-c2/csv/SUOMI_VIIRS_C2_Global_24h.csv,2026-09-22 13:46:18.797039+00:00
6f4ae1833602e65a,28.91677,9.74657,2026-09-21 02:09:00+00:00,2026-09-21,0209,N,,0.6,nominal,301.21,282.68,0.49,0.65,1.05,N,2.0NRT,VIIRS_SNPP_C2,https://firms.modaps.eosdis.nasa.gov/data/active_fire/suomi-npp-viirs-c2/csv/SUOMI_VIIRS_C2_Global_24h.csv,2026-09-22 13:46:18.797039+00:00
240d63d5345398cf,29.66856,6.72167,2026-09-21 02:09:00+00:00,2026-09-21,0209,N,,0.6,nominal,305.15,291.65,0.63,0.54,2.29,N,2.0NRT,VIIRS_SNPP_C2,https://firms.modaps.eosdis.nasa.gov/data/active_fire/suomi-npp-viirs-c2/csv/SUOMI_VIIRS_C2_Global_24h.csv,2026-09-22 13:46:18.797039+00:00
02071ad4f2151e2b,29.68897,6.70052,2026-09-21 02:09:00+00:00,2026-09-21,0209,N,,0.6,nominal,304.86,291.58,0.63,0.54,1.79,N,2.0NRT,VIIRS_SNPP_C2,https://firms.modaps.eosdis.nasa.gov/data/active_fire/suomi-npp-viirs-c2/csv/SUOMI_VIIRS_C2_Global_24h.csv,2026-09-22 13:46:18.797039+00:00
f30e4566db5b80a0,29.6684,6.72168,2026-09-21 02:09:00+00:00,2026-09-21,0209,N,,0.6,nominal,304.0,291.29,0.63,0.54,2.24,N,2.0NRT,VIIRS_SNPP_C2,https://firms.modaps.eosdis.nasa.gov/data/active_fire/suomi-npp-viirs-c2/csv/SUOMI_VIIRS_C2_Global_24h.csv,2026-09-22 13:46:18.797039+00:00
6126ac108bc028ac,29.66691,6.72813,2026-09-21 02:09:00+00:00,2026-09-21,0209,N,,0.6,nominal,304.78,291.59,0.63,0.54,1.8,N,2.0NRT,VIIRS_SNPP_C2,https://firms.modaps.eosdis.nasa.gov/data/active_fire/suomi-npp-viirs-c2/csv/SUOMI_VIIRS_C2_Global_24h.csv,2026-09-22 13:46:18.797039+00:00
9481809405538110,28.92083,9.74667,2026-09-21 02:09:00+00:00,2026-09-21,0209,N,,0.6,nominal,307.05,282.0,0.49,0.65,1.3,N,2.0NRT,VIIRS_SNPP_C2,https://firms.modaps.eosdis.nasa.gov/data/active_fire/suomi-npp-viirs-c2/csv/SUOMI_VIIRS_C2_Global_24h.csv,2026-09-22 13:46:18.797039+00:00
2d64bbba7f98edcd,28.86544,9.93691,2026-09-21 02:09:00+00:00,2026-09-21,0209,N,,0.6,nominal,300.54,285.38,0.51,0.66,0.56,N,2.0NRT,VIIRS_SNPP_C2,https://firms.modaps.eosdis.nasa.gov/data/active_fire/suomi-npp-viirs-c2/csv/SUOMI_VIIRS_C2_Global_24h.csv,2026-09-22 13:46:18.797039+00:00
7179117dd65d9415,28.82087,9.91008,2026-09-21 02:09:00+00:00,2026-09-21,0209,N,,0.6,nominal,305.87,282.38,0.51,0.66,0.71,N,2.0NRT,VIIRS_SNPP_C2,https://firms.modaps.eosdis.nasa.gov/data/active_fire/suomi-npp-viirs-c2/csv/SUOMI_VIIRS_C2_Global_24h.csv,2026-09-22 13:46:18.797039+00:00
d024dbd9b02615dd,28.73654,9.78886,2026-09-21 02:09:00+00:00,2026-09-21,0209,N,,0.6,nominal,324.88,285.94,0.5,0.66,3.09,N,2.0NRT,VIIRS_SNPP_C2,https://firms.modaps.eosdis.nasa.gov/data/active_fire/suomi-npp-viirs-c2/csv/SUOMI_VIIRS_C2_Global_24h.csv,2026-09-22 13:46:18.797039+00:00
17f7048f59ab8740,28.5287,9.12028,2026-09-21 02:09:00+00:00,2026-09-21,0209,N,,0.6,nominal,319.65,279.19,0.46,0.64,2.98,N,2.0NRT,VIIRS_SNPP_C2,https://firms.modaps.eosdis.nasa.gov/data/active_fire/suomi-npp-viirs-c2/csv/SUOMI_VIIRS_C2_Global_24h.csv,2026-09-22 13:46:18.797039+00:00
a96e919bd222db4b,28.52525,9.11769,2026-09-21 02:09:00+00:00,2026-09-21,0209,N,,0.6,nominal,295.74,275.18,0.46,0.64,1.17,N,2.0NRT,VIIRS_SNPP_C2,https://firms.modaps.eosdis.nasa.gov/data/active_fire/suomi-npp-viirs-c2/csv/SUOMI_VIIRS_C2_Global_24h.csv,2026-09-22 13:46:18.797039+00:00
ed94f77413c4a288,28.52407,9.12236,2026-09-21 02:09:00+00:00,2026-09-21,0209,N,,0.6,nominal,310.1,275.82,0.46,0.64,1.52,N,2.0NRT,VIIRS_SNPP_C2,https://firms.modaps.eosdis.nasa.gov/data/active_fire/suomi-npp-viirs-c2/csv/SUOMI_VIIRS_C2_Global_24h.csv,2026-09-22 13:46:18.797039+00:00
0e10a11d28c4370f,28.45217,9.13664,2026-09-21 02:09:00+00:00,2026-09-21,0209,N,,0.6,nominal,310.77,271.8,0.47,0.64,1.07,N,2.0NRT,VIIRS_SNPP_C2,https://firms.modaps.eosdis.nasa.gov/data/active_fire/suomi-npp-viirs-c2/csv/SUOMI_VIIRS_C2_Global_24h.csv,2026-09-22 13:46:18.797039+00:00
1ffc98cbb0544d79,28.44645,9.13467,2026-09-21 02:09:00+00:00,2026-09-21,0209,N,,0.6,nominal,306.19,274.25,0.47,0.64,1.4,N,2.0NRT,VIIRS_SNPP_C2,https://firms.modaps.eosdis.nasa.gov/data/active_fire/suomi-npp-viirs-c2/csv/SUOMI_VIIRS_C2_Global_24h.csv,2026-09-22 13:46:18.797039+00:00
10d86ca6eadcdb86,28.07728,9.78503,2026-09-21 02:09:00+00:00,2026-09-21,0209,N,,0.6,nominal,298.1,269.83,0.52,0.67,1.73,N,2.0NRT,VIIRS_SNPP_C2,https://firms.modaps.eosdis.nasa.gov/data/active_fire/suomi-npp-viirs-c2/csv/SUOMI_VIIRS_C2_Global_24h.csv,2026-09-22 13:46:18.797039+00:00
72a04256eff6c836,28.6365,7.53602,2026-09-21 02:09:00+00:00,2026-09-21,0209,N,,0.6,nominal,303.94,290.83,0.37,0.58,0.38,N,2.0NRT,VIIRS_SNPP_C2,https://firms.modaps.eosdis.nasa.gov/data/active_fire/suomi-npp-viirs-c2/csv/SUOMI_VIIRS_C2_Global_24h.csv,2026-09-22 13:46:18.797039+00:00
facab3ce2d277706,28.57903,7.65576,2026-09-21 02:09:00+00:00,2026-09-21,0209,N,,0.6,nominal,323.04,291.37,0.38,0.59,1.63,N,2.0NRT,VIIRS_SNPP_C2,https://firms.modaps.eosdis.nasa.gov/data/active_fire/suomi-npp-viirs-c2/csv/SUOMI_VIIRS_C2_Global_24h.csv,2026-09-22 13:46:18.797039+00:00
638708bd2347d1f7,28.68577,7.19362,2026-09-21 02:09:00+00:00,2026-09-21,0209,N,,0.6,nominal,336.72,293.0,0.35,0.57,2.47,N,2.0NRT,VIIRS_SNPP_C2,https://firms.modaps.eosdis.nasa.gov/data/active_fire/suomi-npp-viirs-c2/csv/SUOMI_VIIRS_C2_Global_24h.csv,2026-09-22 13:46:18.797039+00:00
5554e86df314c5cf,28.61146,7.49991,2026-09-21 02:09:00+00:00,2026-09-21,0209,N,,0.6,nominal,308.16,290.57,0.37,0.58,0.68,N,2.0NRT,VIIRS_SNPP_C2,https://firms.modaps.eosdis.nasa.gov/data/active_fire/suomi-npp-viirs-c2/csv/SUOMI_VIIRS_C2_Global_24h.csv,2026-09-22 13:46:18.797039+00:00
bdf8d7c5bf872f7d,28.57375,7.65411,2026-09-21 02:09:00+00:00,2026-09-21,0209,N,,0.6,nominal,315.87,290.26,0.38,0.59,1.25,N,2.0NRT,VIIRS_SNPP_C2,https://firms.modaps.eosdis.nasa.gov/data/active_fire/suomi-npp-viirs-c2/csv/SUOMI_VIIRS_C2_Global_24h.csv,2026-09-22 13:46:18.797039+00:00
39206156ecf2bc5a,28.68566,7.19425,2026-09-21 02:09:00+00:00,2026-09-21,0209,N,,0.6,nominal,335.38,293.01,0.35,0.57,2.27,N,2.0NRT,VIIRS_SNPP_C2,https://firms.modaps.eosdis.nasa.gov/data/active_fire/suomi-npp-viirs-c2/csv/SUOMI_VIIRS_C2_Global_24h.csv,2026-09-22 13:46:18.797039+00:00
abfba26b69098c9b,28.5766,7.65627,2026-09-21 02:09:00+00:00,2026-09-21,0209,N,,0.6,nominal,328.31,291.33,0.38,0.59,1.49,N,2.0NRT,VIIRS_SNPP_C2,https://firms.modaps.eosdis.nasa.gov/data/active_fire/suomi-npp-viirs-c2/csv/SUOMI_VIIRS_C2_Global_24h.csv,2026-09-22 13:46:18.797039+00:00
13c3e33ded5a1649,28.61331,7.50159,2026-09-21 02:09:00+00:00,2026-09-21,0209,N,,0.6,nominal,309.14,291.21,0.37,0.58,0.69,N,2.0NRT,VIIRS_SNPP_C2,https://firms.modaps.eosdis.nasa.gov/data/active_fire/suomi-npp-viirs-c2/csv/SUOMI_VIIRS_C2_Global_24h.csv,2026-09-22 13:46:18.797039+00:00
c0138abbb227758e,28.57749,7.65252,2026-09-21 02:09:00+00:00,2026-09-21,0209,N,,0.6,nominal,304.17,290.51,0.38,0.59,1.49,N,2.0NRT,VIIRS_SNPP_C2,https://firms.modaps.eosdis.nasa.gov/data/active_fire/suomi-npp-viirs-c2/csv/SUOMI_VIIRS_C2_Global_24h.csv,2026-09-22 13:46:18.797039+00:00
968304638eb988e2,28.55907,7.51652,2026-09-21 02:09:00+00:00,2026-09-21,0209,N,,0.6,nominal,319.5,291.06,0.37,0.58,1.33,N,2.0NRT,VIIRS_SNPP_C2,https://firms.modaps.eosdis.nasa.gov/data/active_fire/suomi-npp-viirs-c2/csv/SUOMI_VIIRS_C2_Global_24h.csv,2026-09-22 13:46:18.797039+00:00
dcfa0d979bdf4bfb,28.60426,7.25783,2026-09-21 02:09:00+00:00,2026-09-21,0209,N,,0.6,nominal,303.06,291.93,0.36,0.57,0.56,N,2.0NRT,VIIRS_SNPP_C2,https://firms.modaps.eosdis.nasa.gov/data/active_fire/suomi-npp-viirs-c2/csv/SUOMI_VIIRS_C2_Global_24h.csv,2026-09-22 13:46:18.797039+00:00
7d7bdfacb3fccca8,28.5991,7.25621,2026-09-21 02:09:00+00:00,2026-09-21,0209,N,,0.6,nominal,303.01,291.31,0.36,0.57,0.56,N,2.0NRT,VIIRS_SNPP_C2,https://firms.modaps.eosdis.nasa.gov/data/active_fire/suomi-npp-viirs-c2/csv/SUOMI_VIIRS_C2_Global_24h.csv,2026-09-22 13:46:18.797039+00:00
10d7302ab4b1acd2,28.47943,7.50939,2026-09-21 02:09:00+00:00,2026-09-21,0209,N,,0.6,nominal,305.96,290.86,0.37,0.58,0.8,N,2.0NRT,VIIRS_SNPP_C2,https://firms.modaps.eosdis.nasa.gov/data/active_fire/suomi-npp-viirs-c2/csv/SUOMI_VIIRS_C2_Global_24h.csv,2026-09-22 13:46:18.797039+00:00
a5c17b0b898246b7,28.468,7.50997,2026-09-21 02:09:00+00:00,2026-09-21,0209,N,,0.6,nominal,301.11,290.46,0.37,0.58,0.63,N,2.0NRT,VIIRS_SNPP_C2,https://firms.modaps.eosdis.nasa.gov/data/active_fire/suomi-npp-viirs-c2/csv/SUOMI_VIIRS_C2_Global_24h.csv,2026-09-22 13:46:18.797039+00:00
a6d2f5eee5bb16a2,28.45482,7.51782,2026-09-21 02:09:00+00:00,2026-09-21,0209,N,,0.6,nominal,310.69,290.69,0.37,0.58,0.78,N,2.0NRT,VIIRS_SNPP_C2,https://firms.modaps.eosdis.nasa.gov/data/active_fire/suomi-npp-viirs-c2/csv/SUOMI_VIIRS_C2_Global_24h.csv,2026-09-22 13:46:18.797039+00:00
76e4347898d81ad5,28.43282,7.51529,2026-09-21 02:09:00+00:00,2026-09-21,0209,N,,0.6,nominal,301.08,290.43,0.38,0.58,0.57,N,2.0NRT,VIIRS_SNPP_C2,https://firms.modaps.eosdis.nasa.gov/data/active_fire/suomi-npp-viirs-c2/csv/SUOMI_VIIRS_C2_Global_24h.csv,2026-09-22 13:46:18.797039+00:00
8089a645b7703dee,27.92292,9.25052,2026-09-21 02:09:00+00:00,2026-09-21,0209,N,,0.6,nominal,304.88,271.6,0.49,0.65,0.61,N,2.0NRT,VIIRS_SNPP_C2,https://firms.modaps.eosdis.nasa.gov/data/active_fire/suomi-npp-viirs-c2/csv/SUOMI_VIIRS_C2_Global_24h.csv,2026-09-22 13:46:18.797039+00:00
bb4210e4dea22961,27.76082,9.1841,2026-09-21 02:09:00+00:00,2026-09-21,0209,N,,0.6,nominal,306.57,267.27,0.49,0.65,2.1,N,2.0NRT,VIIRS_SNPP_C2,https://firms.modaps.eosdis.nasa.gov/data/active_fire/suomi-npp-viirs-c2/csv/SUOMI_VIIRS_C2_Global_24h.csv,2026-09-22 13:46:18.797039+00:00
27faec4a8cc7bfff,27.75624,9.17735,2026-09-21 02:09:00+00:00,2026-09-21,0209,N,,0.6,nominal,330.82,267.77,0.49,0.65,5.46,N,2.0NRT,VIIRS_SNPP_C2,https://firms.modaps.eosdis.nasa.gov/data/active_fire/suomi-npp-viirs-c2/csv/SUOMI_VIIRS_C2_Global_24h.csv,2026-09-22 13:46:18.797039+00:00
a7cff9d749f79d50,27.75498,9.18222,2026-09-21 02:09:00+00:00,2026-09-21,0209,N,,0.6,nominal,311.43,267.21,0.49,0.65,2.1,N,2.0NRT,VIIRS_SNPP_C2,https://firms.modaps.eosdis.nasa.gov/data/active_fire/suomi-npp-viirs-c2/csv/SUOMI_VIIRS_C2_Global_24h.csv,2026-09-22 13:46:18.797039+00:00
6a7eebc82dbeea3b,27.75849,9.18213,2026-09-21 02:09:00+00:00,2026-09-21,0209,N,,0.6,nominal,326.28,267.35,0.49,0.65,2.64,N,2.0NRT,VIIRS_SNPP_C2,https://firms.modaps.eosdis.nasa.gov/data/active_fire/suomi-npp-viirs-c2/csv/SUOMI_VIIRS_C2_Global_24h.csv,2026-09-22 13:46:18.797039+00:00
9ecc60c3a37368be,27.75972,9.17723,2026-09-21 02:09:00+00:00,2026-09-21,0209,N,,0.6,nominal,308.64,266.08,0.49,0.65,2.64,N,2.0NRT,VIIRS_SNPP_C2,https://firms.modaps.eosdis.nasa.gov/data/active_fire/suomi-npp-viirs-c2/csv/SUOMI_VIIRS_C2_Global_24h.csv,2026-09-22 13:46:18.797039+00:00
40b23f40584472e9,27.75388,9.17533,2026-09-21 02:09:00+00:00,2026-09-21,0209,N,,0.6,nominal,298.74,262.2,0.49,0.65,0.71,N,2.0NRT,VIIRS_SNPP_C2,https://firms.modaps.eosdis.nasa.gov/data/active_fire/suomi-npp-viirs-c2/csv/SUOMI_VIIRS_C2_Global_24h.csv,2026-09-22 13:46:18.797039+00:00
ca2c3fc627df5d49,27.75265,9.18022,2026-09-21 02:09:00+00:00,2026-09-21,0209,N,,0.6,nominal,304.2,266.13,0.49,0.65,0.71,N,2.0NRT,VIIRS_SNPP_C2,https://firms.modaps.eosdis.nasa.gov/data/active_fire/suomi-npp-viirs-c2/csv/SUOMI_VIIRS_C2_Global_24h.csv,2026-09-22 13:46:18.797039+00:00
9146431e013bb2e1,27.70366,9.17386,2026-09-21 02:09:00+00:00,2026-09-21,0209,N,,0.6,nominal,295.44,269.53,0.49,0.65,0.75,N,2.0NRT,VIIRS_SNPP_C2,https://firms.modaps.eosdis.nasa.gov/data/active_fire/suomi-npp-viirs-c2/csv/SUOMI_VIIRS_C2_Global_24h.csv,2026-09-22 13:46:18.797039+00:00
259956760eafc693,26.43153,11.84561,2026-09-21 02:09:00+00:00,2026-09-21,0209,N,,0.6,nominal,296.88,281.44,0.74,0.76,0.96,N,2.0NRT,VIIRS_SNPP_C2,https://firms.modaps.eosdis.nasa.gov/data/active_fire/suomi-npp-viirs-c2/csv/SUOMI_VIIRS_C2_Global_24h.csv,2026-09-22 13:46:18.797039+00:00
67baa966f25c858f,28.20066,-0.51931,2026-09-21 02:09:00+00:00,2026-09-21,0209,N,,0.6,nominal,320.25,295.67,0.43,0.38,2.03,N,2.0NRT,VIIRS_SNPP_C2,https://firms.modaps.eosdis.nasa.gov/data/active_fire/suomi-npp-viirs-c2/csv/SUOMI_VIIRS_C2_Global_24h.csv,2026-09-22 13:46:18.797039+00:00
871347ed14a4b8be,28.19988,-0.51499,2026-09-21 02:09:00+00:00,2026-09-21,0209,N,,0.6,nominal,316.58,295.85,0.43,0.38,1.46,N,2.0NRT,VIIRS_SNPP_C2,https://firms.modaps.eosdis.nasa.gov/data/active_fire/suomi-npp-viirs-c2/csv/SUOMI_VIIRS_C2_Global_24h.csv,2026-09-22 13:46:18.797039+00:00
9b93bcd0a0645e8d,28.19949,-0.51741,2026-09-21 02:09:00+00:00,2026-09-21,0209,N,,0.6,nominal,330.51,296.58,0.43,0.38,3.74,N,2.0NRT,VIIRS_SNPP_C2,https://firms.modaps.eosdis.nasa.gov/data/active_fire/suomi-npp-viirs-c2/csv/SUOMI_VIIRS_C2_Global_24h.csv,2026-09-22 13:46:18.797039+00:00
fecf0f1c71a7dfb1,27.70119,9.17406,2026-09-21 11:45:00+00:00,2026-09-21,1145,N,,0.6,nominal,339.52,298.35,0.66,0.73,3.04,D,2.0NRT,VIIRS_SNPP_C2,https://firms.modaps.eosdis.nasa.gov/data/active_fire/suomi-npp-viirs-c2/csv/SUOMI_VIIRS_C2_Global_24h.csv,2026-09-22 13:46:18.797039+00:00
4b1e9e8e871fef07,27.76033,9.18163,2026-09-21 11:45:00+00:00,2026-09-21,1145,N,,0.6,nominal,349.52,298.41,0.65,0.73,11.82,D,2.0NRT,VIIRS_SNPP_C2,https://firms.modaps.eosdis.nasa.gov/data/active_fire/suomi-npp-viirs-c2/csv/SUOMI_VIIRS_C2_Global_24h.csv,2026-09-22 13:46:18.797039+00:00
d99559530448c1a2,27.75856,9.17506,2026-09-21 11:45:00+00:00,2026-09-21,1145,N,,0.6,nominal,341.86,298.34,0.65,0.73,7.43,D,2.0NRT,VIIRS_SNPP_C2,https://firms.modaps.eosdis.nasa.gov/data/active_fire/suomi-npp-viirs-c2/csv/SUOMI_VIIRS_C2_Global_24h.csv,2026-09-22 13:46:18.797039+00:00
34c9aaa6aa2817ee,27.75649,9.18444,2026-09-21 11:45:00+00:00,2026-09-21,1145,N,,0.6,nominal,348.33,298.38,0.65,0.73,6.96,D,2.0NRT,VIIRS_SNPP_C2,https://firms.modaps.eosdis.nasa.gov/data/active_fire/suomi-npp-viirs-c2/csv/SUOMI_VIIRS_C2_Global_24h.csv,2026-09-22 13:46:18.797039+00:00
99bd0bbc0822de6b,27.75469,9.1779,2026-09-21 11:45:00+00:00,2026-09-21,1145,N,,0.6,nominal,355.55,298.89,0.65,0.73,6.96,D,2.0NRT,VIIRS_SNPP_C2,https://firms.modaps.eosdis.nasa.gov/data/active_fire/suomi-npp-viirs-c2/csv/SUOMI_VIIRS_C2_Global_24h.csv,2026-09-22 13:46:18.797039+00:00
2dccd16a00ddbd07,28.08026,9.79,2026-09-21 11:45:00+00:00,2026-09-21,1145,N,,0.6,nominal,347.55,298.46,0.59,0.7,6.22,D,2.0NRT,VIIRS_SNPP_C2,https://firms.modaps.eosdis.nasa.gov/data/active_fire/suomi-npp-viirs-c2/csv/SUOMI_VIIRS_C2_Global_24h.csv,2026-09-22 13:46:18.797039+00:00
6df30546edfa9d38,28.07868,9.7841,2026-09-21 11:45:00+00:00,2026-09-21,1145,N,,0.6,nominal,345.42,298.55,0.59,0.7,6.22,D,2.0NRT,VIIRS_SNPP_C2,https://firms.modaps.eosdis.nasa.gov/data/active_fire/suomi-npp-viirs-c2/csv/SUOMI_VIIRS_C2_Global_24h.csv,2026-09-22 13:46:18.797039+00:00
0ef298ec7bcf7e15,28.63497,9.78284,2026-09-21 11:45:00+00:00,2026-09-21,1145,N,,0.6,nominal,333.21,297.26,0.57,0.69,4.14,D,2.0NRT,VIIRS_SNPP_C2,https://firms.modaps.eosdis.nasa.gov/data/active_fire/suomi-npp-viirs-c2/csv/SUOMI_VIIRS_C2_Global_24h.csv,2026-09-22 13:46:18.797039+00:00
00129368fc77ec49,28.73413,9.79066,2026-09-21 11:45:00+00:00,2026-09-21,1145,N,,0.6,nominal,343.24,301.22,0.57,0.69,5.93,D,2.0NRT,VIIRS_SNPP_C2,https://firms.modaps.eosdis.nasa.gov/data/active_fire/suomi-npp-viirs-c2/csv/SUOMI_VIIRS_C2_Global_24h.csv,2026-09-22 13:46:18.797039+00:00
279bc7ef86487881,28.91272,9.74524,2026-09-21 11:45:00+00:00,2026-09-21,1145,N,,0.6,nominal,343.44,302.5,0.57,0.69,4.47,D,2.0NRT,VIIRS_SNPP_C2,https://firms.modaps.eosdis.nasa.gov/data/active_fire/suomi-npp-viirs-c2/csv/SUOMI_VIIRS_C2_Global_24h.csv,2026-09-22 13:46:18.797039+00:00
464e4c164528f9b9,28.91528,9.74523,2026-09-21 11:45:00+00:00,2026-09-21,1145,N,,0.6,nominal,344.76,302.43,0.57,0.69,5.67,D,2.0NRT,VIIRS_SNPP_C2,https://firms.modaps.eosdis.nasa.gov/data/active_fire/suomi-npp-viirs-c2/csv/SUOMI_VIIRS_C2_Global_24h.csv,2026-09-22 13:46:18.797039+00:00
21ab0462e41beb1b,29.73804,6.74803,2026-09-21 11:45:00+00:00,2026-09-21,1145,N,,0.6,nominal,346.14,297.23,0.8,0.78,6.99,D,2.0NRT,VIIRS_SNPP_C2,https://firms.modaps.eosdis.nasa.gov/data/active_fire/suomi-npp-viirs-c2/csv/SUOMI_VIIRS_C2_Global_24h.csv,2026-09-22 13:46:18.797039+00:00
e12d1148396bb722,30.2496,8.07835,2026-09-21 11:45:00+00:00,2026-09-21,1145,N,,0.6,nominal,338.88,297.1,0.65,0.73,12.43,D,2.0NRT,VIIRS_SNPP_C2,https://firms.modaps.eosdis.nasa.gov/data/active_fire/suomi-npp-viirs-c2/csv/SUOMI_VIIRS_C2_Global_24h.csv,2026-09-22 13:46:18.797039+00:00
cd54c8e155ce10cc,30.25146,8.08491,2026-09-21 11:45:00+00:00,2026-09-21,1145,N,,0.2,low,356.75,297.77,0.65,0.73,12.43,D,2.0NRT,VIIRS_SNPP_C2,https://firms.modaps.eosdis.nasa.gov/data/active_fire/suomi-npp-viirs-c2/csv/SUOMI_VIIRS_C2_Global_24h.csv,2026-09-22 13:46:18.797039+00:00
97edf47b7f5f407e,31.32024,11.80525,2026-09-21 11:45:00+00:00,2026-09-21,1145,N,,0.6,nominal,355.7,303.23,0.38,0.59,7.74,D,2.0NRT,VIIRS_SNPP_C2,https://firms.modaps.eosdis.nasa.gov/data/active_fire/suomi-npp-viirs-c2/csv/SUOMI_VIIRS_C2_Global_24h.csv,2026-09-22 13:46:18.797039+00:00
761b982d37021fc2,31.31927,11.8013,2026-09-21 11:45:00+00:00,2026-09-21,1145,N,,0.6,nominal,339.1,297.71,0.38,0.59,2.32,D,2.0NRT,VIIRS_SNPP_C2,https://firms.modaps.eosdis.nasa.gov/data/active_fire/suomi-npp-viirs-c2/csv/SUOMI_VIIRS_C2_Global_24h.csv,2026-09-22 13:46:18.797039+00:00
ca9a861c7cd5f368,31.31635,11.80608,2026-09-21 11:45:00+00:00,2026-09-21,1145,N,,0.6,nominal,347.45,303.64,0.38,0.59,7.2,D,2.0NRT,VIIRS_SNPP_C2,https://firms.modaps.eosdis.nasa.gov/data/active_fire/suomi-npp-viirs-c2/csv/SUOMI_VIIRS_C2_Global_24h.csv,2026-09-22 13:46:18.797039+00:00
c01158423affe4dc,31.35782,10.98192,2026-09-21 11:45:00+00:00,2026-09-21,1145,N,,0.6,nominal,347.08,301.04,0.42,0.61,3.4,D,2.0NRT,VIIRS_SNPP_C2,https://firms.modaps.eosdis.nasa.gov/data/active_fire/suomi-npp-viirs-c2/csv/SUOMI_VIIRS_C2_Global_24h.csv,2026-09-22 13:46:18.797039+00:00
de6c696d5b51da58,30.65809,8.09877,2026-09-21 11:45:00+00:00,2026-09-21,1145,N,,0.6,nominal,341.61,296.03,0.64,0.72,6.75,D,2.0NRT,VIIRS_SNPP_C2,https://firms.modaps.eosdis.nasa.gov/data/active_fire/suomi-npp-viirs-c2/csv/SUOMI_VIIRS_C2_Global_24h.csv,2026-09-22 13:46:18.797039+00:00
df2ac7791a199c73,30.65522,8.09793,2026-09-21 11:45:00+00:00,2026-09-21,1145,N,,0.6,nominal,347.72,296.49,0.64,0.72,7.15,D,2.0NRT,VIIRS_SNPP_C2,https://firms.modaps.eosdis.nasa.gov/data/active_fire/suomi-npp-viirs-c2/csv/SUOMI_VIIRS_C2_Global_24h.csv,2026-09-22 13:46:18.797039+00:00
78b9060562771cbb,36.2569,8.82064,2026-09-21 11:47:00+00:00,2026-09-21,1147,N,,0.6,nominal,329.3,295.24,0.42,0.61,3.02,D,2.0NRT,VIIRS_SNPP_C2,https://firms.modaps.eosdis.nasa.gov/data/active_fire/suomi-npp-viirs-c2/csv/SUOMI_VIIRS_C2_Global_24h.csv,2026-09-22 13:46:18.797039+00:00
5e72390ad1193724,36.51937,9.25506,2026-09-21 11:47:00+00:00,2026-09-21,1147,N,,0.6,nominal,347.34,292.47,0.39,0.59,13.45,D,2.0NRT,VIIRS_SNPP_C2,https://firms.modaps.eosdis.nasa.gov/data/active_fire/suomi-npp-viirs-c2/csv/SUOMI_VIIRS_C2_Global_24h.csv,2026-09-22 13:46:18.797039+00:00
a5c6e64c3f7a0088,36.51822,9.25065,2026-09-21 11:47:00+00:00,2026-09-21,1147,N,,0.6,nominal,347.32,291.7,0.39,0.59,11.49,D,2.0NRT,VIIRS_SNPP_C2,https://firms.modaps.eosdis.nasa.gov/data/active_fire/suomi-npp-viirs-c2/csv/SUOMI_VIIRS_C2_Global_24h.csv,2026-09-22 13:46:18.797039+00:00
1d99ee516fe7bd98,36.77492,9.19582,2026-09-21 11:47:00+00:00,2026-09-21,1147,N,,0.6,nominal,336.31,294.89,0.39,0.59,4.63,D,2.0NRT,VIIRS_SNPP_C2,https://firms.modaps.eosdis.nasa.gov/data/active_fire/suomi-npp-viirs-c2/csv/SUOMI_VIIRS_C2_Global_24h.csv,2026-09-22 13:46:18.797039+00:00
0c0a2c44cc30b582,36.8709,6.98075,2026-09-21 11:47:00+00:00,2026-09-21,1147,N,,0.6,nominal,350.64,292.52,0.5,0.66,8.91,D,2.0NRT,VIIRS_SNPP_C2,https://firms.modaps.eosdis.nasa.gov/data/active_fire/suomi-npp-viirs-c2/csv/SUOMI_VIIRS_C2_Global_24h.csv,2026-09-22 13:46:18.797039+00:00
bf2cb58e8b0a5e91,28.613,7.49961,2026-09-21 13:23:00+00:00,2026-09-21,1323,N,,0.6,nominal,342.2,304.03,0.63,0.54,8.27,D,2.0NRT,VIIRS_SNPP_C2,https://firms.modaps.eosdis.nasa.gov/data/active_fire/suomi-npp-viirs-c2/csv/SUOMI_VIIRS_C2_Global_24h.csv,2026-09-22 13:46:18.797039+00:00
6009b01e464f19fc,28.21281,-0.15787,2026-09-21 13:23:00+00:00,2026-09-21,1323,N,,0.2,low,342.11,314.11,0.4,0.37,7.54,D,2.0NRT,VIIRS_SNPP_C2,https://firms.modaps.eosdis.nasa.gov/data/active_fire/suomi-npp-viirs-c2/csv/SUOMI_VIIRS_C2_Global_24h.csv,2026-09-22 13:46:18.797039+00:00
d20eec5e247ad520,28.20094,-0.51582,2026-09-21 13:23:00+00:00,2026-09-21,1323,N,,0.2,low,343.61,316.11,0.39,0.36,10.05,D,2.0NRT,VIIRS_SNPP_C2,https://firms.modaps.eosdis.nasa.gov/data/active_fire/suomi-npp-viirs-c2/csv/SUOMI_VIIRS_C2_Global_24h.csv,2026-09-22 13:46:18.797039+00:00
566e63468e91a6ac,29.69588,6.70241,2026-09-21 13:25:00+00:00,2026-09-21,1325,N,,0.6,nominal,342.7,305.71,0.58,0.52,10.83,D,2.0NRT,VIIRS_SNPP_C2,https://firms.modaps.eosdis.nasa.gov/data/active_fire/suomi-npp-viirs-c2/csv/SUOMI_VIIRS_C2_Global_24h.csv,2026-09-22 13:46:18.797039+00:00
532a3b999c5f5176,29.69403,6.70066,2026-09-21 13:25:00+00:00,2026-09-21,1325,N,,0.6,nominal,345.71,306.18,0.58,0.52,8.94,D,2.0NRT,VIIRS_SNPP_C2,https://firms.modaps.eosdis.nasa.gov/data/active_fire/suomi-npp-viirs-c2/csv/SUOMI_VIIRS_C2_Global_24h.csv,2026-09-22 13:46:18.797039+00:00
b82c944136803fb2,30.25425,8.08104,2026-09-21 13:25:00+00:00,2026-09-21,1325,N,,0.6,nominal,351.62,301.94,0.36,0.57,10.69,D,2.0NRT,VIIRS_SNPP_C2,https://firms.modaps.eosdis.nasa.gov/data/active_fire/suomi-npp-viirs-c2/csv/SUOMI_VIIRS_C2_Global_24h.csv,2026-09-22 13:46:18.797039+00:00
671f1295e101f8a6,30.25455,8.08492,2026-09-21 13:25:00+00:00,2026-09-21,1325,N,,0.2,low,356.41,303.82,0.36,0.57,10.69,D,2.0NRT,VIIRS_SNPP_C2,https://firms.modaps.eosdis.nasa.gov/data/active_fire/suomi-npp-viirs-c2/csv/SUOMI_VIIRS_C2_Global_24h.csv,2026-09-22 13:46:18.797039+00:00
bbb0bda553fd8d0f,30.37533,7.01231,2026-09-21 13:25:00+00:00,2026-09-21,1325,N,,0.6,nominal,339.34,303.48,0.62,0.54,11.52,D,2.0NRT,VIIRS_SNPP_C2,https://firms.modaps.eosdis.nasa.gov/data/active_fire/suomi-npp-viirs-c2/csv/SUOMI_VIIRS_C2_Global_24h.csv,2026-09-22 13:46:18.797039+00:00
dbc4c121c4459ebc,29.42208,-1.39087,2026-09-21 13:25:00+00:00,2026-09-21,1325,N,,0.2,low,341.46,312.19,0.39,0.36,3.63,D,2.0NRT,VIIRS_SNPP_C2,https://firms.modaps.eosdis.nasa.gov/data/active_fire/suomi-npp-viirs-c2/csv/SUOMI_VIIRS_C2_Global_24h.csv,2026-09-22 13:46:18.797039+00:00
8d055a842e7d6c78,32.5565,3.16684,2026-09-21 13:25:00+00:00,2026-09-21,1325,N,,0.6,nominal,335.72,295.21,0.4,0.44,1.85,D,2.0NRT,VIIRS_SNPP_C2,https://firms.modaps.eosdis.nasa.gov/data/active_fire/suomi-npp-viirs-c2/csv/SUOMI_VIIRS_C2_Global_24h.csv,2026-09-22 13:46:18.797039+00:00
26f477b1b8c675c8,33.97945,-3.23823,2026-09-21 13:25:00+00:00,2026-09-21,1325,N,,0.2,low,336.03,307.64,0.38,0.36,1.77,D,2.0NRT,VIIRS_SNPP_C2,https://firms.modaps.eosdis.nasa.gov/data/active_fire/suomi-npp-viirs-c2/csv/SUOMI_VIIRS_C2_Global_24h.csv,2026-09-22 13:46:18.797039+00:00
6e7162b62e893745,35.81231,-0.2725,2026-09-21 13:25:00+00:00,2026-09-21,1325,N,,0.6,nominal,336.49,305.5,0.45,0.39,2.48,D,2.0NRT,VIIRS_SNPP_C2,https://firms.modaps.eosdis.nasa.gov/data/active_fire/suomi-npp-viirs-c2/csv/SUOMI_VIIRS_C2_Global_24h.csv,2026-09-22 13:46:18.797039+00:00
f7b9b0cec5e026c6,36.74595,6.2549,2026-09-21 13:25:00+00:00,2026-09-21,1325,N,,0.6,nominal,337.74,297.25,0.33,0.55,3.49,D,2.0NRT,VIIRS_SNPP_C2,https://firms.modaps.eosdis.nasa.gov/data/active_fire/suomi-npp-viirs-c2/csv/SUOMI_VIIRS_C2_Global_24h.csv,2026-09-22 13:46:18.797039+00:00
8c07b8cfd72a617c,36.86721,6.98606,2026-09-21 13:25:00+00:00,2026-09-21,1325,N,,1.0,high,367.0,295.67,0.36,0.57,6.25,D,2.0NRT,VIIRS_SNPP_C2,https://firms.modaps.eosdis.nasa.gov/data/active_fire/suomi-npp-viirs-c2/csv/SUOMI_VIIRS_C2_Global_24h.csv,2026-09-22 13:46:18.797039+00:00
5b51a2907be35a2c,36.87059,6.98626,2026-09-21 13:25:00+00:00,2026-09-21,1325,N,,0.6,nominal,352.81,295.07,0.36,0.57,4.65,D,2.0NRT,VIIRS_SNPP_C2,https://firms.modaps.eosdis.nasa.gov/data/active_fire/suomi-npp-viirs-c2/csv/SUOMI_VIIRS_C2_Global_24h.csv,2026-09-22 13:46:18.797039+00:00
256b8d245a66d09c,36.87037,6.98243,2026-09-21 13:25:00+00:00,2026-09-21,1325,N,,0.6,nominal,341.46,296.26,0.36,0.57,4.65,D,2.0NRT,VIIRS_SNPP_C2,https://firms.modaps.eosdis.nasa.gov/data/active_fire/suomi-npp-viirs-c2/csv/SUOMI_VIIRS_C2_Global_24h.csv,2026-09-22 13:46:18.797039+00:00
1d977b762fa41240,37.12239,-5.60369,2026-09-21 13:27:00+00:00,2026-09-21,1327,N,,0.2,low,338.46,312.56,0.39,0.36,1.75,D,2.0NRT,VIIRS_SNPP_C2,https://firms.modaps.eosdis.nasa.gov/data/active_fire/suomi-npp-viirs-c2/csv/SUOMI_VIIRS_C2_Global_24h.csv,2026-09-22 13:46:18.797039+00:00
387cbb67d86bc732,37.42464,-5.12962,2026-09-21 13:27:00+00:00,2026-09-21,1327,N,,0.2,low,337.85,312.34,0.39,0.36,3.7,D,2.0NRT,VIIRS_SNPP_C2,https://firms.modaps.eosdis.nasa.gov/data/active_fire/suomi-npp-viirs-c2/csv/SUOMI_VIIRS_C2_Global_24h.csv,2026-09-22 13:46:18.797039+00:00
f15ca5d07ac79394,37.37971,-7.69394,2026-09-21 13:27:00+00:00,2026-09-21,1327,N,,0.2,low,336.19,309.86,0.44,0.38,3.77,D,2.0NRT,VIIRS_SNPP_C2,https://firms.modaps.eosdis.nasa.gov/data/active_fire/suomi-npp-viirs-c2/csv/SUOMI_VIIRS_C2_Global_24h.csv,2026-09-22 13:46:18.797039+00:00
b157695b4a55ec9c,36.01787,0.12817,2026-09-22 01:47:00+00:00,2026-09-22,0147,N,,0.6,nominal,301.86,290.62,0.45,0.39,0.76,N,2.0NRT,VIIRS_SNPP_C2,https://firms.modaps.eosdis.nasa.gov/data/active_fire/suomi-npp-viirs-c2/csv/SUOMI_VIIRS_C2_Global_24h.csv,2026-09-22 13:46:18.797039+00:00
990c2706d9c7fd20,35.09471,5.64874,2026-09-22 01:47:00+00:00,2026-09-22,0147,N,,0.6,nominal,312.2,291.23,0.41,0.37,1.23,N,2.0NRT,VIIRS_SNPP_C2,https://firms.modaps.eosdis.nasa.gov/data/active_fire/suomi-npp-viirs-c2/csv/SUOMI_VIIRS_C2_Global_24h.csv,2026-09-22 13:46:18.797039+00:00
23fe263f5c890734,34.98333,5.71967,2026-09-22 01:47:00+00:00,2026-09-22,0147,N,,0.6,nominal,303.72,290.34,0.41,0.37,0.37,N,2.0NRT,VIIRS_SNPP_C2,https://firms.modaps.eosdis.nasa.gov/data/active_fire/suomi-npp-viirs-c2/csv/SUOMI_VIIRS_C2_Global_24h.csv,2026-09-22 13:46:18.797039+00:00
ce6fe1fcd934ea53,34.98072,5.7144,2026-09-22 01:47:00+00:00,2026-09-22,0147,N,,0.6,nominal,308.14,291.23,0.41,0.37,1.2,N,2.0NRT,VIIRS_SNPP_C2,https://firms.modaps.eosdis.nasa.gov/data/active_fire/suomi-npp-viirs-c2/csv/SUOMI_VIIRS_C2_Global_24h.csv,2026-09-22 13:46:18.797039+00:00
ae33c78a60ce8403,35.81572,-0.2756,2026-09-22 01:47:00+00:00,2026-09-22,0147,N,,0.6,nominal,300.47,290.29,0.47,0.4,0.64,N,2.0NRT,VIIRS_SNPP_C2,https://firms.modaps.eosdis.nasa.gov/data/active_fire/suomi-npp-viirs-c2/csv/SUOMI_VIIRS_C2_Global_24h.csv,2026-09-22 13:46:18.797039+00:00
928aa51483cdb271,35.8151,-0.27049,2026-09-22 01:47:00+00:00,2026-09-22,0147,N,,0.6,nominal,309.19,290.97,0.47,0.4,0.64,N,2.0NRT,VIIRS_SNPP_C2,https://firms.modaps.eosdis.nasa.gov/data/active_fire/suomi-npp-viirs-c2/csv/SUOMI_VIIRS_C2_Global_24h.csv,2026-09-22 13:46:18.797039+00:00
f6dd934ded542f18,35.80956,-0.25551,2026-09-22 01:47:00+00:00,2026-09-22,0147,N,,0.6,nominal,305.53,291.36,0.47,0.4,1.23,N,2.0NRT,VIIRS_SNPP_C2,https://firms.modaps.eosdis.nasa.gov/data/active_fire/suomi-npp-viirs-c2/csv/SUOMI_VIIRS_C2_Global_24h.csv,2026-09-22 13:46:18.797039+00:00
07658c45b4c9f601,35.81614,-0.27241,2026-09-22 01:47:00+00:00,2026-09-22,0147,N,,0.6,nominal,304.14,290.31,0.47,0.4,0.72,N,2.0NRT,VIIRS_SNPP_C2,https://firms.modaps.eosdis.nasa.gov/data/active_fire/suomi-npp-viirs-c2/csv/SUOMI_VIIRS_C2_Global_24h.csv,2026-09-22 13:46:18.797039+00:00
20887fe8a09a529b,35.81549,-0.26727,2026-09-22 01:47:00+00:00,2026-09-22,0147,N,,0.6,nominal,310.17,291.4,0.47,0.4,0.72,N,2.0NRT,VIIRS_SNPP_C2,https://firms.modaps.eosdis.nasa.gov/data/active_fire/suomi-npp-viirs-c2/csv/SUOMI_VIIRS_C2_Global_24h.csv,2026-09-22 13:46:18.797039+00:00
f9a09d0b1294cbda,35.80988,-0.25233,2026-09-22 01:47:00+00:00,2026-09-22,0147,N,,0.6,nominal,303.16,291.53,0.47,0.4,1.07,N,2.0NRT,VIIRS_SNPP_C2,https://firms.modaps.eosdis.nasa.gov/data/active_fire/suomi-npp-viirs-c2/csv/SUOMI_VIIRS_C2_Global_24h.csv,2026-09-22 13:46:18.797039+00:00
285b9af89f5839a3,35.80492,-0.24263,2026-09-22 01:47:00+00:00,2026-09-22,0147,N,,0.6,nominal,304.31,292.36,0.47,0.4,0.54,N,2.0NRT,VIIRS_SNPP_C2,https://firms.modaps.eosdis.nasa.gov/data/active_fire/suomi-npp-viirs-c2/csv/SUOMI_VIIRS_C2_Global_24h.csv,2026-09-22 13:46:18.797039+00:00
706b1b7506a730e3,36.17682,-5.42415,2026-09-22 01:47:00+00:00,2026-09-22,0147,N,,0.6,nominal,306.13,292.06,0.57,0.52,1.02,N,2.0NRT,VIIRS_SNPP_C2,https://firms.modaps.eosdis.nasa.gov/data/active_fire/suomi-npp-viirs-c2/csv/SUOMI_VIIRS_C2_Global_24h.csv,2026-09-22 13:46:18.797039+00:00
d020878018a314f2,33.87559,9.99119,2026-09-22 01:47:00+00:00,2026-09-22,0147,N,,0.6,nominal,302.06,290.08,0.43,0.46,1.05,N,2.0NRT,VIIRS_SNPP_C2,https://firms.modaps.eosdis.nasa.gov/data/active_fire/suomi-npp-viirs-c2/csv/SUOMI_VIIRS_C2_Global_24h.csv,2026-09-22 13:46:18.797039+00:00
e5e6aa3b6f5f58c3,35.56865,-0.93851,2026-09-22 01:47:00+00:00,2026-09-22,0147,N,,0.6,nominal,300.31,290.25,0.5,0.41,0.66,N,2.0NRT,VIIRS_SNPP_C2,https://firms.modaps.eosdis.nasa.gov/data/active_fire/suomi-npp-viirs-c2/csv/SUOMI_VIIRS_C2_Global_24h.csv,2026-09-22 13:46:18.797039+00:00
ac4502a74c0461f5,34.43835,2.05741,2026-09-22 01:47:00+00:00,2026-09-22,0147,N,,0.6,nominal,309.43,287.34,0.39,0.36,1.38,N,2.0NRT,VIIRS_SNPP_C2,https://firms.modaps.eosdis.nasa.gov/data/active_fire/suomi-npp-viirs-c2/csv/SUOMI_VIIRS_C2_Global_24h.csv,2026-09-22 13:46:18.797039+00:00
2027606b1d81728e,34.59717,-2.34698,2026-09-22 01:47:00+00:00,2026-09-22,0147,N,,0.6,nominal,302.74,288.69,0.56,0.43,0.91,N,2.0NRT,VIIRS_SNPP_C2,https://firms.modaps.eosdis.nasa.gov/data/active_fire/suomi-npp-viirs-c2/csv/SUOMI_VIIRS_C2_Global_24h.csv,2026-09-22 13:46:18.797039+00:00
5e11ded0b9f83f7b,31.95714,11.1479,2026-09-22 01:47:00+00:00,2026-09-22,0147,N,,0.6,nominal,304.79,288.94,0.54,0.51,0.57,N,2.0NRT,VIIRS_SNPP_C2,https://firms.modaps.eosdis.nasa.gov/data/active_fire/suomi-npp-viirs-c2/csv/SUOMI_VIIRS_C2_Global_24h.csv,2026-09-22 13:46:18.797039+00:00
ea1d2ad244671ac3,31.95259,11.1464,2026-09-22 01:47:00+00:00,2026-09-22,0147,N,,0.6,nominal,301.14,288.18,0.54,0.51,0.57,N,2.0NRT,VIIRS_SNPP_C2,https://firms.modaps.eosdis.nasa.gov/data/active_fire/suomi-npp-viirs-c2/csv/SUOMI_VIIRS_C2_Global_24h.csv,2026-09-22 13:46:18.797039+00:00
2a2df7f1fb12d8db,31.95469,11.14607,2026-09-22 01:47:00+00:00,2026-09-22,0147,N,,0.6,nominal,312.63,289.03,0.54,0.51,1.81,N,2.0NRT,VIIRS_SNPP_C2,https://firms.modaps.eosdis.nasa.gov/data/active_fire/suomi-npp-viirs-c2/csv/SUOMI_VIIRS_C2_Global_24h.csv,2026-09-22 13:46:18.797039+00:00
9eb7d4b732538131,32.57914,6.70257,2026-09-22 01:47:00+00:00,2026-09-22,0147,N,,0.6,nominal,298.18,286.9,0.47,0.4,0.4,N,2.0NRT,VIIRS_SNPP_C2,https://firms.modaps.eosdis.nasa.gov/data/active_fire/suomi-npp-viirs-c2/csv/SUOMI_VIIRS_C2_Global_24h.csv,2026-09-22 13:46:18.797039+00:00
4dfd4fb004281c1c,33.14106,3.36601,2026-09-22 01:47:00+00:00,2026-09-22,0147,N,,0.6,nominal,312.98,285.73,0.38,0.36,1.11,N,2.0NRT,VIIRS_SNPP_C2,https://firms.modaps.eosdis.nasa.gov/data/active_fire/suomi-npp-viirs-c2/csv/SUOMI_VIIRS_C2_Global_24h.csv,2026-09-22 13:46:18.797039+00:00
5979f6baed631eeb,33.12915,3.31828,2026-09-22 01:47:00+00:00,2026-09-22,0147,N,,0.6,nominal,303.29,285.32,0.38,0.36,0.4,N,2.0NRT,VIIRS_SNPP_C2,https://firms.modaps.eosdis.nasa.gov/data/active_fire/suomi-npp-viirs-c2/csv/SUOMI_VIIRS_C2_Global_24h.csv,2026-09-22 13:46:18.797039+00:00
6bbe2137bbf8bd41,33.12849,3.32237,2026-09-22 01:47:00+00:00,2026-09-22,0147,N,,0.6,nominal,298.26,285.62,0.38,0.36,0.4,N,2.0NRT,VIIRS_SNPP_C2,https://firms.modaps.eosdis.nasa.gov/data/active_fire/suomi-npp-viirs-c2/csv/SUOMI_VIIRS_C2_Global_24h.csv,2026-09-22 13:46:18.797039+00:00
91373dffa9d3b805,33.12586,3.31753,2026-09-22 01:47:00+00:00,2026-09-22,0147,N,,0.6,nominal,303.31,285.06,0.38,0.36,0.7,N,2.0NRT,VIIRS_SNPP_C2,https://firms.modaps.eosdis.nasa.gov/data/active_fire/suomi-npp-viirs-c2/csv/SUOMI_VIIRS_C2_Global_24h.csv,2026-09-22 13:46:18.797039+00:00
f169810cdb7e4023,33.1252,3.32162,2026-09-22 01:47:00+00:00,2026-09-22,0147,N,,0.6,nominal,314.94,286.51,0.38,0.36,0.7,N,2.0NRT,VIIRS_SNPP_C2,https://firms.modaps.eosdis.nasa.gov/data/active_fire/suomi-npp-viirs-c2/csv/SUOMI_VIIRS_C2_Global_24h.csv,2026-09-22 13:46:18.797039+00:00
9a966a58e08e68dc,32.51399,6.70956,2026-09-22 01:47:00+00:00,2026-09-22,0147,N,,0.6,nominal,323.59,280.77,0.47,0.4,2.08,N,2.0NRT,VIIRS_SNPP_C2,https://firms.modaps.eosdis.nasa.gov/data/active_fire/suomi-npp-viirs-c2/csv/SUOMI_VIIRS_C2_Global_24h.csv,2026-09-22 13:46:18.797039+00:00
c3de680af6b439d4,32.44266,6.62656,2026-09-22 01:47:00+00:00,2026-09-22,0147,N,,0.6,nominal,318.59,285.55,0.47,0.4,1.9,N,2.0NRT,VIIRS_SNPP_C2,https://firms.modaps.eosdis.nasa.gov/data/active_fire/suomi-npp-viirs-c2/csv/SUOMI_VIIRS_C2_Global_24h.csv,2026-09-22 13:46:18.797039+00:00
516b30d1803c53d1,32.35716,6.97701,2026-09-22 01:47:00+00:00,2026-09-22,0147,N,,0.6,nominal,306.03,283.71,0.49,0.4,1.39,N,2.0NRT,VIIRS_SNPP_C2,https://firms.modaps.eosdis.nasa.gov/data/active_fire/suomi-npp-viirs-c2/csv/SUOMI_VIIRS_C2_Global_24h.csv,2026-09-22 13:46:18.797039+00:00
f7cea64d78bf1cde,31.31892,11.80195,2026-09-22 01:47:00+00:00,2026-09-22,0147,N,,0.6,nominal,315.48,288.42,0.61,0.53,3.0,N,2.0NRT,VIIRS_SNPP_C2,https://firms.modaps.eosdis.nasa.gov/data/active_fire/suomi-npp-viirs-c2/csv/SUOMI_VIIRS_C2_Global_24h.csv,2026-09-22 13:46:18.797039+00:00
bc86db4cbdf15ac5,31.31746,11.80821,2026-09-22 01:47:00+00:00,2026-09-22,0147,N,,0.6,nominal,306.77,287.7,0.61,0.53,1.8,N,2.0NRT,VIIRS_SNPP_C2,https://firms.modaps.eosdis.nasa.gov/data/active_fire/suomi-npp-viirs-c2/csv/SUOMI_VIIRS_C2_Global_24h.csv,2026-09-22 13:46:18.797039+00:00
19619466b0441a7e,32.93556,3.23426,2026-09-22 01:47:00+00:00,2026-09-22,0147,N,,0.6,nominal,313.79,285.82,0.38,0.36,0.52,N,2.0NRT,VIIRS_SNPP_C2,https://firms.modaps.eosdis.nasa.gov/data/active_fire/suomi-npp-viirs-c2/csv/SUOMI_VIIRS_C2_Global_24h.csv,2026-09-22 13:46:18.797039+00:00
96804a913a561b7d,32.93226,3.23351,2026-09-22 01:47:00+00:00,2026-09-22,0147,N,,0.6,nominal,297.14,285.16,0.38,0.36,0.52,N,2.0NRT,VIIRS_SNPP_C2,https://firms.modaps.eosdis.nasa.gov/data/active_fire/suomi-npp-viirs-c2/csv/SUOMI_VIIRS_C2_Global_24h.csv,2026-09-22 13:46:18.797039+00:00
ca32ec2b38615bae,32.93161,3.23759,2026-09-22 01:47:00+00:00,2026-09-22,0147,N,,0.6,nominal,297.06,284.67,0.38,0.36,0.52,N,2.0NRT,VIIRS_SNPP_C2,https://firms.modaps.eosdis.nasa.gov/data/active_fire/suomi-npp-viirs-c2/csv/SUOMI_VIIRS_C2_Global_24h.csv,2026-09-22 13:46:18.797039+00:00
80b6bbffdd76e8a2,32.93029,3.24575,2026-09-22 01:47:00+00:00,2026-09-22,0147,N,,0.6,nominal,298.42,284.49,0.38,0.36,0.37,N,2.0NRT,VIIRS_SNPP_C2,https://firms.modaps.eosdis.nasa.gov/data/active_fire/suomi-npp-viirs-c2/csv/SUOMI_VIIRS_C2_Global_24h.csv,2026-09-22 13:46:18.797039+00:00
15317a1034526fbb,32.229,6.71811,2026-09-22 01:47:00+00:00,2026-09-22,0147,N,,0.6,nominal,298.75,276.52,0.47,0.4,0.57,N,2.0NRT,VIIRS_SNPP_C2,https://firms.modaps.eosdis.nasa.gov/data/active_fire/suomi-npp-viirs-c2/csv/SUOMI_VIIRS_C2_Global_24h.csv,2026-09-22 13:46:18.797039+00:00
7dfd65edcc432f12,32.22539,6.71717,2026-09-22 01:47:00+00:00,2026-09-22,0147,N,,0.6,nominal,296.09,275.81,0.47,0.4,0.57,N,2.0NRT,VIIRS_SNPP_C2,https://firms.modaps.eosdis.nasa.gov/data/active_fire/suomi-npp-viirs-c2/csv/SUOMI_VIIRS_C2_Global_24h.csv,2026-09-22 13:46:18.797039+00:00
f0be6c413aab0231,32.83873,3.24192,2026-09-22 01:47:00+00:00,2026-09-22,0147,N,,0.6,nominal,298.85,285.68,0.38,0.36,0.76,N,2.0NRT,VIIRS_SNPP_C2,https://firms.modaps.eosdis.nasa.gov/data/active_fire/suomi-npp-viirs-c2/csv/SUOMI_VIIRS_C2_Global_24h.csv,2026-09-22 13:46:18.797039+00:00
d5c3039f5d288cd7,32.74662,3.18026,2026-09-22 01:47:00+00:00,2026-09-22,0147,N,,0.6,nominal,319.59,286.8,0.38,0.36,1.7,N,2.0NRT,VIIRS_SNPP_C2,https://firms.modaps.eosdis.nasa.gov/data/active_fire/suomi-npp-viirs-c2/csv/SUOMI_VIIRS_C2_Global_24h.csv,2026-09-22 13:46:18.797039+00:00
e64f4ac266bbf3fd,32.74596,3.18433,2026-09-22 01:47:00+00:00,2026-09-22,0147,N,,0.6,nominal,299.75,285.33,0.38,0.36,0.73,N,2.0NRT,VIIRS_SNPP_C2,https://firms.modaps.eosdis.nasa.gov/data/active_fire/suomi-npp-viirs-c2/csv/SUOMI_VIIRS_C2_Global_24h.csv,2026-09-22 13:46:18.797039+00:00
c43f5ed1ac53fe13,32.13615,6.47275,2026-09-22 01:47:00+00:00,2026-09-22,0147,N,,0.6,nominal,326.91,284.56,0.47,0.39,3.86,N,2.0NRT,VIIRS_SNPP_C2,https://firms.modaps.eosdis.nasa.gov/data/active_fire/suomi-npp-viirs-c2/csv/SUOMI_VIIRS_C2_Global_24h.csv,2026-09-22 13:46:18.797039+00:00
d66fe0e46e0c54d3,32.13706,6.46788,2026-09-22 01:47:00+00:00,2026-09-22,0147,N,,0.6,nominal,319.02,283.4,0.47,0.39,4.13,N,2.0NRT,VIIRS_SNPP_C2,https://firms.modaps.eosdis.nasa.gov/data/active_fire/suomi-npp-viirs-c2/csv/SUOMI_VIIRS_C2_Global_24h.csv,2026-09-22 13:46:18.797039+00:00
27137d8145b1b6bb,32.55491,3.16958,2026-09-22 01:47:00+00:00,2026-09-22,0147,N,,0.6,nominal,322.42,288.19,0.38,0.36,1.16,N,2.0NRT,VIIRS_SNPP_C2,https://firms.modaps.eosdis.nasa.gov/data/active_fire/suomi-npp-viirs-c2/csv/SUOMI_VIIRS_C2_Global_24h.csv,2026-09-22 13:46:18.797039+00:00
882804b20175d7e0,32.40279,4.00665,2026-09-22 01:47:00+00:00,2026-09-22,0147,N,,0.6,nominal,308.07,288.39,0.39,0.36,1.02,N,2.0NRT,VIIRS_SNPP_C2,https://firms.modaps.eosdis.nasa.gov/data/active_fire/suomi-npp-viirs-c2/csv/SUOMI_VIIRS_C2_Global_24h.csv,2026-09-22 13:46:18.797039+00:00
52e516cf31bdc19b,32.27995,3.98817,2026-09-22 01:47:00+00:00,2026-09-22,0147,N,,0.6,nominal,301.17,273.1,0.39,0.36,2.02,N,2.0NRT,VIIRS_SNPP_C2,https://firms.modaps.eosdis.nasa.gov/data/active_fire/suomi-npp-viirs-c2/csv/SUOMI_VIIRS_C2_Global_24h.csv,2026-09-22 13:46:18.797039+00:00
65ed055b956f1e5c,32.27662,3.98739,2026-09-22 01:47:00+00:00,2026-09-22,0147,N,,0.6,nominal,332.17,274.46,0.39,0.36,2.02,N,2.0NRT,VIIRS_SNPP_C2,https://firms.modaps.eosdis.nasa.gov/data/active_fire/suomi-npp-viirs-c2/csv/SUOMI_VIIRS_C2_Global_24h.csv,2026-09-22 13:46:18.797039+00:00
f978c84353f32f5f,31.8505,6.0447,2026-09-22 01:47:00+00:00,2026-09-22,0147,N,,0.6,nominal,299.94,288.13,0.45,0.39,0.74,N,2.0NRT,VIIRS_SNPP_C2,https://firms.modaps.eosdis.nasa.gov/data/active_fire/suomi-npp-viirs-c2/csv/SUOMI_VIIRS_C2_Global_24h.csv,2026-09-22 13:46:18.797039+00:00
17e22557d0988bc2,31.84962,6.04942,2026-09-22 01:47:00+00:00,2026-09-22,0147,N,,0.6,nominal,303.62,288.54,0.45,0.39,0.74,N,2.0NRT,VIIRS_SNPP_C2,https://firms.modaps.eosdis.nasa.gov/data/active_fire/suomi-npp-viirs-c2/csv/SUOMI_VIIRS_C2_Global_24h.csv,2026-09-22 13:46:18.797039+00:00
1132746f31482790,31.84875,6.05414,2026-09-22 01:47:00+00:00,2026-09-22,0147,N,,0.6,nominal,317.06,288.49,0.45,0.39,0.88,N,2.0NRT,VIIRS_SNPP_C2,https://firms.modaps.eosdis.nasa.gov/data/active_fire/suomi-npp-viirs-c2/csv/SUOMI_VIIRS_C2_Global_24h.csv,2026-09-22 13:46:18.797039+00:00
919c28b6cd219779,31.95866,5.21777,2026-09-22 01:47:00+00:00,2026-09-22,0147,N,,0.6,nominal,309.5,287.83,0.42,0.38,1.2,N,2.0NRT,VIIRS_SNPP_C2,https://firms.modaps.eosdis.nasa.gov/data/active_fire/suomi-npp-viirs-c2/csv/SUOMI_VIIRS_C2_Global_24h.csv,2026-09-22 13:46:18.797039+00:00
77c2046898ca92c2,31.7992,6.06124,2026-09-22 01:47:00+00:00,2026-09-22,0147,N,,0.6,nominal,305.79,288.47,0.45,0.39,0.67,N,2.0NRT,VIIRS_SNPP_C2,https://firms.modaps.eosdis.nasa.gov/data/active_fire/suomi-npp-viirs-c2/csv/SUOMI_VIIRS_C2_Global_24h.csv,2026-09-22 13:46:18.797039+00:00
04e915c2c1be990f,31.8081,5.99434,2026-09-22 01:47:00+00:00,2026-09-22,0147,N,,0.6,nominal,310.55,288.91,0.45,0.39,1.11,N,2.0NRT,VIIRS_SNPP_C2,https://firms.modaps.eosdis.nasa.gov/data/active_fire/suomi-npp-viirs-c2/csv/SUOMI_VIIRS_C2_Global_24h.csv,2026-09-22 13:46:18.797039+00:00
097567d368c25d12,31.78769,6.06326,2026-09-22 01:47:00+00:00,2026-09-22,0147,N,,0.6,nominal,307.1,288.4,0.45,0.39,1.19,N,2.0NRT,VIIRS_SNPP_C2,https://firms.modaps.eosdis.nasa.gov/data/active_fire/suomi-npp-viirs-c2/csv/SUOMI_VIIRS_C2_Global_24h.csv,2026-09-22 13:46:18.797039+00:00
a229cdccd9ed4bae,31.78679,6.068,2026-09-22 01:47:00+00:00,2026-09-22,0147,N,,0.6,nominal,304.06,288.08,0.45,0.39,0.65,N,2.0NRT,VIIRS_SNPP_C2,https://firms.modaps.eosdis.nasa.gov/data/active_fire/suomi-npp-viirs-c2/csv/SUOMI_VIIRS_C2_Global_24h.csv,2026-09-22 13:46:18.797039+00:00
421ef9b410147300,31.80581,5.99679,2026-09-22 01:47:00+00:00,2026-09-22,0147,N,,0.6,nominal,314.42,289.17,0.45,0.39,1.13,N,2.0NRT,VIIRS_SNPP_C2,https://firms.modaps.eosdis.nasa.gov/data/active_fire/suomi-npp-viirs-c2/csv/SUOMI_VIIRS_C2_Global_24h.csv,2026-09-22 13:46:18.797039+00:00
0ac77e3b90ef1df6,31.78924,6.06675,2026-09-22 01:47:00+00:00,2026-09-22,0147,N,,0.6,nominal,302.73,287.89,0.45,0.39,0.55,N,2.0NRT,VIIRS_SNPP_C2,https://firms.modaps.eosdis.nasa.gov/data/active_fire/suomi-npp-viirs-c2/csv/SUOMI_VIIRS_C2_Global_24h.csv,2026-09-22 13:46:18.797039+00:00
f78e141e774765d6,31.7857,6.06585,2026-09-22 01:47:00+00:00,2026-09-22,0147,N,,0.6,nominal,314.62,288.23,0.45,0.39,1.48,N,2.0NRT,VIIRS_SNPP_C2,https://firms.modaps.eosdis.nasa.gov/data/active_fire/suomi-npp-viirs-c2/csv/SUOMI_VIIRS_C2_Global_24h.csv,2026-09-22 13:46:18.797039+00:00
f97161a3153e42e0,31.68885,6.18583,2026-09-22 01:47:00+00:00,2026-09-22,0147,N,,0.6,nominal,302.33,288.59,0.46,0.39,0.68,N,2.0NRT,VIIRS_SNPP_C2,https://firms.modaps.eosdis.nasa.gov/data/active_fire/suomi-npp-viirs-c2/csv/SUOMI_VIIRS_C2_Global_24h.csv,2026-09-22 13:46:18.797039+00:00
4c41afcd5e890724,31.70515,5.96131,2026-09-22 01:47:00+00:00,2026-09-22,0147,N,,0.6,nominal,298.43,287.9,0.45,0.39,0.16,N,2.0NRT,VIIRS_SNPP_C2,https://firms.modaps.eosdis.nasa.gov/data/active_fire/suomi-npp-viirs-c2/csv/SUOMI_VIIRS_C2_Global_24h.csv,2026-09-22 13:46:18.797039+00:00
894218fc1c43e986,31.67623,6.04564,2026-09-22 01:47:00+00:00,2026-09-22,0147,N,,0.6,nominal,302.98,288.62,0.45,0.39,0.96,N,2.0NRT,VIIRS_SNPP_C2,https://firms.modaps.eosdis.nasa.gov/data/active_fire/suomi-npp-viirs-c2/csv/SUOMI_VIIRS_C2_Global_24h.csv,2026-09-22 13:46:18.797039+00:00
f3d15a20b8a8362c,31.66826,6.04858,2026-09-22 01:47:00+00:00,2026-09-22,0147,N,,0.6,nominal,301.19,288.67,0.45,0.39,0.7,N,2.0NRT,VIIRS_SNPP_C2,https://firms.modaps.eosdis.nasa.gov/data/active_fire/suomi-npp-viirs-c2/csv/SUOMI_VIIRS_C2_Global_24h.csv,2026-09-22 13:46:18.797039+00:00
bb0b3f40e7e60512,31.66651,6.05807,2026-09-22 01:47:00+00:00,2026-09-22,0147,N,,0.6,nominal,309.37,288.72,0.45,0.39,1.94,N,2.0NRT,VIIRS_SNPP_C2,https://firms.modaps.eosdis.nasa.gov/data/active_fire/suomi-npp-viirs-c2/csv/SUOMI_VIIRS_C2_Global_24h.csv,2026-09-22 13:46:18.797039+00:00
6581ec45bdd3898c,31.66384,6.05244,2026-09-22 01:47:00+00:00,2026-09-22,0147,N,,0.6,nominal,352.17,290.86,0.45,0.39,6.05,N,2.0NRT,VIIRS_SNPP_C2,https://firms.modaps.eosdis.nasa.gov/data/active_fire/suomi-npp-viirs-c2/csv/SUOMI_VIIRS_C2_Global_24h.csv,2026-09-22 13:46:18.797039+00:00
18b6f00ce8fdb4f5,31.66295,6.05719,2026-09-22 01:47:00+00:00,2026-09-22,0147,N,,0.6,nominal,346.91,292.14,0.45,0.39,6.05,N,2.0NRT,VIIRS_SNPP_C2,https://firms.modaps.eosdis.nasa.gov/data/active_fire/suomi-npp-viirs-c2/csv/SUOMI_VIIRS_C2_Global_24h.csv,2026-09-22 13:46:18.797039+00:00
49ad11339532b5c3,31.66208,6.06193,2026-09-22 01:47:00+00:00,2026-09-22,0147,N,,0.6,nominal,323.63,289.12,0.45,0.39,3.65,N,2.0NRT,VIIRS_SNPP_C2,https://firms.modaps.eosdis.nasa.gov/data/active_fire/suomi-npp-viirs-c2/csv/SUOMI_VIIRS_C2_Global_24h.csv,2026-09-22 13:46:18.797039+00:00
4b508d7acac84b14,31.31705,11.79909,2026-09-22 00:07:00+00:00,2026-09-22,0007,N,,0.6,nominal,319.84,285.09,0.76,0.77,3.42,N,2.0NRT,VIIRS_SNPP_C2,https://firms.modaps.eosdis.nasa.gov/data/active_fire/suomi-npp-viirs-c2/csv/SUOMI_VIIRS_C2_Global_24h.csv,2026-09-22 13:46:18.797039+00:00
e9188360342f56e7,31.66471,6.04769,2026-09-22 01:47:00+00:00,2026-09-22,0147,N,,0.6,nominal,300.05,288.33,0.45,0.39,0.92,N,2.0NRT,VIIRS_SNPP_C2,https://firms.modaps.eosdis.nasa.gov/data/active_fire/suomi-npp-viirs-c2/csv/SUOMI_VIIRS_C2_Global_24h.csv,2026-09-22 13:46:18.797039+00:00
7ad866ec731c154a,31.31577,11.79862,2026-09-22 00:07:00+00:00,2026-09-22,0007,N,,0.6,nominal,314.58,284.51,0.76,0.77,3.1,N,2.0NRT,VIIRS_SNPP_C2,https://firms.modaps.eosdis.nasa.gov/data/active_fire/suomi-npp-viirs-c2/csv/SUOMI_VIIRS_C2_Global_24h.csv,2026-09-22 13:46:18.797039+00:00
70899a1d5b80d6c9,31.66029,6.05154,2026-09-22 01:47:00+00:00,2026-09-22,0147,N,,0.6,nominal,300.95,288.97,0.45,0.39,6.05,N,2.0NRT,VIIRS_SNPP_C2,https://firms.modaps.eosdis.nasa.gov/data/active_fire/suomi-npp-viirs-c2/csv/SUOMI_VIIRS_C2_Global_24h.csv,2026-09-22 13:46:18.797039+00:00
5d70f7ba31785b2a,31.69738,5.81053,2026-09-22 01:47:00+00:00,2026-09-22,0147,N,,0.6,nominal,314.0,289.25,0.44,0.39,1.45,N,2.0NRT,VIIRS_SNPP_C2,https://firms.modaps.eosdis.nasa.gov/data/active_fire/suomi-npp-viirs-c2/csv/SUOMI_VIIRS_C2_Global_24h.csv,2026-09-22 13:46:18.797039+00:00
4c2dfebbabd14661,31.68684,5.80788,2026-09-22 01:47:00+00:00,2026-09-22,0147,N,,0.6,nominal,304.12,288.68,0.44,0.39,0.64,N,2.0NRT,VIIRS_SNPP_C2,https://firms.modaps.eosdis.nasa.gov/data/active_fire/suomi-npp-viirs-c2/csv/SUOMI_VIIRS_C2_Global_24h.csv,2026-09-22 13:46:18.797039+00:00
9590995fa2774e36,31.63101,5.98956,2026-09-22 01:47:00+00:00,2026-09-22,0147,N,,0.6,nominal,302.58,288.41,0.45,0.39,0.45,N,2.0NRT,VIIRS_SNPP_C2,https://firms.modaps.eosdis.nasa.gov/data/active_fire/suomi-npp-viirs-c2/csv/SUOMI_VIIRS_C2_Global_24h.csv,2026-09-22 13:46:18.797039+00:00
6332acda0e0ab574,31.75292,5.2271,2026-09-22 01:47:00+00:00,2026-09-22,0147,N,,0.6,nominal,304.54,288.09,0.42,0.38,0.56,N,2.0NRT,VIIRS_SNPP_C2,https://firms.modaps.eosdis.nasa.gov/data/active_fire/suomi-npp-viirs-c2/csv/SUOMI_VIIRS_C2_Global_24h.csv,2026-09-22 13:46:18.797039+00:00
fc99bc2bf1b721a2,31.74948,5.22625,2026-09-22 01:47:00+00:00,2026-09-22,0147,N,,0.6,nominal,328.07,288.46,0.42,0.38,2.63,N,2.0NRT,VIIRS_SNPP_C2,https://firms.modaps.eosdis.nasa.gov/data/active_fire/suomi-npp-viirs-c2/csv/SUOMI_VIIRS_C2_Global_24h.csv,2026-09-22 13:46:18.797039+00:00
8485f02924513e64,31.17957,8.10471,2026-09-22 01:47:00+00:00,2026-09-22,0147,N,,0.6,nominal,300.93,288.95,0.57,0.43,0.86,N,2.0NRT,VIIRS_SNPP_C2,https://firms.modaps.eosdis.nasa.gov/data/active_fire/suomi-npp-viirs-c2/csv/SUOMI_VIIRS_C2_Global_24h.csv,2026-09-22 13:46:18.797039+00:00
b522d059ec7e574b,31.59208,5.96002,2026-09-22 01:47:00+00:00,2026-09-22,0147,N,,0.6,nominal,318.75,288.44,0.45,0.39,1.03,N,2.0NRT,VIIRS_SNPP_C2,https://firms.modaps.eosdis.nasa.gov/data/active_fire/suomi-npp-viirs-c2/csv/SUOMI_VIIRS_C2_Global_24h.csv,2026-09-22 13:46:18.797039+00:00
b3c701da618fdfc3,31.58854,5.95912,2026-09-22 01:47:00+00:00,2026-09-22,0147,N,,0.6,nominal,305.75,287.81,0.45,0.39,1.03,N,2.0NRT,VIIRS_SNPP_C2,https://firms.modaps.eosdis.nasa.gov/data/active_fire/suomi-npp-viirs-c2/csv/SUOMI_VIIRS_C2_Global_24h.csv,2026-09-22 13:46:18.797039+00:00
bb7a0d7ec8194603,31.59088,5.95772,2026-09-22 01:47:00+00:00,2026-09-22,0147,N,,0.6,nominal,315.56,288.24,0.45,0.39,1.32,N,2.0NRT,VIIRS_SNPP_C2,https://firms.modaps.eosdis.nasa.gov/data/active_fire/suomi-npp-viirs-c2/csv/SUOMI_VIIRS_C2_Global_24h.csv,2026-09-22 13:46:18.797039+00:00
e5808a3f79ec0959,31.17845,8.10376,2026-09-22 01:47:00+00:00,2026-09-22,0147,N,,0.6,nominal,299.38,288.88,0.57,0.43,0.86,N,2.0NRT,VIIRS_SNPP_C2,https://firms.modaps.eosdis.nasa.gov/data/active_fire/suomi-npp-viirs-c2/csv/SUOMI_VIIRS_C2_Global_24h.csv,2026-09-22 13:46:18.797039+00:00
69e3d8931f225a67,31.58381,5.95591,2026-09-22 01:47:00+00:00,2026-09-22,0147,N,,0.6,nominal,314.74,288.32,0.45,0.39,0.83,N,2.0NRT,VIIRS_SNPP_C2,https://firms.modaps.eosdis.nasa.gov/data/active_fire/suomi-npp-viirs-c2/csv/SUOMI_VIIRS_C2_Global_24h.csv,2026-09-22 13:46:18.797039+00:00
b5e89a8711591bf0,31.39652,6.9318,2026-09-22 01:47:00+00:00,2026-09-22,0147,N,,0.6,nominal,328.32,281.17,0.5,0.41,2.09,N,2.0NRT,VIIRS_SNPP_C2,https://firms.modaps.eosdis.nasa.gov/data/active_fire/suomi-npp-viirs-c2/csv/SUOMI_VIIRS_C2_Global_24h.csv,2026-09-22 13:46:18.797039+00:00
88a9428bb1525039,31.39553,6.93698,2026-09-22 01:47:00+00:00,2026-09-22,0147,N,,0.6,nominal,297.03,284.07,0.5,0.41,2.09,N,2.0NRT,VIIRS_SNPP_C2,https://firms.modaps.eosdis.nasa.gov/data/active_fire/suomi-npp-viirs-c2/csv/SUOMI_VIIRS_C2_Global_24h.csv,2026-09-22 13:46:18.797039+00:00
e2c201f40432d322,31.39453,6.94216,2026-09-22 01:47:00+00:00,2026-09-22,0147,N,,0.6,nominal,303.44,284.95,0.5,0.41,0.96,N,2.0NRT,VIIRS_SNPP_C2,https://firms.modaps.eosdis.nasa.gov/data/active_fire/suomi-npp-viirs-c2/csv/SUOMI_VIIRS_C2_Global_24h.csv,2026-09-22 13:46:18.797039+00:00
695877b469a5bbd2,31.40727,5.97724,2026-09-22 01:47:00+00:00,2026-09-22,0147,N,,0.6,nominal,300.0,288.73,0.45,0.39,0.51,N,2.0NRT,VIIRS_SNPP_C2,https://firms.modaps.eosdis.nasa.gov/data/active_fire/suomi-npp-viirs-c2/csv/SUOMI_VIIRS_C2_Global_24h.csv,2026-09-22 13:46:18.797039+00:00
b057a40b07d974d5,31.40461,5.97161,2026-09-22 01:47:00+00:00,2026-09-22,0147,N,,0.6,nominal,300.69,287.99,0.45,0.39,0.51,N,2.0NRT,VIIRS_SNPP_C2,https://firms.modaps.eosdis.nasa.gov/data/active_fire/suomi-npp-viirs-c2/csv/SUOMI_VIIRS_C2_Global_24h.csv,2026-09-22 13:46:18.797039+00:00
83a0dd273c02ab09,31.40372,5.97633,2026-09-22 01:47:00+00:00,2026-09-22,0147,N,,0.6,nominal,299.02,288.2,0.45,0.39,0.51,N,2.0NRT,VIIRS_SNPP_C2,https://firms.modaps.eosdis.nasa.gov/data/active_fire/suomi-npp-viirs-c2/csv/SUOMI_VIIRS_C2_Global_24h.csv,2026-09-22 13:46:18.797039+00:00
ed4f788815e177e3,31.36455,6.04592,2026-09-22 01:47:00+00:00,2026-09-22,0147,N,,0.6,nominal,330.49,291.18,0.46,0.39,11.38,N,2.0NRT,VIIRS_SNPP_C2,https://firms.modaps.eosdis.nasa.gov/data/active_fire/suomi-npp-viirs-c2/csv/SUOMI_VIIRS_C2_Global_24h.csv,2026-09-22 13:46:18.797039+00:00
986e036d1360eefc,31.36365,6.05068,2026-09-22 01:47:00+00:00,2026-09-22,0147,N,,0.6,nominal,300.03,288.66,0.46,0.39,2.15,N,2.0NRT,VIIRS_SNPP_C2,https://firms.modaps.eosdis.nasa.gov/data/active_fire/suomi-npp-viirs-c2/csv/SUOMI_VIIRS_C2_Global_24h.csv,2026-09-22 13:46:18.797039+00:00
0fbc21cbd786cdff,31.35918,6.05454,2026-09-22 01:47:00+00:00,2026-09-22,0147,N,,0.6,nominal,320.48,288.81,0.46,0.39,2.15,N,2.0NRT,VIIRS_SNPP_C2,https://firms.modaps.eosdis.nasa.gov/data/active_fire/suomi-npp-viirs-c2/csv/SUOMI_VIIRS_C2_Global_24h.csv,2026-09-22 13:46:18.797039+00:00
e5065f12d7f14bce,31.36009,6.04977,2026-09-22 01:47:00+00:00,2026-09-22,0147,N,,0.6,nominal,308.59,288.55,0.46,0.39,2.15,N,2.0NRT,VIIRS_SNPP_C2,https://firms.modaps.eosdis.nasa.gov/data/active_fire/suomi-npp-viirs-c2/csv/SUOMI_VIIRS_C2_Global_24h.csv,2026-09-22 13:46:18.797039+00:00
d55af22e906b899e,31.35869,6.05249,2026-09-22 01:47:00+00:00,2026-09-22,0147,N,,0.6,nominal,328.91,289.26,0.46,0.39,2.68,N,2.0NRT,VIIRS_SNPP_C2,https://firms.modaps.eosdis.nasa.gov/data/active_fire/suomi-npp-viirs-c2/csv/SUOMI_VIIRS_C2_Global_24h.csv,2026-09-22 13:46:18.797039+00:00
c01476ef890005c1,31.19009,6.78659,2026-09-22 01:47:00+00:00,2026-09-22,0147,N,,0.6,nominal,299.33,269.06,0.5,0.41,0.91,N,2.0NRT,VIIRS_SNPP_C2,https://firms.modaps.eosdis.nasa.gov/data/active_fire/suomi-npp-viirs-c2/csv/SUOMI_VIIRS_C2_Global_24h.csv,2026-09-22 13:46:18.797039+00:00
93aa6522166aa41e,30.66515,8.10249,2026-09-22 01:49:00+00:00,2026-09-22,0149,N,,0.6,nominal,299.8,283.57,0.39,0.44,1.62,N,2.0NRT,VIIRS_SNPP_C2,https://firms.modaps.eosdis.nasa.gov/data/active_fire/suomi-npp-viirs-c2/csv/SUOMI_VIIRS_C2_Global_24h.csv,2026-09-22 13:46:18.797039+00:00
2e28e035e61e1aed,30.97096,5.7546,2026-09-22 01:49:00+00:00,2026-09-22,0149,N,,0.6,nominal,306.9,287.94,0.45,0.39,0.68,N,2.0NRT,VIIRS_SNPP_C2,https://firms.modaps.eosdis.nasa.gov/data/active_fire/suomi-npp-viirs-c2/csv/SUOMI_VIIRS_C2_Global_24h.csv,2026-09-22 13:46:18.797039+00:00
9c79d7f504018d2e,30.96969,5.75231,2026-09-22 01:49:00+00:00,2026-09-22,0149,N,,0.6,nominal,301.51,287.74,0.45,0.39,0.31,N,2.0NRT,VIIRS_SNPP_C2,https://firms.modaps.eosdis.nasa.gov/data/active_fire/suomi-npp-viirs-c2/csv/SUOMI_VIIRS_C2_Global_24h.csv,2026-09-22 13:46:18.797039+00:00
fe461c144aa4c6a2,30.89758,5.58374,2026-09-22 01:49:00+00:00,2026-09-22,0149,N,,0.6,nominal,329.99,288.17,0.45,0.39,3.8,N,2.0NRT,VIIRS_SNPP_C2,https://firms.modaps.eosdis.nasa.gov/data/active_fire/suomi-npp-viirs-c2/csv/SUOMI_VIIRS_C2_Global_24h.csv,2026-09-22 13:46:18.797039+00:00
22d146da1da94845,30.89797,5.58649,2026-09-22 01:49:00+00:00,2026-09-22,0149,N,,0.6,nominal,328.72,288.07,0.45,0.39,2.5,N,2.0NRT,VIIRS_SNPP_C2,https://firms.modaps.eosdis.nasa.gov/data/active_fire/suomi-npp-viirs-c2/csv/SUOMI_VIIRS_C2_Global_24h.csv,2026-09-22 13:46:18.797039+00:00
c62cac11b94e76f9,30.87642,5.64404,2026-09-22 01:49:00+00:00,2026-09-22,0149,N,,0.6,nominal,312.93,288.55,0.45,0.39,1.42,N,2.0NRT,VIIRS_SNPP_C2,https://firms.modaps.eosdis.nasa.gov/data/active_fire/suomi-npp-viirs-c2/csv/SUOMI_VIIRS_C2_Global_24h.csv,2026-09-22 13:46:18.797039+00:00
6e4545d06dc2cfdd,30.37703,7.00846,2026-09-22 01:49:00+00:00,2026-09-22,0149,N,,0.6,nominal,311.27,287.67,0.52,0.42,1.77,N,2.0NRT,VIIRS_SNPP_C2,https://firms.modaps.eosdis.nasa.gov/data/active_fire/suomi-npp-viirs-c2/csv/SUOMI_VIIRS_C2_Global_24h.csv,2026-09-22 13:46:18.797039+00:00
2a8c2b99348405d6,30.37599,7.01383,2026-09-22 01:49:00+00:00,2026-09-22,0149,N,,0.6,nominal,313.15,287.84,0.52,0.42,1.77,N,2.0NRT,VIIRS_SNPP_C2,https://firms.modaps.eosdis.nasa.gov/data/active_fire/suomi-npp-viirs-c2/csv/SUOMI_VIIRS_C2_Global_24h.csv,2026-09-22 13:46:18.797039+00:00
80fc1e833e52c90c,32.33817,-7.24313,2026-09-22 01:49:00+00:00,2026-09-22,0149,N,,0.6,nominal,302.46,291.74,0.33,0.55,0.44,N,2.0NRT,VIIRS_SNPP_C2,https://firms.modaps.eosdis.nasa.gov/data/active_fire/suomi-npp-viirs-c2/csv/SUOMI_VIIRS_C2_Global_24h.csv,2026-09-22 13:46:18.797039+00:00
ed9ddabf2bdf4ab6,30.40032,6.54743,2026-09-22 01:49:00+00:00,2026-09-22,0149,N,,0.6,nominal,298.23,287.8,0.5,0.41,0.52,N,2.0NRT,VIIRS_SNPP_C2,https://firms.modaps.eosdis.nasa.gov/data/active_fire/suomi-npp-viirs-c2/csv/SUOMI_VIIRS_C2_Global_24h.csv,2026-09-22 13:46:18.797039+00:00
926b6f963fe1452e,29.10924,9.66853,2026-09-22 01:49:00+00:00,2026-09-22,0149,N,,0.6,nominal,298.11,286.07,0.51,0.49,0.56,N,2.0NRT,VIIRS_SNPP_C2,https://firms.modaps.eosdis.nasa.gov/data/active_fire/suomi-npp-viirs-c2/csv/SUOMI_VIIRS_C2_Global_24h.csv,2026-09-22 13:46:18.797039+00:00
a655f3f0e565fe66,29.69687,6.70409,2026-09-22 01:49:00+00:00,2026-09-22,0149,N,,0.6,nominal,304.2,283.19,0.52,0.41,0.54,N,2.0NRT,VIIRS_SNPP_C2,https://firms.modaps.eosdis.nasa.gov/data/active_fire/suomi-npp-viirs-c2/csv/SUOMI_VIIRS_C2_Global_24h.csv,2026-09-22 13:46:18.797039+00:00
8814960fe9f8e520,29.69311,6.70312,2026-09-22 01:49:00+00:00,2026-09-22,0149,N,,0.6,nominal,308.64,272.84,0.52,0.41,0.54,N,2.0NRT,VIIRS_SNPP_C2,https://firms.modaps.eosdis.nasa.gov/data/active_fire/suomi-npp-viirs-c2/csv/SUOMI_VIIRS_C2_Global_24h.csv,2026-09-22 13:46:18.797039+00:00
9ddb98e244551850,29.6975,6.70863,2026-09-22 01:49:00+00:00,2026-09-22,0149,N,,0.6,nominal,299.68,284.6,0.52,0.41,1.04,N,2.0NRT,VIIRS_SNPP_C2,https://firms.modaps.eosdis.nasa.gov/data/active_fire/suomi-npp-viirs-c2/csv/SUOMI_VIIRS_C2_Global_24h.csv,2026-09-22 13:46:18.797039+00:00
dc2c870057a08c11,29.68724,6.70043,2026-09-22 01:49:00+00:00,2026-09-22,0149,N,,0.6,nominal,304.61,288.65,0.52,0.41,1.48,N,2.0NRT,VIIRS_SNPP_C2,https://firms.modaps.eosdis.nasa.gov/data/active_fire/suomi-npp-viirs-c2/csv/SUOMI_VIIRS_C2_Global_24h.csv,2026-09-22 13:46:18.797039+00:00
89f5bb991111757a,28.97518,10.04153,2026-09-22 01:49:00+00:00,2026-09-22,0149,N,,0.6,nominal,295.81,284.78,0.54,0.51,0.47,N,2.0NRT,VIIRS_SNPP_C2,https://firms.modaps.eosdis.nasa.gov/data/active_fire/suomi-npp-viirs-c2/csv/SUOMI_VIIRS_C2_Global_24h.csv,2026-09-22 13:46:18.797039+00:00
6ecb1294637b30db,28.92075,9.74463,2026-09-22 01:49:00+00:00,2026-09-22,0149,N,,0.6,nominal,305.08,287.95,0.52,0.5,1.44,N,2.0NRT,VIIRS_SNPP_C2,https://firms.modaps.eosdis.nasa.gov/data/active_fire/suomi-npp-viirs-c2/csv/SUOMI_VIIRS_C2_Global_24h.csv,2026-09-22 13:46:18.797039+00:00
14d1d07d9db0ac35,28.91508,9.7486,2026-09-22 01:49:00+00:00,2026-09-22,0149,N,,0.6,nominal,303.38,287.83,0.52,0.5,0.96,N,2.0NRT,VIIRS_SNPP_C2,https://firms.modaps.eosdis.nasa.gov/data/active_fire/suomi-npp-viirs-c2/csv/SUOMI_VIIRS_C2_Global_24h.csv,2026-09-22 13:46:18.797039+00:00
4c89874d82c72b23,28.82164,9.90887,2026-09-22 01:49:00+00:00,2026-09-22,0149,N,,0.6,nominal,316.62,288.34,0.53,0.5,1.77,N,2.0NRT,VIIRS_SNPP_C2,https://firms.modaps.eosdis.nasa.gov/data/active_fire/suomi-npp-viirs-c2/csv/SUOMI_VIIRS_C2_Global_24h.csv,2026-09-22 13:46:18.797039+00:00
b8f59e1d66dacc54,28.81938,9.90703,2026-09-22 01:49:00+00:00,2026-09-22,0149,N,,0.6,nominal,302.43,287.47,0.54,0.5,2.08,N,2.0NRT,VIIRS_SNPP_C2,https://firms.modaps.eosdis.nasa.gov/data/active_fire/suomi-npp-viirs-c2/csv/SUOMI_VIIRS_C2_Global_24h.csv,2026-09-22 13:46:18.797039+00:00
faf0d8b0fc8a2649,28.73826,9.79231,2026-09-22 01:49:00+00:00,2026-09-22,0149,N,,0.6,nominal,310.72,286.58,0.53,0.5,1.11,N,2.0NRT,VIIRS_SNPP_C2,https://firms.modaps.eosdis.nasa.gov/data/active_fire/suomi-npp-viirs-c2/csv/SUOMI_VIIRS_C2_Global_24h.csv,2026-09-22 13:46:18.797039+00:00
e6ef260c4640c51c,28.73371,9.79107,2026-09-22 01:49:00+00:00,2026-09-22,0149,N,,0.6,nominal,310.97,285.37,0.53,0.5,0.93,N,2.0NRT,VIIRS_SNPP_C2,https://firms.modaps.eosdis.nasa.gov/data/active_fire/suomi-npp-viirs-c2/csv/SUOMI_VIIRS_C2_Global_24h.csv,2026-09-22 13:46:18.797039+00:00
0d3e8e8c388580a0,28.73506,9.78874,2026-09-22 01:49:00+00:00,2026-09-22,0149,N,,0.6,nominal,327.1,286.51,0.53,0.5,3.17,N,2.0NRT,VIIRS_SNPP_C2,https://firms.modaps.eosdis.nasa.gov/data/active_fire/suomi-npp-viirs-c2/csv/SUOMI_VIIRS_C2_Global_24h.csv,2026-09-22 13:46:18.797039+00:00
8092651366bd97f5,28.63953,9.78413,2026-09-22 01:49:00+00:00,2026-09-22,0149,N,,0.6,nominal,301.46,289.07,0.53,0.5,0.84,N,2.0NRT,VIIRS_SNPP_C2,https://firms.modaps.eosdis.nasa.gov/data/active_fire/suomi-npp-viirs-c2/csv/SUOMI_VIIRS_C2_Global_24h.csv,2026-09-22 13:46:18.797039+00:00
ebaf8a4b40dd8a03,28.63379,9.78819,2026-09-22 01:49:00+00:00,2026-09-22,0149,N,,0.6,nominal,337.95,289.14,0.53,0.5,4.7,N,2.0NRT,VIIRS_SNPP_C2,https://firms.modaps.eosdis.nasa.gov/data/active_fire/suomi-npp-viirs-c2/csv/SUOMI_VIIRS_C2_Global_24h.csv,2026-09-22 13:46:18.797039+00:00
15d9f4e47c1f6515,28.63499,9.78283,2026-09-22 01:49:00+00:00,2026-09-22,0149,N,,0.6,nominal,318.56,289.14,0.53,0.5,5.64,N,2.0NRT,VIIRS_SNPP_C2,https://firms.modaps.eosdis.nasa.gov/data/active_fire/suomi-npp-viirs-c2/csv/SUOMI_VIIRS_C2_Global_24h.csv,2026-09-22 13:46:18.797039+00:00
5f943cd4e231a0d7,28.63107,9.78641,2026-09-22 01:49:00+00:00,2026-09-22,0149,N,,0.6,nominal,337.82,288.84,0.53,0.5,5.67,N,2.0NRT,VIIRS_SNPP_C2,https://firms.modaps.eosdis.nasa.gov/data/active_fire/suomi-npp-viirs-c2/csv/SUOMI_VIIRS_C2_Global_24h.csv,2026-09-22 13:46:18.797039+00:00
b0f41411f0a743b1,28.73423,9.15239,2026-09-22 01:49:00+00:00,2026-09-22,0149,N,,0.6,nominal,299.77,287.92,0.49,0.48,0.59,N,2.0NRT,VIIRS_SNPP_C2,https://firms.modaps.eosdis.nasa.gov/data/active_fire/suomi-npp-viirs-c2/csv/SUOMI_VIIRS_C2_Global_24h.csv,2026-09-22 13:46:18.797039+00:00
6e7c8954aa205913,28.71374,8.94734,2026-09-22 01:49:00+00:00,2026-09-22,0149,N,,0.6,nominal,301.86,290.3,0.47,0.48,1.2,N,2.0NRT,VIIRS_SNPP_C2,https://firms.modaps.eosdis.nasa.gov/data/active_fire/suomi-npp-viirs-c2/csv/SUOMI_VIIRS_C2_Global_24h.csv,2026-09-22 13:46:18.797039+00:00
fd193fdde09caa53,28.52609,9.12178,2026-09-22 01:49:00+00:00,2026-09-22,0149,N,,0.6,nominal,333.01,288.52,0.49,0.48,4.88,N,2.0NRT,VIIRS_SNPP_C2,https://firms.modaps.eosdis.nasa.gov/data/active_fire/suomi-npp-viirs-c2/csv/SUOMI_VIIRS_C2_Global_24h.csv,2026-09-22 13:46:18.797039+00:00
55dc690fd42fcde8,28.4481,9.13805,2026-09-22 01:49:00+00:00,2026-09-22,0149,N,,0.6,nominal,322.34,285.07,0.49,0.49,2.49,N,2.0NRT,VIIRS_SNPP_C2,https://firms.modaps.eosdis.nasa.gov/data/active_fire/suomi-npp-viirs-c2/csv/SUOMI_VIIRS_C2_Global_24h.csv,2026-09-22 13:46:18.797039+00:00
de87f5c185483354,28.44917,9.13314,2026-09-22 01:49:00+00:00,2026-09-22,0149,N,,0.6,nominal,303.17,285.33,0.49,0.49,2.39,N,2.0NRT,VIIRS_SNPP_C2,https://firms.modaps.eosdis.nasa.gov/data/active_fire/suomi-npp-viirs-c2/csv/SUOMI_VIIRS_C2_Global_24h.csv,2026-09-22 13:46:18.797039+00:00
465f34d9e3937083,28.66018,7.91032,2026-09-22 01:49:00+00:00,2026-09-22,0149,N,,0.6,nominal,301.34,289.08,0.41,0.45,0.56,N,2.0NRT,VIIRS_SNPP_C2,https://firms.modaps.eosdis.nasa.gov/data/active_fire/suomi-npp-viirs-c2/csv/SUOMI_VIIRS_C2_Global_24h.csv,2026-09-22 13:46:18.797039+00:00
7f7d941213b5017b,28.19128,9.80183,2026-09-22 01:49:00+00:00,2026-09-22,0149,N,,0.6,nominal,304.62,289.22,0.54,0.51,1.55,N,2.0NRT,VIIRS_SNPP_C2,https://firms.modaps.eosdis.nasa.gov/data/active_fire/suomi-npp-viirs-c2/csv/SUOMI_VIIRS_C2_Global_24h.csv,2026-09-22 13:46:18.797039+00:00
5f491ebdac82d561,28.19005,9.8073,2026-09-22 01:49:00+00:00,2026-09-22,0149,N,,0.6,nominal,301.1,289.27,0.54,0.51,1.25,N,2.0NRT,VIIRS_SNPP_C2,https://firms.modaps.eosdis.nasa.gov/data/active_fire/suomi-npp-viirs-c2/csv/SUOMI_VIIRS_C2_Global_24h.csv,2026-09-22 13:46:18.797039+00:00
54b37de79df9595f,28.18846,9.80586,2026-09-22 01:49:00+00:00,2026-09-22,0149,N,,0.6,nominal,316.28,289.15,0.54,0.51,2.44,N,2.0NRT,VIIRS_SNPP_C2,https://firms.modaps.eosdis.nasa.gov/data/active_fire/suomi-npp-viirs-c2/csv/SUOMI_VIIRS_C2_Global_24h.csv,2026-09-22 13:46:18.797039+00:00
694f23d67ba5c955,28.63564,7.53459,2026-09-22 01:49:00+00:00,2026-09-22,0149,N,,0.6,nominal,299.58,284.73,0.4,0.44,0.36,N,2.0NRT,VIIRS_SNPP_C2,https://firms.modaps.eosdis.nasa.gov/data/active_fire/suomi-npp-viirs-c2/csv/SUOMI_VIIRS_C2_Global_24h.csv,2026-09-22 13:46:18.797039+00:00
fe5b34f16b538b0f,28.68306,7.19365,2026-09-22 01:49:00+00:00,2026-09-22,0149,N,,0.6,nominal,315.55,288.6,0.57,0.43,1.87,N,2.0NRT,VIIRS_SNPP_C2,https://firms.modaps.eosdis.nasa.gov/data/active_fire/suomi-npp-viirs-c2/csv/SUOMI_VIIRS_C2_Global_24h.csv,2026-09-22 13:46:18.797039+00:00
e76d810ecb45dc69,28.61249,7.50321,2026-09-22 01:49:00+00:00,2026-09-22,0149,N,,0.6,nominal,303.49,287.81,0.39,0.44,1.34,N,2.0NRT,VIIRS_SNPP_C2,https://firms.modaps.eosdis.nasa.gov/data/active_fire/suomi-npp-viirs-c2/csv/SUOMI_VIIRS_C2_Global_24h.csv,2026-09-22 13:46:18.797039+00:00
1857c48d6fb24a95,28.57743,7.65492,2026-09-22 01:49:00+00:00,2026-09-22,0149,N,,0.6,nominal,325.83,290.11,0.4,0.44,2.33,N,2.0NRT,VIIRS_SNPP_C2,https://firms.modaps.eosdis.nasa.gov/data/active_fire/suomi-npp-viirs-c2/csv/SUOMI_VIIRS_C2_Global_24h.csv,2026-09-22 13:46:18.797039+00:00
7a5963cd4f0619b0,28.08021,9.78706,2026-09-22 01:49:00+00:00,2026-09-22,0149,N,,0.6,nominal,334.39,284.59,0.54,0.51,3.85,N,2.0NRT,VIIRS_SNPP_C2,https://firms.modaps.eosdis.nasa.gov/data/active_fire/suomi-npp-viirs-c2/csv/SUOMI_VIIRS_C2_Global_24h.csv,2026-09-22 13:46:18.797039+00:00
b6f0d667bac167d3,28.55881,7.51847,2026-09-22 01:49:00+00:00,2026-09-22,0149,N,,0.6,nominal,320.31,290.3,0.4,0.44,1.42,N,2.0NRT,VIIRS_SNPP_C2,https://firms.modaps.eosdis.nasa.gov/data/active_fire/suomi-npp-viirs-c2/csv/SUOMI_VIIRS_C2_Global_24h.csv,2026-09-22 13:46:18.797039+00:00
e43d776432de7428,28.60398,7.25721,2026-09-22 01:49:00+00:00,2026-09-22,0149,N,,0.6,nominal,302.61,289.73,0.38,0.43,0.55,N,2.0NRT,VIIRS_SNPP_C2,https://firms.modaps.eosdis.nasa.gov/data/active_fire/suomi-npp-viirs-c2/csv/SUOMI_VIIRS_C2_Global_24h.csv,2026-09-22 13:46:18.797039+00:00
2ff234e37f117c8b,28.0827,9.78661,2026-09-22 01:49:00+00:00,2026-09-22,0149,N,,0.6,nominal,297.24,283.61,0.55,0.51,2.25,N,2.0NRT,VIIRS_SNPP_C2,https://firms.modaps.eosdis.nasa.gov/data/active_fire/suomi-npp-viirs-c2/csv/SUOMI_VIIRS_C2_Global_24h.csv,2026-09-22 13:46:18.797039+00:00
d4dd9614ff0c9dc3,28.60199,7.25778,2026-09-22 01:49:00+00:00,2026-09-22,0149,N,,0.6,nominal,324.5,290.67,0.38,0.43,1.24,N,2.0NRT,VIIRS_SNPP_C2,https://firms.modaps.eosdis.nasa.gov/data/active_fire/suomi-npp-viirs-c2/csv/SUOMI_VIIRS_C2_Global_24h.csv,2026-09-22 13:46:18.797039+00:00
c7ac1357ffb466bf,28.0781,9.7853,2026-09-22 01:49:00+00:00,2026-09-22,0149,N,,0.6,nominal,332.38,285.5,0.55,0.51,2.25,N,2.0NRT,VIIRS_SNPP_C2,https://firms.modaps.eosdis.nasa.gov/data/active_fire/suomi-npp-viirs-c2/csv/SUOMI_VIIRS_C2_Global_24h.csv,2026-09-22 13:46:18.797039+00:00
2f5a55dd4d00a56a,28.07691,9.7908,2026-09-22 01:49:00+00:00,2026-09-22,0149,N,,0.6,nominal,304.57,285.5,0.55,0.51,2.25,N,2.0NRT,VIIRS_SNPP_C2,https://firms.modaps.eosdis.nasa.gov/data/active_fire/suomi-npp-viirs-c2/csv/SUOMI_VIIRS_C2_Global_24h.csv,2026-09-22 13:46:18.797039+00:00
4908b41a3695a0c6,28.47585,7.51064,2026-09-22 01:49:00+00:00,2026-09-22,0149,N,,0.6,nominal,309.04,289.39,0.4,0.44,0.98,N,2.0NRT,VIIRS_SNPP_C2,https://firms.modaps.eosdis.nasa.gov/data/active_fire/suomi-npp-viirs-c2/csv/SUOMI_VIIRS_C2_Global_24h.csv,2026-09-22 13:46:18.797039+00:00
af03c44adc7b1443,28.46782,7.50859,2026-09-22 01:49:00+00:00,2026-09-22,0149,N,,0.6,nominal,300.24,287.71,0.4,0.44,0.89,N,2.0NRT,VIIRS_SNPP_C2,https://firms.modaps.eosdis.nasa.gov/data/active_fire/suomi-npp-viirs-c2/csv/SUOMI_VIIRS_C2_Global_24h.csv,2026-09-22 13:46:18.797039+00:00
91d99f1ba876c589,28.45735,7.51845,2026-09-22 01:49:00+00:00,2026-09-22,0149,N,,0.6,nominal,315.54,289.38,0.4,0.44,1.69,N,2.0NRT,VIIRS_SNPP_C2,https://firms.modaps.eosdis.nasa.gov/data/active_fire/suomi-npp-viirs-c2/csv/SUOMI_VIIRS_C2_Global_24h.csv,2026-09-22 13:46:18.797039+00:00
6ea6018406a2ea7e,27.92672,9.25064,2026-09-22 01:49:00+00:00,2026-09-22,0149,N,,0.6,nominal,313.01,289.03,0.51,0.49,1.6,N,2.0NRT,VIIRS_SNPP_C2,https://firms.modaps.eosdis.nasa.gov/data/active_fire/suomi-npp-viirs-c2/csv/SUOMI_VIIRS_C2_Global_24h.csv,2026-09-22 13:46:18.797039+00:00
a8c22d374b21ba4d,27.72502,9.87873,2026-09-22 01:49:00+00:00,2026-09-22,0149,N,,0.6,nominal,314.71,266.54,0.56,0.52,2.61,N,2.0NRT,VIIRS_SNPP_C2,https://firms.modaps.eosdis.nasa.gov/data/active_fire/suomi-npp-viirs-c2/csv/SUOMI_VIIRS_C2_Global_24h.csv,2026-09-22 13:46:18.797039+00:00
979f805afd8dcb58,27.72514,9.87667,2026-09-22 01:49:00+00:00,2026-09-22,0149,N,,0.6,nominal,313.94,267.08,0.56,0.52,2.37,N,2.0NRT,VIIRS_SNPP_C2,https://firms.modaps.eosdis.nasa.gov/data/active_fire/suomi-npp-viirs-c2/csv/SUOMI_VIIRS_C2_Global_24h.csv,2026-09-22 13:46:18.797039+00:00
d228855cb0660d0f,27.76105,9.18256,2026-09-22 01:49:00+00:00,2026-09-22,0149,N,,0.6,nominal,326.59,286.43,0.51,0.49,7.26,N,2.0NRT,VIIRS_SNPP_C2,https://firms.modaps.eosdis.nasa.gov/data/active_fire/suomi-npp-viirs-c2/csv/SUOMI_VIIRS_C2_Global_24h.csv,2026-09-22 13:46:18.797039+00:00
6b86611d987cf32c,27.7577,9.17624,2026-09-22 01:49:00+00:00,2026-09-22,0149,N,,0.6,nominal,338.51,288.08,0.51,0.49,10.09,N,2.0NRT,VIIRS_SNPP_C2,https://firms.modaps.eosdis.nasa.gov/data/active_fire/suomi-npp-viirs-c2/csv/SUOMI_VIIRS_C2_Global_24h.csv,2026-09-22 13:46:18.797039+00:00
b636edd9fcbf38af,27.75657,9.18134,2026-09-22 01:49:00+00:00,2026-09-22,0149,N,,0.6,nominal,352.95,287.21,0.51,0.49,7.26,N,2.0NRT,VIIRS_SNPP_C2,https://firms.modaps.eosdis.nasa.gov/data/active_fire/suomi-npp-viirs-c2/csv/SUOMI_VIIRS_C2_Global_24h.csv,2026-09-22 13:46:18.797039+00:00
d16771b183e25026,27.75946,9.1859,2026-09-22 01:49:00+00:00,2026-09-22,0149,N,,0.6,nominal,327.66,285.26,0.51,0.49,2.96,N,2.0NRT,VIIRS_SNPP_C2,https://firms.modaps.eosdis.nasa.gov/data/active_fire/suomi-npp-viirs-c2/csv/SUOMI_VIIRS_C2_Global_24h.csv,2026-09-22 13:46:18.797039+00:00
4b5a840f842b9054,27.76056,9.18077,2026-09-22 01:49:00+00:00,2026-09-22,0149,N,,0.6,nominal,309.87,287.31,0.51,0.49,3.46,N,2.0NRT,VIIRS_SNPP_C2,https://firms.modaps.eosdis.nasa.gov/data/active_fire/suomi-npp-viirs-c2/csv/SUOMI_VIIRS_C2_Global_24h.csv,2026-09-22 13:46:18.797039+00:00
80b8a3b5d91369cb,27.75608,9.17954,2026-09-22 01:49:00+00:00,2026-09-22,0149,N,,0.6,nominal,343.2,288.07,0.51,0.49,15.77,N,2.0NRT,VIIRS_SNPP_C2,https://firms.modaps.eosdis.nasa.gov/data/active_fire/suomi-npp-viirs-c2/csv/SUOMI_VIIRS_C2_Global_24h.csv,2026-09-22 13:46:18.797039+00:00
9fd9c7c49bb6a859,27.75499,9.18467,2026-09-22 01:49:00+00:00,2026-09-22,0149,N,,0.6,nominal,302.41,284.53,0.51,0.49,1.0,N,2.0NRT,VIIRS_SNPP_C2,https://firms.modaps.eosdis.nasa.gov/data/active_fire/suomi-npp-viirs-c2/csv/SUOMI_VIIRS_C2_Global_24h.csv,2026-09-22 13:46:18.797039+00:00
d50ac68aa9c2d2c9,27.7371,9.17968,2026-09-22 01:49:00+00:00,2026-09-22,0149,N,,0.6,nominal,316.73,285.97,0.51,0.49,2.15,N,2.0NRT,VIIRS_SNPP_C2,https://firms.modaps.eosdis.nasa.gov/data/active_fire/suomi-npp-viirs-c2/csv/SUOMI_VIIRS_C2_Global_24h.csv,2026-09-22 13:46:18.797039+00:00
57f15ffbb04c7088,27.70474,9.17574,2026-09-22 01:49:00+00:00,2026-09-22,0149,N,,0.6,nominal,308.66,282.34,0.51,0.49,1.57,N,2.0NRT,VIIRS_SNPP_C2,https://firms.modaps.eosdis.nasa.gov/data/active_fire/suomi-npp-viirs-c2/csv/SUOMI_VIIRS_C2_Global_24h.csv,2026-09-22 13:46:18.797039+00:00
2a6bd3e1a729c66b,27.70027,9.17451,2026-09-22 01:49:00+00:00,2026-09-22,0149,N,,0.6,nominal,300.35,281.0,0.51,0.49,1.09,N,2.0NRT,VIIRS_SNPP_C2,https://firms.modaps.eosdis.nasa.gov/data/active_fire/suomi-npp-viirs-c2/csv/SUOMI_VIIRS_C2_Global_24h.csv,2026-09-22 13:46:18.797039+00:00
63deca52888c1c29,27.40957,8.83706,2026-09-22 01:49:00+00:00,2026-09-22,0149,N,,0.6,nominal,297.7,272.31,0.5,0.49,0.51,N,2.0NRT,VIIRS_SNPP_C2,https://firms.modaps.eosdis.nasa.gov/data/active_fire/suomi-npp-viirs-c2/csv/SUOMI_VIIRS_C2_Global_24h.csv,2026-09-22 13:46:18.797039+00:00
3ac90cfaa27506fa,28.20108,-0.51856,2026-09-22 01:49:00+00:00,2026-09-22,0149,N,,0.6,nominal,329.43,294.97,0.41,0.37,2.4,N,2.0NRT,VIIRS_SNPP_C2,https://firms.modaps.eosdis.nasa.gov/data/active_fire/suomi-npp-viirs-c2/csv/SUOMI_VIIRS_C2_Global_24h.csv,2026-09-22 13:46:18.797039+00:00
9069e4c60abdc014,36.88208,6.96075,2026-09-22 01:47:00+00:00,2026-09-22,0147,N,,0.6,nominal,305.37,291.3,0.42,0.38,1.02,N,2.0NRT,VIIRS_SNPP_C2,https://firms.modaps.eosdis.nasa.gov/data/active_fire/suomi-npp-viirs-c2/csv/SUOMI_VIIRS_C2_Global_24h.csv,2026-09-22 13:46:18.797039+00:00
2fae546d2f952f98,36.87783,6.94469,2026-09-22 01:47:00+00:00,2026-09-22,0147,N,,0.6,nominal,324.19,291.41,0.42,0.38,2.29,N,2.0NRT,VIIRS_SNPP_C2,https://firms.modaps.eosdis.nasa.gov/data/active_fire/suomi-npp-viirs-c2/csv/SUOMI_VIIRS_C2_Global_24h.csv,2026-09-22 13:46:18.797039+00:00
da71bfb37bcfe592,36.8787,6.93999,2026-09-22 01:47:00+00:00,2026-09-22,0147,N,,0.6,nominal,303.35,292.09,0.42,0.38,0.99,N,2.0NRT,VIIRS_SNPP_C2,https://firms.modaps.eosdis.nasa.gov/data/active_fire/suomi-npp-viirs-c2/csv/SUOMI_VIIRS_C2_Global_24h.csv,2026-09-22 13:46:18.797039+00:00
d31837b458deeb55,36.87089,6.98218,2026-09-22 01:47:00+00:00,2026-09-22,0147,N,,0.6,nominal,312.42,291.82,0.43,0.38,1.05,N,2.0NRT,VIIRS_SNPP_C2,https://firms.modaps.eosdis.nasa.gov/data/active_fire/suomi-npp-viirs-c2/csv/SUOMI_VIIRS_C2_Global_24h.csv,2026-09-22 13:46:18.797039+00:00
a9fccc5b4de4d169,36.87635,6.94733,2026-09-22 01:47:00+00:00,2026-09-22,0147,N,,0.6,nominal,322.75,291.16,0.42,0.38,1.93,N,2.0NRT,VIIRS_SNPP_C2,https://firms.modaps.eosdis.nasa.gov/data/active_fire/suomi-npp-viirs-c2/csv/SUOMI_VIIRS_C2_Global_24h.csv,2026-09-22 13:46:18.797039+00:00
7deed91e4535571e,36.8772,6.94262,2026-09-22 01:47:00+00:00,2026-09-22,0147,N,,0.6,nominal,306.28,291.52,0.42,0.38,1.59,N,2.0NRT,VIIRS_SNPP_C2,https://firms.modaps.eosdis.nasa.gov/data/active_fire/suomi-npp-viirs-c2/csv/SUOMI_VIIRS_C2_Global_24h.csv,2026-09-22 13:46:18.797039+00:00
708852623b5ed66d,36.86952,6.98486,2026-09-22 01:47:00+00:00,2026-09-22,0147,N,,0.6,nominal,318.58,292.12,0.43,0.38,0.94,N,2.0NRT,VIIRS_SNPP_C2,https://firms.modaps.eosdis.nasa.gov/data/active_fire/suomi-npp-viirs-c2/csv/SUOMI_VIIRS_C2_Global_24h.csv,2026-09-22 13:46:18.797039+00:00
939e4943ffaf47aa,36.1584,10.28483,2026-09-22 01:47:00+00:00,2026-09-22,0147,N,,0.6,nominal,302.71,290.6,0.4,0.44,0.6,N,2.0NRT,VIIRS_SNPP_C2,https://firms.modaps.eosdis.nasa.gov/data/active_fire/suomi-npp-viirs-c2/csv/SUOMI_VIIRS_C2_Global_24h.csv,2026-09-22 13:46:18.797039+00:00
d64a97cf5ac5697a,36.74572,6.25688,2026-09-22 01:47:00+00:00,2026-09-22,0147,N,,0.6,nominal,331.34,292.89,0.41,0.37,7.17,N,2.0NRT,VIIRS_SNPP_C2,https://firms.modaps.eosdis.nasa.gov/data/active_fire/suomi-npp-viirs-c2/csv/SUOMI_VIIRS_C2_Global_24h.csv,2026-09-22 13:46:18.797039+00:00
e96058eb1540da13,36.74315,6.25143,2026-09-22 01:47:00+00:00,2026-09-22,0147,N,,0.6,nominal,302.11,291.74,0.41,0.37,1.11,N,2.0NRT,VIIRS_SNPP_C2,https://firms.modaps.eosdis.nasa.gov/data/active_fire/suomi-npp-viirs-c2/csv/SUOMI_VIIRS_C2_Global_24h.csv,2026-09-22 13:46:18.797039+00:00
c2525e8531450361,36.74854,3.08163,2026-09-22 01:47:00+00:00,2026-09-22,0147,N,,0.6,nominal,325.36,292.53,0.39,0.36,1.92,N,2.0NRT,VIIRS_SNPP_C2,https://firms.modaps.eosdis.nasa.gov/data/active_fire/suomi-npp-viirs-c2/csv/SUOMI_VIIRS_C2_Global_24h.csv,2026-09-22 13:46:18.797039+00:00
8a6482ffc7fe003c,36.33489,5.48085,2026-09-22 01:47:00+00:00,2026-09-22,0147,N,,0.6,nominal,313.04,288.02,0.4,0.37,1.06,N,2.0NRT,VIIRS_SNPP_C2,https://firms.modaps.eosdis.nasa.gov/data/active_fire/suomi-npp-viirs-c2/csv/SUOMI_VIIRS_C2_Global_24h.csv,2026-09-22 13:46:18.797039+00:00
3540fd61071d5db9,36.68041,3.12404,2026-09-22 01:47:00+00:00,2026-09-22,0147,N,,0.6,nominal,304.53,292.92,0.39,0.36,0.55,N,2.0NRT,VIIRS_SNPP_C2,https://firms.modaps.eosdis.nasa.gov/data/active_fire/suomi-npp-viirs-c2/csv/SUOMI_VIIRS_C2_Global_24h.csv,2026-09-22 13:46:18.797039+00:00
1ca699228a707b4c,36.67596,2.99335,2026-09-22 01:47:00+00:00,2026-09-22,0147,N,,0.6,nominal,302.77,289.48,0.39,0.36,0.31,N,2.0NRT,VIIRS_SNPP_C2,https://firms.modaps.eosdis.nasa.gov/data/active_fire/suomi-npp-viirs-c2/csv/SUOMI_VIIRS_C2_Global_24h.csv,2026-09-22 13:46:18.797039+00:00
29d76954f4cfa0bc,36.17927,5.57019,2026-09-22 01:47:00+00:00,2026-09-22,0147,N,,0.6,nominal,303.95,285.0,0.4,0.37,0.86,N,2.0NRT,VIIRS_SNPP_C2,https://firms.modaps.eosdis.nasa.gov/data/active_fire/suomi-npp-viirs-c2/csv/SUOMI_VIIRS_C2_Global_24h.csv,2026-09-22 13:46:18.797039+00:00
c3a1b41d68c92f7d,36.59748,2.93242,2026-09-22 01:47:00+00:00,2026-09-22,0147,N,,0.6,nominal,306.6,289.26,0.39,0.36,0.65,N,2.0NRT,VIIRS_SNPP_C2,https://firms.modaps.eosdis.nasa.gov/data/active_fire/suomi-npp-viirs-c2/csv/SUOMI_VIIRS_C2_Global_24h.csv,2026-09-22 13:46:18.797039+00:00
c68db0c0da3b1cde,36.59858,2.87878,2026-09-22 01:47:00+00:00,2026-09-22,0147,N,,0.6,nominal,306.19,290.71,0.39,0.36,0.96,N,2.0NRT,VIIRS_SNPP_C2,https://firms.modaps.eosdis.nasa.gov/data/active_fire/suomi-npp-viirs-c2/csv/SUOMI_VIIRS_C2_Global_24h.csv,2026-09-22 13:46:18.797039+00:00
647977539e2f184d,36.47373,2.74682,2026-09-22 01:47:00+00:00,2026-09-22,0147,N,,0.6,nominal,302.26,288.15,0.39,0.36,0.7,N,2.0NRT,VIIRS_SNPP_C2,https://firms.modaps.eosdis.nasa.gov/data/active_fire/suomi-npp-viirs-c2/csv/SUOMI_VIIRS_C2_Global_24h.csv,2026-09-22 13:46:18.797039+00:00
afb7628ed8d25310,36.96716,-1.90419,2026-09-22 01:47:00+00:00,2026-09-22,0147,N,,0.6,nominal,306.61,292.32,0.57,0.43,2.36,N,2.0NRT,VIIRS_SNPP_C2,https://firms.modaps.eosdis.nasa.gov/data/active_fire/suomi-npp-viirs-c2/csv/SUOMI_VIIRS_C2_Global_24h.csv,2026-09-22 13:46:18.797039+00:00
ae46566ca90bb6d8,36.96612,-1.9055,2026-09-22 01:47:00+00:00,2026-09-22,0147,N,,0.6,nominal,308.14,292.19,0.57,0.43,1.65,N,2.0NRT,VIIRS_SNPP_C2,https://firms.modaps.eosdis.nasa.gov/data/active_fire/suomi-npp-viirs-c2/csv/SUOMI_VIIRS_C2_Global_24h.csv,2026-09-22 13:46:18.797039+00:00
6e7cd41b87a8152a,36.14032,2.93008,2026-09-22 01:47:00+00:00,2026-09-22,0147,N,,0.6,nominal,304.46,286.17,0.39,0.36,0.76,N,2.0NRT,VIIRS_SNPP_C2,https://firms.modaps.eosdis.nasa.gov/data/active_fire/suomi-npp-viirs-c2/csv/SUOMI_VIIRS_C2_Global_24h.csv,2026-09-22 13:46:18.797039+00:00
f114aa137bc9e09c,35.87828,4.44891,2026-09-22 01:47:00+00:00,2026-09-22,0147,N,,0.6,nominal,316.69,290.78,0.39,0.36,1.15,N,2.0NRT,VIIRS_SNPP_C2,https://firms.modaps.eosdis.nasa.gov/data/active_fire/suomi-npp-viirs-c2/csv/SUOMI_VIIRS_C2_Global_24h.csv,2026-09-22 13:46:18.797039+00:00
8096523587474c3d,35.01844,8.52574,2026-09-22 01:47:00+00:00,2026-09-22,0147,N,,0.6,nominal,298.31,286.33,0.52,0.41,0.61,N,2.0NRT,VIIRS_SNPP_C2,https://firms.modaps.eosdis.nasa.gov/data/active_fire/suomi-npp-viirs-c2/csv/SUOMI_VIIRS_C2_Global_24h.csv,2026-09-22 13:46:18.797039+00:00
cbc7d57a44d592bc,35.71033,4.47556,2026-09-22 01:47:00+00:00,2026-09-22,0147,N,,0.6,nominal,313.55,291.17,0.39,0.36,1.19,N,2.0NRT,VIIRS_SNPP_C2,https://firms.modaps.eosdis.nasa.gov/data/active_fire/suomi-npp-viirs-c2/csv/SUOMI_VIIRS_C2_Global_24h.csv,2026-09-22 13:46:18.797039+00:00
551cb79e0287c45b,35.34901,5.76366,2026-09-22 01:47:00+00:00,2026-09-22,0147,N,,0.6,nominal,321.33,289.58,0.41,0.37,2.04,N,2.0NRT,VIIRS_SNPP_C2,https://firms.modaps.eosdis.nasa.gov/data/active_fire/suomi-npp-viirs-c2/csv/SUOMI_VIIRS_C2_Global_24h.csv,2026-09-22 13:46:18.797039+00:00
f668f174aea6cbac,34.58705,-6.02696,2026-09-22 03:28:00+00:00,2026-09-22,0328,N,,0.6,nominal,303.23,290.75,0.65,0.73,1.04,N,2.0NRT,VIIRS_SNPP_C2,https://firms.modaps.eosdis.nasa.gov/data/active_fire/suomi-npp-viirs-c2/csv/SUOMI_VIIRS_C2_Global_24h.csv,2026-09-22 13:46:18.797039+00:00
2a6b255029c312f0,36.77707,10.1982,2026-09-21 00:43:00+00:00,2026-09-21,0043,N20,,0.6,nominal,305.85,288.56,0.48,0.48,0.8,N,2.0NRT,VIIRS_NOAA20_C2,https://firms.modaps.eosdis.nasa.gov/data/active_fire/noaa-20-viirs-c2/csv/J1_VIIRS_C2_Global_24h.csv,2026-09-22 13:46:18.797039+00:00
5af6655e95861811,36.87867,6.94087,2026-09-21 00:45:00+00:00,2026-09-21,0045,N20,,0.6,nominal,313.4,289.26,0.36,0.58,1.49,N,2.0NRT,VIIRS_NOAA20_C2,https://firms.modaps.eosdis.nasa.gov/data/active_fire/noaa-20-viirs-c2/csv/J1_VIIRS_C2_Global_24h.csv,2026-09-22 13:46:18.797039+00:00
9f39b9afa28b8a4f,36.87107,6.97777,2026-09-21 00:45:00+00:00,2026-09-21,0045,N20,,0.6,nominal,345.07,291.32,0.36,0.58,4.2,N,2.0NRT,VIIRS_NOAA20_C2,https://firms.modaps.eosdis.nasa.gov/data/active_fire/noaa-20-viirs-c2/csv/J1_VIIRS_C2_Global_24h.csv,2026-09-22 13:46:18.797039+00:00
29c07d05f378cfab,36.79189,7.69295,2026-09-21 00:45:00+00:00,2026-09-21,0045,N20,,0.6,nominal,297.3,287.18,0.33,0.55,0.59,N,2.0NRT,VIIRS_NOAA20_C2,https://firms.modaps.eosdis.nasa.gov/data/active_fire/noaa-20-viirs-c2/csv/J1_VIIRS_C2_Global_24h.csv,2026-09-22 13:46:18.797039+00:00
dc43afa6662c54b2,36.6702,9.25194,2026-09-21 00:45:00+00:00,2026-09-21,0045,N20,,0.6,nominal,300.43,286.75,0.54,0.51,0.99,N,2.0NRT,VIIRS_NOAA20_C2,https://firms.modaps.eosdis.nasa.gov/data/active_fire/noaa-20-viirs-c2/csv/J1_VIIRS_C2_Global_24h.csv,2026-09-22 13:46:18.797039+00:00
351adefdb848534f,36.66965,9.25831,2026-09-21 00:45:00+00:00,2026-09-21,0045,N20,,0.6,nominal,301.27,287.06,0.54,0.51,0.99,N,2.0NRT,VIIRS_NOAA20_C2,https://firms.modaps.eosdis.nasa.gov/data/active_fire/noaa-20-viirs-c2/csv/J1_VIIRS_C2_Global_24h.csv,2026-09-22 13:46:18.797039+00:00
f2b2a8015a31d4e0,36.76113,7.30404,2026-09-21 00:45:00+00:00,2026-09-21,0045,N20,,0.6,nominal,300.81,288.45,0.35,0.56,0.74,N,2.0NRT,VIIRS_NOAA20_C2,https://firms.modaps.eosdis.nasa.gov/data/active_fire/noaa-20-viirs-c2/csv/J1_VIIRS_C2_Global_24h.csv,2026-09-22 13:46:18.797039+00:00
538ea5d624c33737,36.74709,6.25268,2026-09-21 00:45:00+00:00,2026-09-21,0045,N20,,0.6,nominal,353.2,291.41,0.4,0.6,6.01,N,2.0NRT,VIIRS_NOAA20_C2,https://firms.modaps.eosdis.nasa.gov/data/active_fire/noaa-20-viirs-c2/csv/J1_VIIRS_C2_Global_24h.csv,2026-09-22 13:46:18.797039+00:00
58d7923a82a0aa99,36.74734,6.24819,2026-09-21 00:45:00+00:00,2026-09-21,0045,N20,,0.6,nominal,302.29,291.42,0.4,0.6,2.88,N,2.0NRT,VIIRS_NOAA20_C2,https://firms.modaps.eosdis.nasa.gov/data/active_fire/noaa-20-viirs-c2/csv/J1_VIIRS_C2_Global_24h.csv,2026-09-22 13:46:18.797039+00:00
56c093e7d4528bd7,35.3519,5.75954,2026-09-21 00:45:00+00:00,2026-09-21,0045,N20,,0.6,nominal,314.49,284.28,0.41,0.61,1.7,N,2.0NRT,VIIRS_NOAA20_C2,https://firms.modaps.eosdis.nasa.gov/data/active_fire/noaa-20-viirs-c2/csv/J1_VIIRS_C2_Global_24h.csv,2026-09-22 13:46:18.797039+00:00
f8e4fc77769d17ef,35.34822,5.76102,2026-09-21 00:45:00+00:00,2026-09-21,0045,N20,,0.6,nominal,307.76,286.58,0.41,0.61,0.95,N,2.0NRT,VIIRS_NOAA20_C2,https://firms.modaps.eosdis.nasa.gov/data/active_fire/noaa-20-viirs-c2/csv/J1_VIIRS_C2_Global_24h.csv,2026-09-22 13:46:18.797039+00:00
a408d7303c13f1df,34.98491,5.71211,2026-09-21 00:45:00+00:00,2026-09-21,0045,N20,,0.6,nominal,304.98,288.16,0.41,0.61,1.12,N,2.0NRT,VIIRS_NOAA20_C2,https://firms.modaps.eosdis.nasa.gov/data/active_fire/noaa-20-viirs-c2/csv/J1_VIIRS_C2_Global_24h.csv,2026-09-22 13:46:18.797039+00:00
55324cc70b950ee8,32.51601,6.71025,2026-09-21 00:45:00+00:00,2026-09-21,0045,N20,,0.6,nominal,304.72,277.6,0.34,0.56,0.76,N,2.0NRT,VIIRS_NOAA20_C2,https://firms.modaps.eosdis.nasa.gov/data/active_fire/noaa-20-viirs-c2/csv/J1_VIIRS_C2_Global_24h.csv,2026-09-22 13:46:18.797039+00:00
bbe9b07857ba1b13,31.95736,11.14605,2026-09-21 00:45:00+00:00,2026-09-21,0045,N20,,0.6,nominal,316.92,291.24,0.56,0.43,1.84,N,2.0NRT,VIIRS_NOAA20_C2,https://firms.modaps.eosdis.nasa.gov/data/active_fire/noaa-20-viirs-c2/csv/J1_VIIRS_C2_Global_24h.csv,2026-09-22 13:46:18.797039+00:00
2bd2a0256b03aaa0,32.40339,4.00258,2026-09-21 00:45:00+00:00,2026-09-21,0045,N20,,0.6,nominal,303.13,285.33,0.49,0.65,0.65,N,2.0NRT,VIIRS_NOAA20_C2,https://firms.modaps.eosdis.nasa.gov/data/active_fire/noaa-20-viirs-c2/csv/J1_VIIRS_C2_Global_24h.csv,2026-09-22 13:46:18.797039+00:00
48470842c73e6545,32.40195,4.00186,2026-09-21 00:45:00+00:00,2026-09-21,0045,N20,,0.6,nominal,298.37,284.64,0.49,0.65,0.75,N,2.0NRT,VIIRS_NOAA20_C2,https://firms.modaps.eosdis.nasa.gov/data/active_fire/noaa-20-viirs-c2/csv/J1_VIIRS_C2_Global_24h.csv,2026-09-22 13:46:18.797039+00:00
096db3433bc1b461,32.28139,3.98663,2026-09-21 00:45:00+00:00,2026-09-21,0045,N20,,0.6,nominal,317.92,286.01,0.49,0.65,2.89,N,2.0NRT,VIIRS_NOAA20_C2,https://firms.modaps.eosdis.nasa.gov/data/active_fire/noaa-20-viirs-c2/csv/J1_VIIRS_C2_Global_24h.csv,2026-09-22 13:46:18.797039+00:00
4ff95b79b516232a,32.27965,3.98698,2026-09-21 00:45:00+00:00,2026-09-21,0045,N20,,0.6,nominal,321.12,286.22,0.49,0.65,3.26,N,2.0NRT,VIIRS_NOAA20_C2,https://firms.modaps.eosdis.nasa.gov/data/active_fire/noaa-20-viirs-c2/csv/J1_VIIRS_C2_Global_24h.csv,2026-09-22 13:46:18.797039+00:00
bf90e0b75755948e,32.27995,3.98177,2026-09-21 00:45:00+00:00,2026-09-21,0045,N20,,0.6,nominal,302.3,282.68,0.49,0.65,2.23,N,2.0NRT,VIIRS_NOAA20_C2,https://firms.modaps.eosdis.nasa.gov/data/active_fire/noaa-20-viirs-c2/csv/J1_VIIRS_C2_Global_24h.csv,2026-09-22 13:46:18.797039+00:00
89a6c6623e8c040b,31.7043,9.24138,2026-09-21 00:45:00+00:00,2026-09-21,0045,N20,,0.6,nominal,305.2,291.78,0.47,0.48,0.88,N,2.0NRT,VIIRS_NOAA20_C2,https://firms.modaps.eosdis.nasa.gov/data/active_fire/noaa-20-viirs-c2/csv/J1_VIIRS_C2_Global_24h.csv,2026-09-22 13:46:18.797039+00:00
db8a7fe7953b419d,31.96355,5.21598,2026-09-21 00:45:00+00:00,2026-09-21,0045,N20,,0.6,nominal,302.05,287.45,0.41,0.61,0.89,N,2.0NRT,VIIRS_NOAA20_C2,https://firms.modaps.eosdis.nasa.gov/data/active_fire/noaa-20-viirs-c2/csv/J1_VIIRS_C2_Global_24h.csv,2026-09-22 13:46:18.797039+00:00
b9a53f9a97aa8a34,31.31908,11.80572,2026-09-21 00:45:00+00:00,2026-09-21,0045,N20,,0.6,nominal,328.65,292.94,0.51,0.41,4.16,N,2.0NRT,VIIRS_NOAA20_C2,https://firms.modaps.eosdis.nasa.gov/data/active_fire/noaa-20-viirs-c2/csv/J1_VIIRS_C2_Global_24h.csv,2026-09-22 13:46:18.797039+00:00
a27bff8a765b65f4,31.31972,11.80032,2026-09-21 00:45:00+00:00,2026-09-21,0045,N20,,0.6,nominal,300.63,290.56,0.51,0.41,2.31,N,2.0NRT,VIIRS_NOAA20_C2,https://firms.modaps.eosdis.nasa.gov/data/active_fire/noaa-20-viirs-c2/csv/J1_VIIRS_C2_Global_24h.csv,2026-09-22 13:46:18.797039+00:00
372fa8f4e6589b3d,31.85171,6.04091,2026-09-21 00:45:00+00:00,2026-09-21,0045,N20,,0.6,nominal,299.91,288.78,0.37,0.58,0.93,N,2.0NRT,VIIRS_NOAA20_C2,https://firms.modaps.eosdis.nasa.gov/data/active_fire/noaa-20-viirs-c2/csv/J1_VIIRS_C2_Global_24h.csv,2026-09-22 13:46:18.797039+00:00
241b463e7decf2b4,31.85143,6.04488,2026-09-21 00:45:00+00:00,2026-09-21,0045,N20,,0.6,nominal,303.4,288.84,0.37,0.58,0.83,N,2.0NRT,VIIRS_NOAA20_C2,https://firms.modaps.eosdis.nasa.gov/data/active_fire/noaa-20-viirs-c2/csv/J1_VIIRS_C2_Global_24h.csv,2026-09-22 13:46:18.797039+00:00
ea321e33e1e46710,31.85115,6.04881,2026-09-21 00:45:00+00:00,2026-09-21,0045,N20,,0.6,nominal,317.52,288.87,0.37,0.58,0.83,N,2.0NRT,VIIRS_NOAA20_C2,https://firms.modaps.eosdis.nasa.gov/data/active_fire/noaa-20-viirs-c2/csv/J1_VIIRS_C2_Global_24h.csv,2026-09-22 13:46:18.797039+00:00
6656c61bf6417e9f,31.84579,6.04833,2026-09-21 00:45:00+00:00,2026-09-21,0045,N20,,0.6,nominal,302.72,288.7,0.37,0.58,0.69,N,2.0NRT,VIIRS_NOAA20_C2,https://firms.modaps.eosdis.nasa.gov/data/active_fire/noaa-20-viirs-c2/csv/J1_VIIRS_C2_Global_24h.csv,2026-09-22 13:46:18.797039+00:00
e33fffeeb652b92c,31.85414,6.03875,2026-09-21 00:45:00+00:00,2026-09-21,0045,N20,,0.6,nominal,300.15,288.55,0.37,0.58,0.68,N,2.0NRT,VIIRS_NOAA20_C2,https://firms.modaps.eosdis.nasa.gov/data/active_fire/noaa-20-viirs-c2/csv/J1_VIIRS_C2_Global_24h.csv,2026-09-22 13:46:18.797039+00:00
9427c2c24027d73d,31.85353,6.04665,2026-09-21 00:45:00+00:00,2026-09-21,0045,N20,,0.6,nominal,301.25,288.65,0.37,0.58,0.6,N,2.0NRT,VIIRS_NOAA20_C2,https://firms.modaps.eosdis.nasa.gov/data/active_fire/noaa-20-viirs-c2/csv/J1_VIIRS_C2_Global_24h.csv,2026-09-22 13:46:18.797039+00:00
5d0b2ede5f5a4de0,31.84787,6.05013,2026-09-21 00:45:00+00:00,2026-09-21,0045,N20,,0.6,nominal,314.4,289.03,0.37,0.58,1.63,N,2.0NRT,VIIRS_NOAA20_C2,https://firms.modaps.eosdis.nasa.gov/data/active_fire/noaa-20-viirs-c2/csv/J1_VIIRS_C2_Global_24h.csv,2026-09-22 13:46:18.797039+00:00
15b6f2174d007f0c,31.80889,5.99461,2026-09-21 00:45:00+00:00,2026-09-21,0045,N20,,0.6,nominal,300.44,289.35,0.37,0.58,0.7,N,2.0NRT,VIIRS_NOAA20_C2,https://firms.modaps.eosdis.nasa.gov/data/active_fire/noaa-20-viirs-c2/csv/J1_VIIRS_C2_Global_24h.csv,2026-09-22 13:46:18.797039+00:00
4a87afba47729641,31.79889,6.05677,2026-09-21 00:45:00+00:00,2026-09-21,0045,N20,,0.6,nominal,308.02,289.37,0.37,0.58,0.59,N,2.0NRT,VIIRS_NOAA20_C2,https://firms.modaps.eosdis.nasa.gov/data/active_fire/noaa-20-viirs-c2/csv/J1_VIIRS_C2_Global_24h.csv,2026-09-22 13:46:18.797039+00:00
4ded8ad032d8b7af,31.79298,6.06402,2026-09-21 00:45:00+00:00,2026-09-21,0045,N20,,0.6,nominal,299.86,288.88,0.37,0.58,0.65,N,2.0NRT,VIIRS_NOAA20_C2,https://firms.modaps.eosdis.nasa.gov/data/active_fire/noaa-20-viirs-c2/csv/J1_VIIRS_C2_Global_24h.csv,2026-09-22 13:46:18.797039+00:00
8ddc55f0f34e7cc3,31.78764,6.06341,2026-09-21 00:45:00+00:00,2026-09-21,0045,N20,,0.6,nominal,315.34,289.42,0.37,0.58,0.65,N,2.0NRT,VIIRS_NOAA20_C2,https://firms.modaps.eosdis.nasa.gov/data/active_fire/noaa-20-viirs-c2/csv/J1_VIIRS_C2_Global_24h.csv,2026-09-22 13:46:18.797039+00:00
82c3a4df252ced4d,31.68881,6.18501,2026-09-21 00:45:00+00:00,2026-09-21,0045,N20,,0.6,nominal,302.28,289.03,0.36,0.57,0.44,N,2.0NRT,VIIRS_NOAA20_C2,https://firms.modaps.eosdis.nasa.gov/data/active_fire/noaa-20-viirs-c2/csv/J1_VIIRS_C2_Global_24h.csv,2026-09-22 13:46:18.797039+00:00
dd51b9acb13ec9e4,31.75221,5.22526,2026-09-21 00:45:00+00:00,2026-09-21,0045,N20,,0.6,nominal,307.35,287.02,0.41,0.61,0.6,N,2.0NRT,VIIRS_NOAA20_C2,https://firms.modaps.eosdis.nasa.gov/data/active_fire/noaa-20-viirs-c2/csv/J1_VIIRS_C2_Global_24h.csv,2026-09-22 13:46:18.797039+00:00
13cdb9b65fc520ab,31.67736,6.19533,2026-09-21 00:45:00+00:00,2026-09-21,0045,N20,,0.6,nominal,303.31,289.28,0.36,0.57,0.47,N,2.0NRT,VIIRS_NOAA20_C2,https://firms.modaps.eosdis.nasa.gov/data/active_fire/noaa-20-viirs-c2/csv/J1_VIIRS_C2_Global_24h.csv,2026-09-22 13:46:18.797039+00:00
c4c23d6ffa6cea34,31.70054,5.80673,2026-09-21 00:45:00+00:00,2026-09-21,0045,N20,,0.6,nominal,306.63,288.63,0.38,0.59,0.88,N,2.0NRT,VIIRS_NOAA20_C2,https://firms.modaps.eosdis.nasa.gov/data/active_fire/noaa-20-viirs-c2/csv/J1_VIIRS_C2_Global_24h.csv,2026-09-22 13:46:18.797039+00:00
f2e4f5e5d7175902,31.67788,6.04418,2026-09-21 00:45:00+00:00,2026-09-21,0045,N20,,0.6,nominal,306.15,289.02,0.37,0.58,1.08,N,2.0NRT,VIIRS_NOAA20_C2,https://firms.modaps.eosdis.nasa.gov/data/active_fire/noaa-20-viirs-c2/csv/J1_VIIRS_C2_Global_24h.csv,2026-09-22 13:46:18.797039+00:00
a10f370ca8f2ccaa,31.68971,5.80554,2026-09-21 00:45:00+00:00,2026-09-21,0045,N20,,0.6,nominal,302.68,288.16,0.38,0.59,0.82,N,2.0NRT,VIIRS_NOAA20_C2,https://firms.modaps.eosdis.nasa.gov/data/active_fire/noaa-20-viirs-c2/csv/J1_VIIRS_C2_Global_24h.csv,2026-09-22 13:46:18.797039+00:00
1e6bf70f02820fbf,31.66693,6.04683,2026-09-21 00:45:00+00:00,2026-09-21,0045,N20,,0.6,nominal,339.2,289.41,0.37,0.58,7.63,N,2.0NRT,VIIRS_NOAA20_C2,https://firms.modaps.eosdis.nasa.gov/data/active_fire/noaa-20-viirs-c2/csv/J1_VIIRS_C2_Global_24h.csv,2026-09-22 13:46:18.797039+00:00
13a31daa9f26ac3d,31.66664,6.05071,2026-09-21 00:45:00+00:00,2026-09-21,0045,N20,,0.6,nominal,345.78,291.01,0.36,0.58,5.23,N,2.0NRT,VIIRS_NOAA20_C2,https://firms.modaps.eosdis.nasa.gov/data/active_fire/noaa-20-viirs-c2/csv/J1_VIIRS_C2_Global_24h.csv,2026-09-22 13:46:18.797039+00:00
bbaecd6f364b37f6,31.66636,6.05459,2026-09-21 00:45:00+00:00,2026-09-21,0045,N20,,1.0,high,367.0,290.98,0.36,0.58,5.23,N,2.0NRT,VIIRS_NOAA20_C2,https://firms.modaps.eosdis.nasa.gov/data/active_fire/noaa-20-viirs-c2/csv/J1_VIIRS_C2_Global_24h.csv,2026-09-22 13:46:18.797039+00:00
b6db468e428a8ca6,31.66607,6.05848,2026-09-21 00:45:00+00:00,2026-09-21,0045,N20,,0.6,nominal,315.7,290.63,0.36,0.58,2.7,N,2.0NRT,VIIRS_NOAA20_C2,https://firms.modaps.eosdis.nasa.gov/data/active_fire/noaa-20-viirs-c2/csv/J1_VIIRS_C2_Global_24h.csv,2026-09-22 13:46:18.797039+00:00
9ba75821600b489c,31.66131,6.05003,2026-09-21 00:45:00+00:00,2026-09-21,0045,N20,,0.6,nominal,352.79,290.14,0.36,0.58,5.23,N,2.0NRT,VIIRS_NOAA20_C2,https://firms.modaps.eosdis.nasa.gov/data/active_fire/noaa-20-viirs-c2/csv/J1_VIIRS_C2_Global_24h.csv,2026-09-22 13:46:18.797039+00:00
f561cc963ff8ee34,31.66103,6.05391,2026-09-21 00:45:00+00:00,2026-09-21,0045,N20,,0.6,nominal,333.18,290.68,0.36,0.58,5.23,N,2.0NRT,VIIRS_NOAA20_C2,https://firms.modaps.eosdis.nasa.gov/data/active_fire/noaa-20-viirs-c2/csv/J1_VIIRS_C2_Global_24h.csv,2026-09-22 13:46:18.797039+00:00
de4900cabff98126,31.66075,6.05778,2026-09-21 00:45:00+00:00,2026-09-21,0045,N20,,0.6,nominal,323.89,290.13,0.36,0.58,2.7,N,2.0NRT,VIIRS_NOAA20_C2,https://firms.modaps.eosdis.nasa.gov/data/active_fire/noaa-20-viirs-c2/csv/J1_VIIRS_C2_Global_24h.csv,2026-09-22 13:46:18.797039+00:00
137fec57a20dab93,31.66047,6.06165,2026-09-21 00:45:00+00:00,2026-09-21,0045,N20,,0.6,nominal,304.54,289.78,0.36,0.58,2.7,N,2.0NRT,VIIRS_NOAA20_C2,https://firms.modaps.eosdis.nasa.gov/data/active_fire/noaa-20-viirs-c2/csv/J1_VIIRS_C2_Global_24h.csv,2026-09-22 13:46:18.797039+00:00
0fbd799b3231d2d7,31.63532,6.13224,2026-09-21 00:45:00+00:00,2026-09-21,0045,N20,,0.6,nominal,310.81,288.84,0.36,0.57,0.87,N,2.0NRT,VIIRS_NOAA20_C2,https://firms.modaps.eosdis.nasa.gov/data/active_fire/noaa-20-viirs-c2/csv/J1_VIIRS_C2_Global_24h.csv,2026-09-22 13:46:18.797039+00:00
f52f64f3055760d9,31.59501,5.95559,2026-09-21 00:45:00+00:00,2026-09-21,0045,N20,,0.6,nominal,305.29,288.47,0.37,0.58,1.26,N,2.0NRT,VIIRS_NOAA20_C2,https://firms.modaps.eosdis.nasa.gov/data/active_fire/noaa-20-viirs-c2/csv/J1_VIIRS_C2_Global_24h.csv,2026-09-22 13:46:18.797039+00:00
f3852d032175b7bb,31.58994,5.95117,2026-09-21 00:45:00+00:00,2026-09-21,0045,N20,,0.6,nominal,300.32,289.04,0.37,0.58,1.2,N,2.0NRT,VIIRS_NOAA20_C2,https://firms.modaps.eosdis.nasa.gov/data/active_fire/noaa-20-viirs-c2/csv/J1_VIIRS_C2_Global_24h.csv,2026-09-22 13:46:18.797039+00:00
8a56a4f211beecbc,31.58965,5.95503,2026-09-21 00:45:00+00:00,2026-09-21,0045,N20,,0.6,nominal,311.54,288.84,0.37,0.58,1.2,N,2.0NRT,VIIRS_NOAA20_C2,https://firms.modaps.eosdis.nasa.gov/data/active_fire/noaa-20-viirs-c2/csv/J1_VIIRS_C2_Global_24h.csv,2026-09-22 13:46:18.797039+00:00
32da5312f5400115,31.58457,5.95062,2026-09-21 00:45:00+00:00,2026-09-21,0045,N20,,0.6,nominal,329.06,288.49,0.37,0.58,1.2,N,2.0NRT,VIIRS_NOAA20_C2,https://firms.modaps.eosdis.nasa.gov/data/active_fire/noaa-20-viirs-c2/csv/J1_VIIRS_C2_Global_24h.csv,2026-09-22 13:46:18.797039+00:00
8ceed1a837c5eb0b,31.58429,5.95448,2026-09-21 00:45:00+00:00,2026-09-21,0045,N20,,0.6,nominal,301.27,287.84,0.37,0.58,1.2,N,2.0NRT,VIIRS_NOAA20_C2,https://firms.modaps.eosdis.nasa.gov/data/active_fire/noaa-20-viirs-c2/csv/J1_VIIRS_C2_Global_24h.csv,2026-09-22 13:46:18.797039+00:00
dabbe86690480acd,31.50299,5.84291,2026-09-21 00:45:00+00:00,2026-09-21,0045,N20,,0.6,nominal,301.08,289.01,0.37,0.58,1.27,N,2.0NRT,VIIRS_NOAA20_C2,https://firms.modaps.eosdis.nasa.gov/data/active_fire/noaa-20-viirs-c2/csv/J1_VIIRS_C2_Global_24h.csv,2026-09-22 13:46:18.797039+00:00
3dc718ffb5ef6fb9,31.50269,5.84691,2026-09-21 00:45:00+00:00,2026-09-21,0045,N20,,0.6,nominal,315.15,289.2,0.37,0.58,1.53,N,2.0NRT,VIIRS_NOAA20_C2,https://firms.modaps.eosdis.nasa.gov/data/active_fire/noaa-20-viirs-c2/csv/J1_VIIRS_C2_Global_24h.csv,2026-09-22 13:46:18.797039+00:00
07ae4257e2409ff5,31.3976,6.92977,2026-09-21 00:45:00+00:00,2026-09-21,0045,N20,,0.6,nominal,311.0,290.31,0.32,0.55,1.19,N,2.0NRT,VIIRS_NOAA20_C2,https://firms.modaps.eosdis.nasa.gov/data/active_fire/noaa-20-viirs-c2/csv/J1_VIIRS_C2_Global_24h.csv,2026-09-22 13:46:18.797039+00:00
3871ad04df7395dd,31.39733,6.93319,2026-09-21 00:45:00+00:00,2026-09-21,0045,N20,,0.6,nominal,302.74,291.07,0.32,0.55,1.4,N,2.0NRT,VIIRS_NOAA20_C2,https://firms.modaps.eosdis.nasa.gov/data/active_fire/noaa-20-viirs-c2/csv/J1_VIIRS_C2_Global_24h.csv,2026-09-22 13:46:18.797039+00:00
b57e5a881de082df,31.00421,10.0613,2026-09-21 00:45:00+00:00,2026-09-21,0045,N20,,0.6,nominal,314.26,291.28,0.42,0.45,1.24,N,2.0NRT,VIIRS_NOAA20_C2,https://firms.modaps.eosdis.nasa.gov/data/active_fire/noaa-20-viirs-c2/csv/J1_VIIRS_C2_Global_24h.csv,2026-09-22 13:46:18.797039+00:00
4f33c88bac4b18cf,31.36605,6.04678,2026-09-21 00:45:00+00:00,2026-09-21,0045,N20,,1.0,high,367.0,290.5,0.36,0.58,7.05,N,2.0NRT,VIIRS_NOAA20_C2,https://firms.modaps.eosdis.nasa.gov/data/active_fire/noaa-20-viirs-c2/csv/J1_VIIRS_C2_Global_24h.csv,2026-09-22 13:46:18.797039+00:00
11773caad6ed25b4,31.36634,6.04294,2026-09-21 00:45:00+00:00,2026-09-21,0045,N20,,0.6,nominal,311.58,287.22,0.36,0.58,5.08,N,2.0NRT,VIIRS_NOAA20_C2,https://firms.modaps.eosdis.nasa.gov/data/active_fire/noaa-20-viirs-c2/csv/J1_VIIRS_C2_Global_24h.csv,2026-09-22 13:46:18.797039+00:00
c7ff3af17d435c4d,31.36045,6.05004,2026-09-21 00:45:00+00:00,2026-09-21,0045,N20,,0.6,nominal,324.08,287.8,0.36,0.58,1.4,N,2.0NRT,VIIRS_NOAA20_C2,https://firms.modaps.eosdis.nasa.gov/data/active_fire/noaa-20-viirs-c2/csv/J1_VIIRS_C2_Global_24h.csv,2026-09-22 13:46:18.797039+00:00
f03304d5ed0ffcb7,31.18075,8.10224,2026-09-21 00:45:00+00:00,2026-09-21,0045,N20,,0.6,nominal,304.96,291.38,0.54,0.51,0.84,N,2.0NRT,VIIRS_NOAA20_C2,https://firms.modaps.eosdis.nasa.gov/data/active_fire/noaa-20-viirs-c2/csv/J1_VIIRS_C2_Global_24h.csv,2026-09-22 13:46:18.797039+00:00
80e73088ea325731,31.19219,6.78467,2026-09-21 00:45:00+00:00,2026-09-21,0045,N20,,0.6,nominal,301.52,289.27,0.33,0.55,0.74,N,2.0NRT,VIIRS_NOAA20_C2,https://firms.modaps.eosdis.nasa.gov/data/active_fire/noaa-20-viirs-c2/csv/J1_VIIRS_C2_Global_24h.csv,2026-09-22 13:46:18.797039+00:00
42618f7253a95383,31.19192,6.78812,2026-09-21 00:45:00+00:00,2026-09-21,0045,N20,,0.6,nominal,305.32,288.08,0.33,0.55,0.74,N,2.0NRT,VIIRS_NOAA20_C2,https://firms.modaps.eosdis.nasa.gov/data/active_fire/noaa-20-viirs-c2/csv/J1_VIIRS_C2_Global_24h.csv,2026-09-22 13:46:18.797039+00:00
64ce173bd3866107,31.08913,7.82873,2026-09-21 00:45:00+00:00,2026-09-21,0045,N20,,0.6,nominal,331.18,291.77,0.56,0.52,2.75,N,2.0NRT,VIIRS_NOAA20_C2,https://firms.modaps.eosdis.nasa.gov/data/active_fire/noaa-20-viirs-c2/csv/J1_VIIRS_C2_Global_24h.csv,2026-09-22 13:46:18.797039+00:00
b58c1ee3f01585ff,31.05674,8.03214,2026-09-21 00:45:00+00:00,2026-09-21,0045,N20,,0.6,nominal,350.85,293.6,0.55,0.51,13.61,N,2.0NRT,VIIRS_NOAA20_C2,https://firms.modaps.eosdis.nasa.gov/data/active_fire/noaa-20-viirs-c2/csv/J1_VIIRS_C2_Global_24h.csv,2026-09-22 13:46:18.797039+00:00
2b057f9413d0fb20,31.05977,8.03191,2026-09-21 00:45:00+00:00,2026-09-21,0045,N20,,0.6,nominal,305.06,291.73,0.55,0.51,4.31,N,2.0NRT,VIIRS_NOAA20_C2,https://firms.modaps.eosdis.nasa.gov/data/active_fire/noaa-20-viirs-c2/csv/J1_VIIRS_C2_Global_24h.csv,2026-09-22 13:46:18.797039+00:00
d54a0e5d1d526303,31.05922,8.03765,2026-09-21 00:45:00+00:00,2026-09-21,0045,N20,,0.6,nominal,302.59,291.12,0.55,0.51,4.31,N,2.0NRT,VIIRS_NOAA20_C2,https://firms.modaps.eosdis.nasa.gov/data/active_fire/noaa-20-viirs-c2/csv/J1_VIIRS_C2_Global_24h.csv,2026-09-22 13:46:18.797039+00:00
03042ead25bf99de,31.05507,8.03132,2026-09-21 00:45:00+00:00,2026-09-21,0045,N20,,0.6,nominal,339.75,292.06,0.55,0.51,4.31,N,2.0NRT,VIIRS_NOAA20_C2,https://firms.modaps.eosdis.nasa.gov/data/active_fire/noaa-20-viirs-c2/csv/J1_VIIRS_C2_Global_24h.csv,2026-09-22 13:46:18.797039+00:00
4999db41ce8f152c,31.01442,8.15938,2026-09-21 00:45:00+00:00,2026-09-21,0045,N20,,0.6,nominal,307.92,290.97,0.54,0.51,0.99,N,2.0NRT,VIIRS_NOAA20_C2,https://firms.modaps.eosdis.nasa.gov/data/active_fire/noaa-20-viirs-c2/csv/J1_VIIRS_C2_Global_24h.csv,2026-09-22 13:46:18.797039+00:00
e0b9a178ebbefeb1,31.01336,8.17058,2026-09-21 00:45:00+00:00,2026-09-21,0045,N20,,0.6,nominal,302.45,291.91,0.54,0.51,2.31,N,2.0NRT,VIIRS_NOAA20_C2,https://firms.modaps.eosdis.nasa.gov/data/active_fire/noaa-20-viirs-c2/csv/J1_VIIRS_C2_Global_24h.csv,2026-09-22 13:46:18.797039+00:00
1b1a0c46c45587e0,31.0087,8.16998,2026-09-21 00:45:00+00:00,2026-09-21,0045,N20,,0.6,nominal,313.14,291.47,0.54,0.51,1.51,N,2.0NRT,VIIRS_NOAA20_C2,https://firms.modaps.eosdis.nasa.gov/data/active_fire/noaa-20-viirs-c2/csv/J1_VIIRS_C2_Global_24h.csv,2026-09-22 13:46:18.797039+00:00
569063733924e2df,30.82307,8.02994,2026-09-21 00:45:00+00:00,2026-09-21,0045,N20,,0.6,nominal,301.85,291.62,0.54,0.51,1.38,N,2.0NRT,VIIRS_NOAA20_C2,https://firms.modaps.eosdis.nasa.gov/data/active_fire/noaa-20-viirs-c2/csv/J1_VIIRS_C2_Global_24h.csv,2026-09-22 13:46:18.797039+00:00
6c9d5607dfd1329e,30.89946,5.58259,2026-09-21 00:45:00+00:00,2026-09-21,0045,N20,,0.6,nominal,325.7,289.54,0.38,0.59,1.85,N,2.0NRT,VIIRS_NOAA20_C2,https://firms.modaps.eosdis.nasa.gov/data/active_fire/noaa-20-viirs-c2/csv/J1_VIIRS_C2_Global_24h.csv,2026-09-22 13:46:18.797039+00:00
077af89e5f37ade0,30.87865,5.64141,2026-09-21 00:45:00+00:00,2026-09-21,0045,N20,,0.6,nominal,318.61,291.05,0.38,0.59,1.43,N,2.0NRT,VIIRS_NOAA20_C2,https://firms.modaps.eosdis.nasa.gov/data/active_fire/noaa-20-viirs-c2/csv/J1_VIIRS_C2_Global_24h.csv,2026-09-22 13:46:18.797039+00:00
a7a76e023b194416,30.66719,8.10028,2026-09-21 00:45:00+00:00,2026-09-21,0045,N20,,0.6,nominal,302.46,292.21,0.54,0.51,1.01,N,2.0NRT,VIIRS_NOAA20_C2,https://firms.modaps.eosdis.nasa.gov/data/active_fire/noaa-20-viirs-c2/csv/J1_VIIRS_C2_Global_24h.csv,2026-09-22 13:46:18.797039+00:00
543dbae3333eb819,30.66254,8.09957,2026-09-21 00:45:00+00:00,2026-09-21,0045,N20,,0.6,nominal,305.56,292.43,0.54,0.51,1.01,N,2.0NRT,VIIRS_NOAA20_C2,https://firms.modaps.eosdis.nasa.gov/data/active_fire/noaa-20-viirs-c2/csv/J1_VIIRS_C2_Global_24h.csv,2026-09-22 13:46:18.797039+00:00
c38f0024d24dec3a,30.37991,7.01085,2026-09-21 00:45:00+00:00,2026-09-21,0045,N20,,0.6,nominal,303.67,291.83,0.62,0.54,1.31,N,2.0NRT,VIIRS_NOAA20_C2,https://firms.modaps.eosdis.nasa.gov/data/active_fire/noaa-20-viirs-c2/csv/J1_VIIRS_C2_Global_24h.csv,2026-09-22 13:46:18.797039+00:00
5902fdc9f9b1b27a,30.37495,7.01024,2026-09-21 00:45:00+00:00,2026-09-21,0045,N20,,0.6,nominal,312.92,291.22,0.62,0.54,1.31,N,2.0NRT,VIIRS_NOAA20_C2,https://firms.modaps.eosdis.nasa.gov/data/active_fire/noaa-20-viirs-c2/csv/J1_VIIRS_C2_Global_24h.csv,2026-09-22 13:46:18.797039+00:00
da4a75e36ec0c452,30.25668,8.08291,2026-09-21 00:45:00+00:00,2026-09-21,0045,N20,,0.6,nominal,304.71,292.84,0.53,0.5,1.42,N,2.0NRT,VIIRS_NOAA20_C2,https://firms.modaps.eosdis.nasa.gov/data/active_fire/noaa-20-viirs-c2/csv/J1_VIIRS_C2_Global_24h.csv,2026-09-22 13:46:18.797039+00:00
7a641694327c7d5a,29.7032,6.71206,2026-09-21 00:45:00+00:00,2026-09-21,0045,N20,,0.6,nominal,310.86,292.42,0.64,0.54,2.16,N,2.0NRT,VIIRS_NOAA20_C2,https://firms.modaps.eosdis.nasa.gov/data/active_fire/noaa-20-viirs-c2/csv/J1_VIIRS_C2_Global_24h.csv,2026-09-22 13:46:18.797039+00:00
b4698e422a601745,29.69943,6.69656,2026-09-21 00:45:00+00:00,2026-09-21,0045,N20,,0.6,nominal,303.08,292.06,0.32,0.54,1.3,N,2.0NRT,VIIRS_NOAA20_C2,https://firms.modaps.eosdis.nasa.gov/data/active_fire/noaa-20-viirs-c2/csv/J1_VIIRS_C2_Global_24h.csv,2026-09-22 13:46:18.797039+00:00
fbfac86118b1d417,29.69915,6.69987,2026-09-21 00:45:00+00:00,2026-09-21,0045,N20,,0.6,nominal,306.84,292.4,0.32,0.54,1.3,N,2.0NRT,VIIRS_NOAA20_C2,https://firms.modaps.eosdis.nasa.gov/data/active_fire/noaa-20-viirs-c2/csv/J1_VIIRS_C2_Global_24h.csv,2026-09-22 13:46:18.797039+00:00
f45e66e1305a5861,29.69873,6.70485,2026-09-21 00:45:00+00:00,2026-09-21,0045,N20,,0.6,nominal,306.02,292.51,0.64,0.54,3.42,N,2.0NRT,VIIRS_NOAA20_C2,https://firms.modaps.eosdis.nasa.gov/data/active_fire/noaa-20-viirs-c2/csv/J1_VIIRS_C2_Global_24h.csv,2026-09-22 13:46:18.797039+00:00
4c83d9be796d7f05,29.69412,6.69929,2026-09-21 00:45:00+00:00,2026-09-21,0045,N20,,0.6,nominal,341.17,293.19,0.32,0.54,1.3,N,2.0NRT,VIIRS_NOAA20_C2,https://firms.modaps.eosdis.nasa.gov/data/active_fire/noaa-20-viirs-c2/csv/J1_VIIRS_C2_Global_24h.csv,2026-09-22 13:46:18.797039+00:00
9ad4efe0e02d0685,29.68938,6.69538,2026-09-21 00:45:00+00:00,2026-09-21,0045,N20,,0.6,nominal,314.15,292.21,0.32,0.54,1.2,N,2.0NRT,VIIRS_NOAA20_C2,https://firms.modaps.eosdis.nasa.gov/data/active_fire/noaa-20-viirs-c2/csv/J1_VIIRS_C2_Global_24h.csv,2026-09-22 13:46:18.797039+00:00
998c31681bd279e1,29.67198,6.72173,2026-09-21 00:45:00+00:00,2026-09-21,0045,N20,,0.6,nominal,316.08,293.2,0.63,0.54,2.21,N,2.0NRT,VIIRS_NOAA20_C2,https://firms.modaps.eosdis.nasa.gov/data/active_fire/noaa-20-viirs-c2/csv/J1_VIIRS_C2_Global_24h.csv,2026-09-22 13:46:18.797039+00:00
65a3d59777ff90a7,29.69474,6.69788,2026-09-21 00:45:00+00:00,2026-09-21,0045,N20,,0.6,nominal,333.36,292.96,0.64,0.54,2.31,N,2.0NRT,VIIRS_NOAA20_C2,https://firms.modaps.eosdis.nasa.gov/data/active_fire/noaa-20-viirs-c2/csv/J1_VIIRS_C2_Global_24h.csv,2026-09-22 13:46:18.797039+00:00
747f7cf3040e07f8,29.69414,6.70449,2026-09-21 00:45:00+00:00,2026-09-21,0045,N20,,0.6,nominal,302.92,292.55,0.64,0.54,2.31,N,2.0NRT,VIIRS_NOAA20_C2,https://firms.modaps.eosdis.nasa.gov/data/active_fire/noaa-20-viirs-c2/csv/J1_VIIRS_C2_Global_24h.csv,2026-09-22 13:46:18.797039+00:00
64c15b19e29964b6,29.68972,6.6973,2026-09-21 00:45:00+00:00,2026-09-21,0045,N20,,0.6,nominal,307.82,292.7,0.64,0.54,2.31,N,2.0NRT,VIIRS_NOAA20_C2,https://firms.modaps.eosdis.nasa.gov/data/active_fire/noaa-20-viirs-c2/csv/J1_VIIRS_C2_Global_24h.csv,2026-09-22 13:46:18.797039+00:00
9a4efedd32daa213,29.67228,6.72197,2026-09-21 00:45:00+00:00,2026-09-21,0045,N20,,0.6,nominal,316.99,292.95,0.63,0.54,3.05,N,2.0NRT,VIIRS_NOAA20_C2,https://firms.modaps.eosdis.nasa.gov/data/active_fire/noaa-20-viirs-c2/csv/J1_VIIRS_C2_Global_24h.csv,2026-09-22 13:46:18.797039+00:00
99ae511c73a73c03,28.97661,10.03918,2026-09-21 00:48:00+00:00,2026-09-21,0048,N20,,0.6,nominal,302.14,282.68,0.4,0.44,0.46,N,2.0NRT,VIIRS_NOAA20_C2,https://firms.modaps.eosdis.nasa.gov/data/active_fire/noaa-20-viirs-c2/csv/J1_VIIRS_C2_Global_24h.csv,2026-09-22 13:46:18.797039+00:00
88dd4840b3f818d5,29.26674,6.49147,2026-09-21 00:48:00+00:00,2026-09-21,0048,N20,,0.6,nominal,302.21,291.22,0.32,0.55,0.48,N,2.0NRT,VIIRS_NOAA20_C2,https://firms.modaps.eosdis.nasa.gov/data/active_fire/noaa-20-viirs-c2/csv/J1_VIIRS_C2_Global_24h.csv,2026-09-22 13:46:18.797039+00:00
9f0815a9ddade1ac,28.92122,9.98271,2026-09-21 00:48:00+00:00,2026-09-21,0048,N20,,0.6,nominal,299.22,282.72,0.4,0.44,0.82,N,2.0NRT,VIIRS_NOAA20_C2,https://firms.modaps.eosdis.nasa.gov/data/active_fire/noaa-20-viirs-c2/csv/J1_VIIRS_C2_Global_24h.csv,2026-09-22 13:46:18.797039+00:00
3954564c2c40f6de,29.26803,6.49203,2026-09-21 00:48:00+00:00,2026-09-21,0048,N20,,0.6,nominal,303.71,291.79,0.32,0.55,0.59,N,2.0NRT,VIIRS_NOAA20_C2,https://firms.modaps.eosdis.nasa.gov/data/active_fire/noaa-20-viirs-c2/csv/J1_VIIRS_C2_Global_24h.csv,2026-09-22 13:46:18.797039+00:00
ddf93aebb161c4bf,29.2579,6.49085,2026-09-21 00:48:00+00:00,2026-09-21,0048,N20,,0.6,nominal,305.31,291.91,0.32,0.55,0.5,N,2.0NRT,VIIRS_NOAA20_C2,https://firms.modaps.eosdis.nasa.gov/data/active_fire/noaa-20-viirs-c2/csv/J1_VIIRS_C2_Global_24h.csv,2026-09-22 13:46:18.797039+00:00
aa48849fc33801e3,28.89418,9.96621,2026-09-21 00:48:00+00:00,2026-09-21,0048,N20,,0.6,nominal,297.62,279.6,0.4,0.44,0.57,N,2.0NRT,VIIRS_NOAA20_C2,https://firms.modaps.eosdis.nasa.gov/data/active_fire/noaa-20-viirs-c2/csv/J1_VIIRS_C2_Global_24h.csv,2026-09-22 13:46:18.797039+00:00
1ed186e4f5c0b3ac,28.86851,9.9373,2026-09-21 00:48:00+00:00,2026-09-21,0048,N20,,0.6,nominal,301.89,275.2,0.4,0.44,0.54,N,2.0NRT,VIIRS_NOAA20_C2,https://firms.modaps.eosdis.nasa.gov/data/active_fire/noaa-20-viirs-c2/csv/J1_VIIRS_C2_Global_24h.csv,2026-09-22 13:46:18.797039+00:00
0e732e0e5c570953,28.82189,9.90955,2026-09-21 00:48:00+00:00,2026-09-21,0048,N20,,0.6,nominal,298.79,266.78,0.4,0.44,0.55,N,2.0NRT,VIIRS_NOAA20_C2,https://firms.modaps.eosdis.nasa.gov/data/active_fire/noaa-20-viirs-c2/csv/J1_VIIRS_C2_Global_24h.csv,2026-09-22 13:46:18.797039+00:00
cb372d1e121ffdfe,28.8221,9.91064,2026-09-21 00:48:00+00:00,2026-09-21,0048,N20,,0.6,nominal,300.14,267.75,0.4,0.44,0.62,N,2.0NRT,VIIRS_NOAA20_C2,https://firms.modaps.eosdis.nasa.gov/data/active_fire/noaa-20-viirs-c2/csv/J1_VIIRS_C2_Global_24h.csv,2026-09-22 13:46:18.797039+00:00
23e564253dce714b,28.73616,9.78833,2026-09-21 00:48:00+00:00,2026-09-21,0048,N20,,0.6,nominal,320.59,275.21,0.41,0.45,1.71,N,2.0NRT,VIIRS_NOAA20_C2,https://firms.modaps.eosdis.nasa.gov/data/active_fire/noaa-20-viirs-c2/csv/J1_VIIRS_C2_Global_24h.csv,2026-09-22 13:46:18.797039+00:00
2038e33305a1db32,28.63825,9.77988,2026-09-21 00:48:00+00:00,2026-09-21,0048,N20,,0.6,nominal,307.16,276.63,0.41,0.45,0.64,N,2.0NRT,VIIRS_NOAA20_C2,https://firms.modaps.eosdis.nasa.gov/data/active_fire/noaa-20-viirs-c2/csv/J1_VIIRS_C2_Global_24h.csv,2026-09-22 13:46:18.797039+00:00
dd4be6b9dcd79b87,28.63779,9.78403,2026-09-21 00:48:00+00:00,2026-09-21,0048,N20,,0.6,nominal,299.77,276.93,0.41,0.45,0.64,N,2.0NRT,VIIRS_NOAA20_C2,https://firms.modaps.eosdis.nasa.gov/data/active_fire/noaa-20-viirs-c2/csv/J1_VIIRS_C2_Global_24h.csv,2026-09-22 13:46:18.797039+00:00
66c40c490bda76d9,28.63369,9.78342,2026-09-21 00:48:00+00:00,2026-09-21,0048,N20,,0.6,nominal,309.12,276.44,0.41,0.45,0.52,N,2.0NRT,VIIRS_NOAA20_C2,https://firms.modaps.eosdis.nasa.gov/data/active_fire/noaa-20-viirs-c2/csv/J1_VIIRS_C2_Global_24h.csv,2026-09-22 13:46:18.797039+00:00
009fbc94d6515a63,28.52982,9.12107,2026-09-21 00:48:00+00:00,2026-09-21,0048,N20,,0.6,nominal,322.86,270.74,0.44,0.46,2.39,N,2.0NRT,VIIRS_NOAA20_C2,https://firms.modaps.eosdis.nasa.gov/data/active_fire/noaa-20-viirs-c2/csv/J1_VIIRS_C2_Global_24h.csv,2026-09-22 13:46:18.797039+00:00
0219c5b89aa29eb3,28.68506,7.18995,2026-09-21 00:48:00+00:00,2026-09-21,0048,N20,,0.6,nominal,322.66,292.52,0.58,0.52,2.34,N,2.0NRT,VIIRS_NOAA20_C2,https://firms.modaps.eosdis.nasa.gov/data/active_fire/noaa-20-viirs-c2/csv/J1_VIIRS_C2_Global_24h.csv,2026-09-22 13:46:18.797039+00:00
aa247f03d2f04b60,28.64137,7.61172,2026-09-21 00:48:00+00:00,2026-09-21,0048,N20,,0.6,nominal,303.47,292.57,0.54,0.51,0.77,N,2.0NRT,VIIRS_NOAA20_C2,https://firms.modaps.eosdis.nasa.gov/data/active_fire/noaa-20-viirs-c2/csv/J1_VIIRS_C2_Global_24h.csv,2026-09-22 13:46:18.797039+00:00
1ce3dfc404a9d965,28.63881,7.5371,2026-09-21 00:48:00+00:00,2026-09-21,0048,N20,,0.6,nominal,304.18,292.17,0.55,0.51,1.04,N,2.0NRT,VIIRS_NOAA20_C2,https://firms.modaps.eosdis.nasa.gov/data/active_fire/noaa-20-viirs-c2/csv/J1_VIIRS_C2_Global_24h.csv,2026-09-22 13:46:18.797039+00:00
0851cf1b816acf57,28.68519,7.19468,2026-09-21 00:48:00+00:00,2026-09-21,0048,N20,,0.6,nominal,327.19,293.67,0.58,0.52,3.69,N,2.0NRT,VIIRS_NOAA20_C2,https://firms.modaps.eosdis.nasa.gov/data/active_fire/noaa-20-viirs-c2/csv/J1_VIIRS_C2_Global_24h.csv,2026-09-22 13:46:18.797039+00:00
16b5913103551177,28.63925,7.60978,2026-09-21 00:48:00+00:00,2026-09-21,0048,N20,,0.6,nominal,312.27,292.56,0.54,0.51,1.53,N,2.0NRT,VIIRS_NOAA20_C2,https://firms.modaps.eosdis.nasa.gov/data/active_fire/noaa-20-viirs-c2/csv/J1_VIIRS_C2_Global_24h.csv,2026-09-22 13:46:18.797039+00:00
26cbbc57ccfd2907,28.45148,9.13341,2026-09-21 00:48:00+00:00,2026-09-21,0048,N20,,0.6,nominal,315.11,274.5,0.44,0.46,2.36,N,2.0NRT,VIIRS_NOAA20_C2,https://firms.modaps.eosdis.nasa.gov/data/active_fire/noaa-20-viirs-c2/csv/J1_VIIRS_C2_Global_24h.csv,2026-09-22 13:46:18.797039+00:00
35ccca74028f1987,28.45098,9.13792,2026-09-21 00:48:00+00:00,2026-09-21,0048,N20,,0.6,nominal,318.64,271.93,0.44,0.46,2.36,N,2.0NRT,VIIRS_NOAA20_C2,https://firms.modaps.eosdis.nasa.gov/data/active_fire/noaa-20-viirs-c2/csv/J1_VIIRS_C2_Global_24h.csv,2026-09-22 13:46:18.797039+00:00
4c5625d7405dd182,28.61223,7.49776,2026-09-21 00:48:00+00:00,2026-09-21,0048,N20,,0.6,nominal,305.35,292.39,0.55,0.51,1.46,N,2.0NRT,VIIRS_NOAA20_C2,https://firms.modaps.eosdis.nasa.gov/data/active_fire/noaa-20-viirs-c2/csv/J1_VIIRS_C2_Global_24h.csv,2026-09-22 13:46:18.797039+00:00
56fb9afcf8a6d4eb,28.5781,7.65318,2026-09-21 00:48:00+00:00,2026-09-21,0048,N20,,0.6,nominal,326.42,293.3,0.54,0.51,3.5,N,2.0NRT,VIIRS_NOAA20_C2,https://firms.modaps.eosdis.nasa.gov/data/active_fire/noaa-20-viirs-c2/csv/J1_VIIRS_C2_Global_24h.csv,2026-09-22 13:46:18.797039+00:00
51856f09aef4aa1c,28.60159,7.25609,2026-09-21 00:48:00+00:00,2026-09-21,0048,N20,,0.6,nominal,316.72,293.84,0.57,0.52,1.58,N,2.0NRT,VIIRS_NOAA20_C2,https://firms.modaps.eosdis.nasa.gov/data/active_fire/noaa-20-viirs-c2/csv/J1_VIIRS_C2_Global_24h.csv,2026-09-22 13:46:18.797039+00:00
b3fe032ed50e24be,28.56289,7.51463,2026-09-21 00:48:00+00:00,2026-09-21,0048,N20,,0.6,nominal,307.5,291.91,0.55,0.51,1.35,N,2.0NRT,VIIRS_NOAA20_C2,https://firms.modaps.eosdis.nasa.gov/data/active_fire/noaa-20-viirs-c2/csv/J1_VIIRS_C2_Global_24h.csv,2026-09-22 13:46:18.797039+00:00
d8276b0ca565e0e6,28.48077,7.50927,2026-09-21 00:48:00+00:00,2026-09-21,0048,N20,,0.6,nominal,306.44,292.15,0.55,0.51,1.0,N,2.0NRT,VIIRS_NOAA20_C2,https://firms.modaps.eosdis.nasa.gov/data/active_fire/noaa-20-viirs-c2/csv/J1_VIIRS_C2_Global_24h.csv,2026-09-22 13:46:18.797039+00:00
5254b1b7203e7ecb,28.47136,7.50798,2026-09-21 00:48:00+00:00,2026-09-21,0048,N20,,0.6,nominal,306.39,292.7,0.55,0.51,1.37,N,2.0NRT,VIIRS_NOAA20_C2,https://firms.modaps.eosdis.nasa.gov/data/active_fire/noaa-20-viirs-c2/csv/J1_VIIRS_C2_Global_24h.csv,2026-09-22 13:46:18.797039+00:00
46d42c24d2307cc9,28.46087,7.51815,2026-09-21 00:48:00+00:00,2026-09-21,0048,N20,,0.6,nominal,313.71,292.11,0.55,0.51,0.89,N,2.0NRT,VIIRS_NOAA20_C2,https://firms.modaps.eosdis.nasa.gov/data/active_fire/noaa-20-viirs-c2/csv/J1_VIIRS_C2_Global_24h.csv,2026-09-22 13:46:18.797039+00:00
dc8e9b40e0fa2bbc,26.43296,11.85065,2026-09-21 00:48:00+00:00,2026-09-21,0048,N20,,0.6,nominal,320.3,294.46,0.45,0.39,1.8,N,2.0NRT,VIIRS_NOAA20_C2,https://firms.modaps.eosdis.nasa.gov/data/active_fire/noaa-20-viirs-c2/csv/J1_VIIRS_C2_Global_24h.csv,2026-09-22 13:46:18.797039+00:00
7b9fee092d8d5e90,26.03428,11.97732,2026-09-21 00:48:00+00:00,2026-09-21,0048,N20,,0.6,nominal,320.21,292.6,0.44,0.39,1.38,N,2.0NRT,VIIRS_NOAA20_C2,https://firms.modaps.eosdis.nasa.gov/data/active_fire/noaa-20-viirs-c2/csv/J1_VIIRS_C2_Global_24h.csv,2026-09-22 13:46:18.797039+00:00
f39fb7929933b4cf,36.50134,10.02304,2026-09-21 02:26:00+00:00,2026-09-21,0226,N20,,0.6,nominal,297.06,284.04,0.75,0.77,0.91,N,2.0NRT,VIIRS_NOAA20_C2,https://firms.modaps.eosdis.nasa.gov/data/active_fire/noaa-20-viirs-c2/csv/J1_VIIRS_C2_Global_24h.csv,2026-09-22 13:46:18.797039+00:00
505d69d5bdd8af5a,36.67005,9.2529,2026-09-21 02:26:00+00:00,2026-09-21,0226,N20,,0.6,nominal,298.76,284.38,0.68,0.74,0.95,N,2.0NRT,VIIRS_NOAA20_C2,https://firms.modaps.eosdis.nasa.gov/data/active_fire/noaa-20-viirs-c2/csv/J1_VIIRS_C2_Global_24h.csv,2026-09-22 13:46:18.797039+00:00
4b66db19e3842c8d,36.87819,6.94572,2026-09-21 02:26:00+00:00,2026-09-21,0226,N20,,0.6,nominal,306.74,289.34,0.51,0.66,1.47,N,2.0NRT,VIIRS_NOAA20_C2,https://firms.modaps.eosdis.nasa.gov/data/active_fire/noaa-20-viirs-c2/csv/J1_VIIRS_C2_Global_24h.csv,2026-09-22 13:46:18.797039+00:00
cd39c10540e8fff5,36.75147,6.25162,2026-09-21 02:26:00+00:00,2026-09-21,0226,N20,,0.6,nominal,299.7,289.68,0.47,0.64,3.03,N,2.0NRT,VIIRS_NOAA20_C2,https://firms.modaps.eosdis.nasa.gov/data/active_fire/noaa-20-viirs-c2/csv/J1_VIIRS_C2_Global_24h.csv,2026-09-22 13:46:18.797039+00:00
f9a065acdc65b219,36.75005,6.25667,2026-09-21 02:26:00+00:00,2026-09-21,0226,N20,,0.6,nominal,306.99,289.08,0.47,0.64,3.03,N,2.0NRT,VIIRS_NOAA20_C2,https://firms.modaps.eosdis.nasa.gov/data/active_fire/noaa-20-viirs-c2/csv/J1_VIIRS_C2_Global_24h.csv,2026-09-22 13:46:18.797039+00:00
7e834f7f7641edf3,36.74588,6.24919,2026-09-21 02:26:00+00:00,2026-09-21,0226,N20,,0.6,nominal,327.01,291.29,0.47,0.64,3.03,N,2.0NRT,VIIRS_NOAA20_C2,https://firms.modaps.eosdis.nasa.gov/data/active_fire/noaa-20-viirs-c2/csv/J1_VIIRS_C2_Global_24h.csv,2026-09-22 13:46:18.797039+00:00
a351b4ed790466de,36.74446,6.25421,2026-09-21 02:26:00+00:00,2026-09-21,0226,N20,,0.6,nominal,349.42,290.03,0.47,0.64,3.03,N,2.0NRT,VIIRS_NOAA20_C2,https://firms.modaps.eosdis.nasa.gov/data/active_fire/noaa-20-viirs-c2/csv/J1_VIIRS_C2_Global_24h.csv,2026-09-22 13:46:18.797039+00:00
db21c46fdfbd943c,36.3347,5.48089,2026-09-21 02:26:00+00:00,2026-09-21,0226,N20,,0.6,nominal,306.57,286.77,0.44,0.62,0.91,N,2.0NRT,VIIRS_NOAA20_C2,https://firms.modaps.eosdis.nasa.gov/data/active_fire/noaa-20-viirs-c2/csv/J1_VIIRS_C2_Global_24h.csv,2026-09-22 13:46:18.797039+00:00
7c89c75409c0e80b,36.74806,3.08198,2026-09-21 02:26:00+00:00,2026-09-21,0226,N20,,0.6,nominal,304.53,290.6,0.32,0.54,1.08,N,2.0NRT,VIIRS_NOAA20_C2,https://firms.modaps.eosdis.nasa.gov/data/active_fire/noaa-20-viirs-c2/csv/J1_VIIRS_C2_Global_24h.csv,2026-09-22 13:46:18.797039+00:00
b5124f0b61ddf339,36.67955,3.12327,2026-09-21 02:26:00+00:00,2026-09-21,0226,N20,,0.6,nominal,310.43,291.35,0.32,0.55,0.94,N,2.0NRT,VIIRS_NOAA20_C2,https://firms.modaps.eosdis.nasa.gov/data/active_fire/noaa-20-viirs-c2/csv/J1_VIIRS_C2_Global_24h.csv,2026-09-22 13:46:18.797039+00:00
610feec54c0e9e71,36.59678,2.87606,2026-09-21 02:26:00+00:00,2026-09-21,0226,N20,,0.6,nominal,299.68,288.55,0.63,0.54,0.64,N,2.0NRT,VIIRS_NOAA20_C2,https://firms.modaps.eosdis.nasa.gov/data/active_fire/noaa-20-viirs-c2/csv/J1_VIIRS_C2_Global_24h.csv,2026-09-22 13:46:18.797039+00:00
87345126f9c43de2,35.88236,4.44548,2026-09-21 02:26:00+00:00,2026-09-21,0226,N20,,0.6,nominal,315.99,287.47,0.4,0.6,1.65,N,2.0NRT,VIIRS_NOAA20_C2,https://firms.modaps.eosdis.nasa.gov/data/active_fire/noaa-20-viirs-c2/csv/J1_VIIRS_C2_Global_24h.csv,2026-09-22 13:46:18.797039+00:00
36f3b05c53f22b91,37.83601,-4.55842,2026-09-21 02:26:00+00:00,2026-09-21,0226,N20,,0.6,nominal,308.97,289.96,0.41,0.37,0.86,N,2.0NRT,VIIRS_NOAA20_C2,https://firms.modaps.eosdis.nasa.gov/data/active_fire/noaa-20-viirs-c2/csv/J1_VIIRS_C2_Global_24h.csv,2026-09-22 13:46:18.797039+00:00
de6ad162b1edd2e3,35.70853,4.47646,2026-09-21 02:26:00+00:00,2026-09-21,0226,N20,,0.6,nominal,299.44,288.55,0.4,0.6,0.64,N,2.0NRT,VIIRS_NOAA20_C2,https://firms.modaps.eosdis.nasa.gov/data/active_fire/noaa-20-viirs-c2/csv/J1_VIIRS_C2_Global_24h.csv,2026-09-22 13:46:18.797039+00:00
1590169d8045e8e6,35.348,5.76102,2026-09-21 02:26:00+00:00,2026-09-21,0226,N20,,0.6,nominal,300.52,285.29,0.48,0.65,1.64,N,2.0NRT,VIIRS_NOAA20_C2,https://firms.modaps.eosdis.nasa.gov/data/active_fire/noaa-20-viirs-c2/csv/J1_VIIRS_C2_Global_24h.csv,2026-09-22 13:46:18.797039+00:00
2671348640277916,36.15969,0.95688,2026-09-21 02:26:00+00:00,2026-09-21,0226,N20,,0.6,nominal,299.08,288.87,0.51,0.49,0.67,N,2.0NRT,VIIRS_NOAA20_C2,https://firms.modaps.eosdis.nasa.gov/data/active_fire/noaa-20-viirs-c2/csv/J1_VIIRS_C2_Global_24h.csv,2026-09-22 13:46:18.797039+00:00
758fa69c33e6e815,36.16232,0.95568,2026-09-21 02:26:00+00:00,2026-09-21,0226,N20,,0.6,nominal,299.95,289.11,0.51,0.49,0.51,N,2.0NRT,VIIRS_NOAA20_C2,https://firms.modaps.eosdis.nasa.gov/data/active_fire/noaa-20-viirs-c2/csv/J1_VIIRS_C2_Global_24h.csv,2026-09-22 13:46:18.797039+00:00
f5c0f661ccbbd3ce,37.35937,-5.86437,2026-09-21 02:26:00+00:00,2026-09-21,0226,N20,,0.6,nominal,307.3,294.25,0.39,0.36,0.52,N,2.0NRT,VIIRS_NOAA20_C2,https://firms.modaps.eosdis.nasa.gov/data/active_fire/noaa-20-viirs-c2/csv/J1_VIIRS_C2_Global_24h.csv,2026-09-22 13:46:18.797039+00:00
243797358bd4e8e2,37.26102,-5.60532,2026-09-21 02:26:00+00:00,2026-09-21,0226,N20,,0.6,nominal,310.8,292.16,0.4,0.37,0.95,N,2.0NRT,VIIRS_NOAA20_C2,https://firms.modaps.eosdis.nasa.gov/data/active_fire/noaa-20-viirs-c2/csv/J1_VIIRS_C2_Global_24h.csv,2026-09-22 13:46:18.797039+00:00
2f2b5ad6d0c3c19e,36.01923,0.12374,2026-09-21 02:26:00+00:00,2026-09-21,0226,N20,,0.6,nominal,304.56,290.45,0.46,0.47,0.47,N,2.0NRT,VIIRS_NOAA20_C2,https://firms.modaps.eosdis.nasa.gov/data/active_fire/noaa-20-viirs-c2/csv/J1_VIIRS_C2_Global_24h.csv,2026-09-22 13:46:18.797039+00:00
7ef8380d5db81a12,36.01637,0.12728,2026-09-21 02:26:00+00:00,2026-09-21,0226,N20,,0.6,nominal,301.95,291.16,0.46,0.47,1.01,N,2.0NRT,VIIRS_NOAA20_C2,https://firms.modaps.eosdis.nasa.gov/data/active_fire/noaa-20-viirs-c2/csv/J1_VIIRS_C2_Global_24h.csv,2026-09-22 13:46:18.797039+00:00
d5e7f4ca34fc78ea,35.81537,-0.26946,2026-09-21 02:26:00+00:00,2026-09-21,0226,N20,,0.6,nominal,321.06,291.61,0.44,0.46,2.25,N,2.0NRT,VIIRS_NOAA20_C2,https://firms.modaps.eosdis.nasa.gov/data/active_fire/noaa-20-viirs-c2/csv/J1_VIIRS_C2_Global_24h.csv,2026-09-22 13:46:18.797039+00:00
daa6cdc67e09d5bb,35.81218,-0.25518,2026-09-21 02:26:00+00:00,2026-09-21,0226,N20,,0.6,nominal,307.34,291.51,0.44,0.46,2.56,N,2.0NRT,VIIRS_NOAA20_C2,https://firms.modaps.eosdis.nasa.gov/data/active_fire/noaa-20-viirs-c2/csv/J1_VIIRS_C2_Global_24h.csv,2026-09-22 13:46:18.797039+00:00
417c4b401df4af1f,35.80806,-0.25667,2026-09-21 02:26:00+00:00,2026-09-21,0226,N20,,0.6,nominal,341.63,291.87,0.44,0.46,2.56,N,2.0NRT,VIIRS_NOAA20_C2,https://firms.modaps.eosdis.nasa.gov/data/active_fire/noaa-20-viirs-c2/csv/J1_VIIRS_C2_Global_24h.csv,2026-09-22 13:46:18.797039+00:00
48ab8e322487bf6c,35.80486,-0.24235,2026-09-21 02:26:00+00:00,2026-09-21,0226,N20,,0.6,nominal,305.67,292.46,0.45,0.47,1.81,N,2.0NRT,VIIRS_NOAA20_C2,https://firms.modaps.eosdis.nasa.gov/data/active_fire/noaa-20-viirs-c2/csv/J1_VIIRS_C2_Global_24h.csv,2026-09-22 13:46:18.797039+00:00
4a1c9e49512a6258,35.77073,-0.26731,2026-09-21 02:26:00+00:00,2026-09-21,0226,N20,,0.6,nominal,303.72,292.9,0.44,0.46,1.92,N,2.0NRT,VIIRS_NOAA20_C2,https://firms.modaps.eosdis.nasa.gov/data/active_fire/noaa-20-viirs-c2/csv/J1_VIIRS_C2_Global_24h.csv,2026-09-22 13:46:18.797039+00:00
107ff0164d7c94b1,35.56684,-0.93962,2026-09-21 02:26:00+00:00,2026-09-21,0226,N20,,0.6,nominal,306.99,291.36,0.41,0.45,1.07,N,2.0NRT,VIIRS_NOAA20_C2,https://firms.modaps.eosdis.nasa.gov/data/active_fire/noaa-20-viirs-c2/csv/J1_VIIRS_C2_Global_24h.csv,2026-09-22 13:46:18.797039+00:00
e2d76526f11bb5cf,36.17699,-5.42354,2026-09-21 02:26:00+00:00,2026-09-21,0226,N20,,0.6,nominal,304.13,292.72,0.41,0.37,0.67,N,2.0NRT,VIIRS_NOAA20_C2,https://firms.modaps.eosdis.nasa.gov/data/active_fire/noaa-20-viirs-c2/csv/J1_VIIRS_C2_Global_24h.csv,2026-09-22 13:46:18.797039+00:00
8375a381623aa6e8,34.43772,2.05661,2026-09-21 02:26:00+00:00,2026-09-21,0226,N20,,0.6,nominal,297.39,284.51,0.32,0.55,0.61,N,2.0NRT,VIIRS_NOAA20_C2,https://firms.modaps.eosdis.nasa.gov/data/active_fire/noaa-20-viirs-c2/csv/J1_VIIRS_C2_Global_24h.csv,2026-09-22 13:46:18.797039+00:00
40de8869c4828229,35.71988,-5.66428,2026-09-21 02:26:00+00:00,2026-09-21,0226,N20,,0.6,nominal,304.81,293.1,0.4,0.37,0.65,N,2.0NRT,VIIRS_NOAA20_C2,https://firms.modaps.eosdis.nasa.gov/data/active_fire/noaa-20-viirs-c2/csv/J1_VIIRS_C2_Global_24h.csv,2026-09-22 13:46:18.797039+00:00
edde6fdc79e3ad7d,35.71912,-5.65989,2026-09-21 02:26:00+00:00,2026-09-21,0226,N20,,0.6,nominal,306.9,293.51,0.4,0.37,0.65,N,2.0NRT,VIIRS_NOAA20_C2,https://firms.modaps.eosdis.nasa.gov/data/active_fire/noaa-20-viirs-c2/csv/J1_VIIRS_C2_Global_24h.csv,2026-09-22 13:46:18.797039+00:00
79e33a33d9ccbb81,33.87248,2.65803,2026-09-21 02:26:00+00:00,2026-09-21,0226,N20,,0.6,nominal,298.45,284.02,0.36,0.57,0.37,N,2.0NRT,VIIRS_NOAA20_C2,https://firms.modaps.eosdis.nasa.gov/data/active_fire/noaa-20-viirs-c2/csv/J1_VIIRS_C2_Global_24h.csv,2026-09-22 13:46:18.797039+00:00
0f75b9f9a5d02153,35.1841,-5.27322,2026-09-21 02:26:00+00:00,2026-09-21,0226,N20,,0.6,nominal,313.88,290.52,0.42,0.37,0.7,N,2.0NRT,VIIRS_NOAA20_C2,https://firms.modaps.eosdis.nasa.gov/data/active_fire/noaa-20-viirs-c2/csv/J1_VIIRS_C2_Global_24h.csv,2026-09-22 13:46:18.797039+00:00
2383602803ceb8ee,34.59739,-2.34918,2026-09-21 02:26:00+00:00,2026-09-21,0226,N20,,0.6,nominal,302.55,289.9,0.55,0.43,1.12,N,2.0NRT,VIIRS_NOAA20_C2,https://firms.modaps.eosdis.nasa.gov/data/active_fire/noaa-20-viirs-c2/csv/J1_VIIRS_C2_Global_24h.csv,2026-09-22 13:46:18.797039+00:00
5e50f01c1756dc5b,33.47532,-0.34248,2026-09-21 02:26:00+00:00,2026-09-21,0226,N20,,0.6,nominal,300.28,288.0,0.49,0.49,1.15,N,2.0NRT,VIIRS_NOAA20_C2,https://firms.modaps.eosdis.nasa.gov/data/active_fire/noaa-20-viirs-c2/csv/J1_VIIRS_C2_Global_24h.csv,2026-09-22 13:46:18.797039+00:00
3e756bf2b12f4000,31.66273,6.05148,2026-09-21 02:26:00+00:00,2026-09-21,0226,N20,,0.6,nominal,318.67,277.3,0.63,0.72,4.37,N,2.0NRT,VIIRS_NOAA20_C2,https://firms.modaps.eosdis.nasa.gov/data/active_fire/noaa-20-viirs-c2/csv/J1_VIIRS_C2_Global_24h.csv,2026-09-22 13:46:18.797039+00:00
72d4dad227f8630a,31.66092,6.05781,2026-09-21 02:26:00+00:00,2026-09-21,0226,N20,,0.6,nominal,301.29,272.61,0.63,0.72,1.79,N,2.0NRT,VIIRS_NOAA20_C2,https://firms.modaps.eosdis.nasa.gov/data/active_fire/noaa-20-viirs-c2/csv/J1_VIIRS_C2_Global_24h.csv,2026-09-22 13:46:18.797039+00:00
de42a8ad4dda7f00,31.40091,6.92975,2026-09-21 02:26:00+00:00,2026-09-21,0226,N20,,0.6,nominal,301.58,286.98,0.71,0.75,1.77,N,2.0NRT,VIIRS_NOAA20_C2,https://firms.modaps.eosdis.nasa.gov/data/active_fire/noaa-20-viirs-c2/csv/J1_VIIRS_C2_Global_24h.csv,2026-09-22 13:46:18.797039+00:00
1dfe241794e43e5e,31.39882,6.93683,2026-09-21 02:26:00+00:00,2026-09-21,0226,N20,,0.6,nominal,298.36,287.11,0.71,0.75,2.32,N,2.0NRT,VIIRS_NOAA20_C2,https://firms.modaps.eosdis.nasa.gov/data/active_fire/noaa-20-viirs-c2/csv/J1_VIIRS_C2_Global_24h.csv,2026-09-22 13:46:18.797039+00:00
696f1c083ee62a99,31.19209,6.78212,2026-09-21 02:26:00+00:00,2026-09-21,0226,N20,,0.6,nominal,299.79,286.08,0.71,0.75,1.77,N,2.0NRT,VIIRS_NOAA20_C2,https://firms.modaps.eosdis.nasa.gov/data/active_fire/noaa-20-viirs-c2/csv/J1_VIIRS_C2_Global_24h.csv,2026-09-22 13:46:18.797039+00:00
4fb91bb92bfd76aa,31.19001,6.78917,2026-09-21 02:26:00+00:00,2026-09-21,0226,N20,,0.6,nominal,305.5,286.62,0.71,0.75,2.16,N,2.0NRT,VIIRS_NOAA20_C2,https://firms.modaps.eosdis.nasa.gov/data/active_fire/noaa-20-viirs-c2/csv/J1_VIIRS_C2_Global_24h.csv,2026-09-22 13:46:18.797039+00:00
c2e3922e7a9b5f93,31.19083,6.78204,2026-09-21 02:26:00+00:00,2026-09-21,0226,N20,,0.6,nominal,300.47,286.43,0.71,0.75,1.4,N,2.0NRT,VIIRS_NOAA20_C2,https://firms.modaps.eosdis.nasa.gov/data/active_fire/noaa-20-viirs-c2/csv/J1_VIIRS_C2_Global_24h.csv,2026-09-22 13:46:18.797039+00:00
f5671834bf507b87,31.18879,6.78912,2026-09-21 02:26:00+00:00,2026-09-21,0226,N20,,0.6,nominal,307.17,286.51,0.71,0.75,1.4,N,2.0NRT,VIIRS_NOAA20_C2,https://firms.modaps.eosdis.nasa.gov/data/active_fire/noaa-20-viirs-c2/csv/J1_VIIRS_C2_Global_24h.csv,2026-09-22 13:46:18.797039+00:00
955515b238a8fe65,30.89789,5.58358,2026-09-21 02:28:00+00:00,2026-09-21,0228,N20,,0.6,nominal,319.76,285.42,0.62,0.71,2.72,N,2.0NRT,VIIRS_NOAA20_C2,https://firms.modaps.eosdis.nasa.gov/data/active_fire/noaa-20-viirs-c2/csv/J1_VIIRS_C2_Global_24h.csv,2026-09-22 13:46:18.797039+00:00
bade7f995fd6cfad,30.87424,5.64278,2026-09-21 02:28:00+00:00,2026-09-21,0228,N20,,0.6,nominal,301.49,285.39,0.62,0.72,1.78,N,2.0NRT,VIIRS_NOAA20_C2,https://firms.modaps.eosdis.nasa.gov/data/active_fire/noaa-20-viirs-c2/csv/J1_VIIRS_C2_Global_24h.csv,2026-09-22 13:46:18.797039+00:00
d02569bcc5b6fb67,33.36713,-7.74894,2026-09-21 02:28:00+00:00,2026-09-21,0228,N20,,0.6,nominal,304.6,293.19,0.39,0.36,1.24,N,2.0NRT,VIIRS_NOAA20_C2,https://firms.modaps.eosdis.nasa.gov/data/active_fire/noaa-20-viirs-c2/csv/J1_VIIRS_C2_Global_24h.csv,2026-09-22 13:46:18.797039+00:00
cc265bbc7197e2e7,29.70078,6.70943,2026-09-21 02:28:00+00:00,2026-09-21,0228,N20,,0.6,nominal,312.58,288.82,0.77,0.77,3.12,N,2.0NRT,VIIRS_NOAA20_C2,https://firms.modaps.eosdis.nasa.gov/data/active_fire/noaa-20-viirs-c2/csv/J1_VIIRS_C2_Global_24h.csv,2026-09-22 13:46:18.797039+00:00
09f8b8354fbf0f7e,29.6962,6.6993,2026-09-21 02:28:00+00:00,2026-09-21,0228,N20,,0.6,nominal,317.45,288.5,0.77,0.77,3.12,N,2.0NRT,VIIRS_NOAA20_C2,https://firms.modaps.eosdis.nasa.gov/data/active_fire/noaa-20-viirs-c2/csv/J1_VIIRS_C2_Global_24h.csv,2026-09-22 13:46:18.797039+00:00
31ecf929d6151083,29.68944,6.69668,2026-09-21 02:28:00+00:00,2026-09-21,0228,N20,,0.6,nominal,303.39,288.8,0.77,0.77,1.45,N,2.0NRT,VIIRS_NOAA20_C2,https://firms.modaps.eosdis.nasa.gov/data/active_fire/noaa-20-viirs-c2/csv/J1_VIIRS_C2_Global_24h.csv,2026-09-22 13:46:18.797039+00:00
c467ced0186d1539,29.67384,6.72421,2026-09-21 02:28:00+00:00,2026-09-21,0228,N20,,0.6,nominal,311.09,288.84,0.77,0.77,2.04,N,2.0NRT,VIIRS_NOAA20_C2,https://firms.modaps.eosdis.nasa.gov/data/active_fire/noaa-20-viirs-c2/csv/J1_VIIRS_C2_Global_24h.csv,2026-09-22 13:46:18.797039+00:00
805ce9d6d944be5f,29.66892,6.72346,2026-09-21 02:28:00+00:00,2026-09-21,0228,N20,,0.6,nominal,311.18,288.54,0.77,0.77,2.61,N,2.0NRT,VIIRS_NOAA20_C2,https://firms.modaps.eosdis.nasa.gov/data/active_fire/noaa-20-viirs-c2/csv/J1_VIIRS_C2_Global_24h.csv,2026-09-22 13:46:18.797039+00:00
31fdb439628d6e88,32.56905,-6.13714,2026-09-21 02:28:00+00:00,2026-09-21,0228,N20,,0.6,nominal,305.77,294.12,0.42,0.37,0.65,N,2.0NRT,VIIRS_NOAA20_C2,https://firms.modaps.eosdis.nasa.gov/data/active_fire/noaa-20-viirs-c2/csv/J1_VIIRS_C2_Global_24h.csv,2026-09-22 13:46:18.797039+00:00
5009c0340ec2cf4e,28.20129,-0.5214,2026-09-21 02:28:00+00:00,2026-09-21,0228,N20,,0.6,nominal,310.21,293.46,0.63,0.54,1.66,N,2.0NRT,VIIRS_NOAA20_C2,https://firms.modaps.eosdis.nasa.gov/data/active_fire/noaa-20-viirs-c2/csv/J1_VIIRS_C2_Global_24h.csv,2026-09-22 13:46:18.797039+00:00
f56ed6149af8f4db,28.19984,-0.51518,2026-09-21 02:28:00+00:00,2026-09-21,0228,N20,,0.6,nominal,306.84,294.22,0.63,0.54,1.66,N,2.0NRT,VIIRS_NOAA20_C2,https://firms.modaps.eosdis.nasa.gov/data/active_fire/noaa-20-viirs-c2/csv/J1_VIIRS_C2_Global_24h.csv,2026-09-22 13:46:18.797039+00:00
e3f5cd03efe112a7,28.19861,-0.5163,2026-09-21 02:28:00+00:00,2026-09-21,0228,N20,,0.6,nominal,322.06,294.35,0.63,0.54,2.17,N,2.0NRT,VIIRS_NOAA20_C2,https://firms.modaps.eosdis.nasa.gov/data/active_fire/noaa-20-viirs-c2/csv/J1_VIIRS_C2_Global_24h.csv,2026-09-22 13:46:18.797039+00:00
a7ddc722fea44753,27.70283,9.176,2026-09-21 12:04:00+00:00,2026-09-21,1204,N20,,0.6,nominal,344.33,309.21,0.55,0.51,3.41,D,2.0NRT,VIIRS_NOAA20_C2,https://firms.modaps.eosdis.nasa.gov/data/active_fire/noaa-20-viirs-c2/csv/J1_VIIRS_C2_Global_24h.csv,2026-09-22 13:46:18.797039+00:00
113775866c300f7e,27.73368,9.18431,2026-09-21 12:04:00+00:00,2026-09-21,1204,N20,,0.6,nominal,342.1,307.65,0.55,0.51,2.0,D,2.0NRT,VIIRS_NOAA20_C2,https://firms.modaps.eosdis.nasa.gov/data/active_fire/noaa-20-viirs-c2/csv/J1_VIIRS_C2_Global_24h.csv,2026-09-22 13:46:18.797039+00:00
38d597f151448bfc,27.75768,9.18342,2026-09-21 12:04:00+00:00,2026-09-21,1204,N20,,0.6,nominal,353.81,307.44,0.55,0.51,12.99,D,2.0NRT,VIIRS_NOAA20_C2,https://firms.modaps.eosdis.nasa.gov/data/active_fire/noaa-20-viirs-c2/csv/J1_VIIRS_C2_Global_24h.csv,2026-09-22 13:46:18.797039+00:00
76039e8b35a2aa77,27.75653,9.17801,2026-09-21 12:04:00+00:00,2026-09-21,1204,N20,,0.6,nominal,343.09,308.12,0.55,0.51,12.99,D,2.0NRT,VIIRS_NOAA20_C2,https://firms.modaps.eosdis.nasa.gov/data/active_fire/noaa-20-viirs-c2/csv/J1_VIIRS_C2_Global_24h.csv,2026-09-22 13:46:18.797039+00:00
1336b053380ebe0b,27.75703,9.18698,2026-09-21 12:04:00+00:00,2026-09-21,1204,N20,,0.6,nominal,344.98,307.28,0.55,0.51,12.27,D,2.0NRT,VIIRS_NOAA20_C2,https://firms.modaps.eosdis.nasa.gov/data/active_fire/noaa-20-viirs-c2/csv/J1_VIIRS_C2_Global_24h.csv,2026-09-22 13:46:18.797039+00:00
da9cd6c5a8d709d0,27.75584,9.1816,2026-09-21 12:04:00+00:00,2026-09-21,1204,N20,,0.6,nominal,350.63,308.2,0.55,0.51,12.27,D,2.0NRT,VIIRS_NOAA20_C2,https://firms.modaps.eosdis.nasa.gov/data/active_fire/noaa-20-viirs-c2/csv/J1_VIIRS_C2_Global_24h.csv,2026-09-22 13:46:18.797039+00:00
9abae0844eb63702,27.9243,9.24957,2026-09-21 12:04:00+00:00,2026-09-21,1204,N20,,0.6,nominal,340.69,305.77,0.54,0.51,2.8,D,2.0NRT,VIIRS_NOAA20_C2,https://firms.modaps.eosdis.nasa.gov/data/active_fire/noaa-20-viirs-c2/csv/J1_VIIRS_C2_Global_24h.csv,2026-09-22 13:46:18.797039+00:00
3ab90a271625db36,28.07724,9.79093,2026-09-21 12:04:00+00:00,2026-09-21,1204,N20,,0.6,nominal,345.11,308.33,0.5,0.49,17.39,D,2.0NRT,VIIRS_NOAA20_C2,https://firms.modaps.eosdis.nasa.gov/data/active_fire/noaa-20-viirs-c2/csv/J1_VIIRS_C2_Global_24h.csv,2026-09-22 13:46:18.797039+00:00
15c48fb5d26547dd,28.45026,9.13764,2026-09-21 12:04:00+00:00,2026-09-21,1204,N20,,0.6,nominal,349.04,310.11,0.53,0.5,23.04,D,2.0NRT,VIIRS_NOAA20_C2,https://firms.modaps.eosdis.nasa.gov/data/active_fire/noaa-20-viirs-c2/csv/J1_VIIRS_C2_Global_24h.csv,2026-09-22 13:46:18.797039+00:00
54d649d8f9b45bc5,28.6602,9.84192,2026-09-21 12:04:00+00:00,2026-09-21,1204,N20,,0.6,nominal,339.96,305.73,0.48,0.48,8.62,D,2.0NRT,VIIRS_NOAA20_C2,https://firms.modaps.eosdis.nasa.gov/data/active_fire/noaa-20-viirs-c2/csv/J1_VIIRS_C2_Global_24h.csv,2026-09-22 13:46:18.797039+00:00
d43139ae4fa56baf,28.66042,9.83955,2026-09-21 12:04:00+00:00,2026-09-21,1204,N20,,0.6,nominal,344.68,306.83,0.48,0.48,3.97,D,2.0NRT,VIIRS_NOAA20_C2,https://firms.modaps.eosdis.nasa.gov/data/active_fire/noaa-20-viirs-c2/csv/J1_VIIRS_C2_Global_24h.csv,2026-09-22 13:46:18.797039+00:00
877e8d960ee6ca97,28.73638,9.78869,2026-09-21 12:04:00+00:00,2026-09-21,1204,N20,,0.6,nominal,344.59,308.2,0.48,0.48,4.28,D,2.0NRT,VIIRS_NOAA20_C2,https://firms.modaps.eosdis.nasa.gov/data/active_fire/noaa-20-viirs-c2/csv/J1_VIIRS_C2_Global_24h.csv,2026-09-22 13:46:18.797039+00:00
295b892aa48ee1eb,28.73132,9.15535,2026-09-21 12:04:00+00:00,2026-09-21,1204,N20,,0.6,nominal,336.9,305.59,0.52,0.5,4.44,D,2.0NRT,VIIRS_NOAA20_C2,https://firms.modaps.eosdis.nasa.gov/data/active_fire/noaa-20-viirs-c2/csv/J1_VIIRS_C2_Global_24h.csv,2026-09-22 13:46:18.797039+00:00
dabd43113ce78a16,28.73188,9.15346,2026-09-21 12:04:00+00:00,2026-09-21,1204,N20,,0.6,nominal,338.46,306.6,0.52,0.5,7.86,D,2.0NRT,VIIRS_NOAA20_C2,https://firms.modaps.eosdis.nasa.gov/data/active_fire/noaa-20-viirs-c2/csv/J1_VIIRS_C2_Global_24h.csv,2026-09-22 13:46:18.797039+00:00
e768f0e176cb9d03,28.92033,9.74739,2026-09-21 12:04:00+00:00,2026-09-21,1204,N20,,0.2,low,337.96,307.97,0.48,0.48,3.5,D,2.0NRT,VIIRS_NOAA20_C2,https://firms.modaps.eosdis.nasa.gov/data/active_fire/noaa-20-viirs-c2/csv/J1_VIIRS_C2_Global_24h.csv,2026-09-22 13:46:18.797039+00:00
6b9f3a527375b1e2,28.68564,7.19632,2026-09-21 12:04:00+00:00,2026-09-21,1204,N20,,0.6,nominal,346.01,307.92,0.34,0.56,11.04,D,2.0NRT,VIIRS_NOAA20_C2,https://firms.modaps.eosdis.nasa.gov/data/active_fire/noaa-20-viirs-c2/csv/J1_VIIRS_C2_Global_24h.csv,2026-09-22 13:46:18.797039+00:00
f88dc5170f746bb3,29.26581,6.49501,2026-09-21 12:04:00+00:00,2026-09-21,1204,N20,,0.6,nominal,337.24,305.57,0.37,0.58,7.95,D,2.0NRT,VIIRS_NOAA20_C2,https://firms.modaps.eosdis.nasa.gov/data/active_fire/noaa-20-viirs-c2/csv/J1_VIIRS_C2_Global_24h.csv,2026-09-22 13:46:18.797039+00:00
9566bc319812805d,29.66866,6.72688,2026-09-21 12:04:00+00:00,2026-09-21,1204,N20,,0.6,nominal,347.4,304.14,0.35,0.57,6.34,D,2.0NRT,VIIRS_NOAA20_C2,https://firms.modaps.eosdis.nasa.gov/data/active_fire/noaa-20-viirs-c2/csv/J1_VIIRS_C2_Global_24h.csv,2026-09-22 13:46:18.797039+00:00
e304a9a66d9d55f8,29.69725,6.71058,2026-09-21 12:04:00+00:00,2026-09-21,1204,N20,,0.6,nominal,336.24,304.68,0.35,0.57,5.45,D,2.0NRT,VIIRS_NOAA20_C2,https://firms.modaps.eosdis.nasa.gov/data/active_fire/noaa-20-viirs-c2/csv/J1_VIIRS_C2_Global_24h.csv,2026-09-22 13:46:18.797039+00:00
e61148921f9a3ea6,29.69561,6.7036,2026-09-21 12:04:00+00:00,2026-09-21,1204,N20,,0.6,nominal,344.75,304.49,0.35,0.57,6.21,D,2.0NRT,VIIRS_NOAA20_C2,https://firms.modaps.eosdis.nasa.gov/data/active_fire/noaa-20-viirs-c2/csv/J1_VIIRS_C2_Global_24h.csv,2026-09-22 13:46:18.797039+00:00
59e7bbca5544922d,30.32664,7.79191,2026-09-21 12:04:00+00:00,2026-09-21,1204,N20,,0.6,nominal,340.26,306.39,0.58,0.52,7.86,D,2.0NRT,VIIRS_NOAA20_C2,https://firms.modaps.eosdis.nasa.gov/data/active_fire/noaa-20-viirs-c2/csv/J1_VIIRS_C2_Global_24h.csv,2026-09-22 13:46:18.797039+00:00
42300cd296257eb2,30.3266,7.79017,2026-09-21 12:04:00+00:00,2026-09-21,1204,N20,,0.6,nominal,341.2,306.02,0.58,0.52,8.48,D,2.0NRT,VIIRS_NOAA20_C2,https://firms.modaps.eosdis.nasa.gov/data/active_fire/noaa-20-viirs-c2/csv/J1_VIIRS_C2_Global_24h.csv,2026-09-22 13:46:18.797039+00:00
c8f7090586e236b3,29.89933,5.70598,2026-09-21 12:04:00+00:00,2026-09-21,1204,N20,,0.2,low,330.07,303.95,0.39,0.6,8.29,D,2.0NRT,VIIRS_NOAA20_C2,https://firms.modaps.eosdis.nasa.gov/data/active_fire/noaa-20-viirs-c2/csv/J1_VIIRS_C2_Global_24h.csv,2026-09-22 13:46:18.797039+00:00
3051bce050079fd6,30.65709,8.10092,2026-09-21 12:04:00+00:00,2026-09-21,1204,N20,,0.6,nominal,340.82,302.14,0.55,0.51,12.09,D,2.0NRT,VIIRS_NOAA20_C2,https://firms.modaps.eosdis.nasa.gov/data/active_fire/noaa-20-viirs-c2/csv/J1_VIIRS_C2_Global_24h.csv,2026-09-22 13:46:18.797039+00:00
b0dbbf9db0c1733b,31.35288,10.98311,2026-09-21 12:04:00+00:00,2026-09-21,1204,N20,,0.6,nominal,340.45,307.03,0.55,0.43,4.94,D,2.0NRT,VIIRS_NOAA20_C2,https://firms.modaps.eosdis.nasa.gov/data/active_fire/noaa-20-viirs-c2/csv/J1_VIIRS_C2_Global_24h.csv,2026-09-22 13:46:18.797039+00:00
bc232798ad4623b0,31.05562,8.038,2026-09-21 12:04:00+00:00,2026-09-21,1204,N20,,0.6,nominal,344.1,298.73,0.54,0.51,7.03,D,2.0NRT,VIIRS_NOAA20_C2,https://firms.modaps.eosdis.nasa.gov/data/active_fire/noaa-20-viirs-c2/csv/J1_VIIRS_C2_Global_24h.csv,2026-09-22 13:46:18.797039+00:00
ef171499ef02fb07,31.05438,8.03249,2026-09-21 12:04:00+00:00,2026-09-21,1204,N20,,0.6,nominal,340.87,298.16,0.54,0.51,2.97,D,2.0NRT,VIIRS_NOAA20_C2,https://firms.modaps.eosdis.nasa.gov/data/active_fire/noaa-20-viirs-c2/csv/J1_VIIRS_C2_Global_24h.csv,2026-09-22 13:46:18.797039+00:00
ec9a3ac18b04dd0a,31.08748,7.83162,2026-09-21 12:04:00+00:00,2026-09-21,1204,N20,,0.6,nominal,341.16,297.07,0.56,0.51,4.94,D,2.0NRT,VIIRS_NOAA20_C2,https://firms.modaps.eosdis.nasa.gov/data/active_fire/noaa-20-viirs-c2/csv/J1_VIIRS_C2_Global_24h.csv,2026-09-22 13:46:18.797039+00:00
9652177a020f4074,31.08979,7.8296,2026-09-21 12:04:00+00:00,2026-09-21,1204,N20,,0.6,nominal,336.98,297.24,0.56,0.51,3.27,D,2.0NRT,VIIRS_NOAA20_C2,https://firms.modaps.eosdis.nasa.gov/data/active_fire/noaa-20-viirs-c2/csv/J1_VIIRS_C2_Global_24h.csv,2026-09-22 13:46:18.797039+00:00
02f95d369716fdb2,36.15556,8.72752,2026-09-21 12:06:00+00:00,2026-09-21,1206,N20,,0.6,nominal,341.37,299.76,0.39,0.44,4.64,D,2.0NRT,VIIRS_NOAA20_C2,https://firms.modaps.eosdis.nasa.gov/data/active_fire/noaa-20-viirs-c2/csv/J1_VIIRS_C2_Global_24h.csv,2026-09-22 13:46:18.797039+00:00
f5e2f6df17da4c0e,36.15756,8.72722,2026-09-21 12:06:00+00:00,2026-09-21,1206,N20,,0.6,nominal,337.0,298.47,0.39,0.44,5.04,D,2.0NRT,VIIRS_NOAA20_C2,https://firms.modaps.eosdis.nasa.gov/data/active_fire/noaa-20-viirs-c2/csv/J1_VIIRS_C2_Global_24h.csv,2026-09-22 13:46:18.797039+00:00
e6c5747a570b1deb,36.50713,10.43154,2026-09-21 12:06:00+00:00,2026-09-21,1206,N20,,0.6,nominal,333.3,296.0,0.48,0.4,3.7,D,2.0NRT,VIIRS_NOAA20_C2,https://firms.modaps.eosdis.nasa.gov/data/active_fire/noaa-20-viirs-c2/csv/J1_VIIRS_C2_Global_24h.csv,2026-09-22 13:46:18.797039+00:00
ffe96d3bd733d2ec,36.34128,8.55634,2026-09-21 12:06:00+00:00,2026-09-21,1206,N20,,0.6,nominal,356.04,297.3,0.39,0.44,4.24,D,2.0NRT,VIIRS_NOAA20_C2,https://firms.modaps.eosdis.nasa.gov/data/active_fire/noaa-20-viirs-c2/csv/J1_VIIRS_C2_Global_24h.csv,2026-09-22 13:46:18.797039+00:00
a7f5371989ad26f2,36.34302,8.55747,2026-09-21 12:06:00+00:00,2026-09-21,1206,N20,,0.6,nominal,344.08,298.69,0.39,0.44,5.2,D,2.0NRT,VIIRS_NOAA20_C2,https://firms.modaps.eosdis.nasa.gov/data/active_fire/noaa-20-viirs-c2/csv/J1_VIIRS_C2_Global_24h.csv,2026-09-22 13:46:18.797039+00:00
7e3784f0d78779b8,36.34214,8.55331,2026-09-21 12:06:00+00:00,2026-09-21,1206,N20,,0.6,nominal,339.18,300.37,0.39,0.44,3.54,D,2.0NRT,VIIRS_NOAA20_C2,https://firms.modaps.eosdis.nasa.gov/data/active_fire/noaa-20-viirs-c2/csv/J1_VIIRS_C2_Global_24h.csv,2026-09-22 13:46:18.797039+00:00
83a84081e4e5d4e2,36.73421,9.58734,2026-09-21 12:06:00+00:00,2026-09-21,1206,N20,,0.6,nominal,345.48,298.85,0.52,0.42,12.34,D,2.0NRT,VIIRS_NOAA20_C2,https://firms.modaps.eosdis.nasa.gov/data/active_fire/noaa-20-viirs-c2/csv/J1_VIIRS_C2_Global_24h.csv,2026-09-22 13:46:18.797039+00:00
22169fe8b3f39d46,36.76702,9.19915,2026-09-21 12:06:00+00:00,2026-09-21,1206,N20,,0.6,nominal,344.0,303.33,0.54,0.42,11.68,D,2.0NRT,VIIRS_NOAA20_C2,https://firms.modaps.eosdis.nasa.gov/data/active_fire/noaa-20-viirs-c2/csv/J1_VIIRS_C2_Global_24h.csv,2026-09-22 13:46:18.797039+00:00
e377dec52ee9671f,36.7708,9.19794,2026-09-21 12:06:00+00:00,2026-09-21,1206,N20,,0.6,nominal,348.27,302.82,0.54,0.42,11.68,D,2.0NRT,VIIRS_NOAA20_C2,https://firms.modaps.eosdis.nasa.gov/data/active_fire/noaa-20-viirs-c2/csv/J1_VIIRS_C2_Global_24h.csv,2026-09-22 13:46:18.797039+00:00
b10f92192e952f08,36.76958,9.19191,2026-09-21 12:06:00+00:00,2026-09-21,1206,N20,,0.6,nominal,332.74,300.15,0.54,0.42,11.68,D,2.0NRT,VIIRS_NOAA20_C2,https://firms.modaps.eosdis.nasa.gov/data/active_fire/noaa-20-viirs-c2/csv/J1_VIIRS_C2_Global_24h.csv,2026-09-22 13:46:18.797039+00:00
2eb8723df0c2ce7d,36.7746,9.19682,2026-09-21 12:06:00+00:00,2026-09-21,1206,N20,,0.6,nominal,330.91,297.13,0.54,0.42,3.46,D,2.0NRT,VIIRS_NOAA20_C2,https://firms.modaps.eosdis.nasa.gov/data/active_fire/noaa-20-viirs-c2/csv/J1_VIIRS_C2_Global_24h.csv,2026-09-22 13:46:18.797039+00:00
09b3f07cdc69f4bb,36.77339,9.1908,2026-09-21 12:06:00+00:00,2026-09-21,1206,N20,,0.6,nominal,333.01,297.61,0.54,0.42,3.46,D,2.0NRT,VIIRS_NOAA20_C2,https://firms.modaps.eosdis.nasa.gov/data/active_fire/noaa-20-viirs-c2/csv/J1_VIIRS_C2_Global_24h.csv,2026-09-22 13:46:18.797039+00:00
6edab3342932e514,36.88168,9.63532,2026-09-21 12:06:00+00:00,2026-09-21,1206,N20,,0.6,nominal,340.88,298.4,0.52,0.41,6.03,D,2.0NRT,VIIRS_NOAA20_C2,https://firms.modaps.eosdis.nasa.gov/data/active_fire/noaa-20-viirs-c2/csv/J1_VIIRS_C2_Global_24h.csv,2026-09-22 13:46:18.797039+00:00
a686f4a16df3b75b,36.88541,9.6343,2026-09-21 12:06:00+00:00,2026-09-21,1206,N20,,0.6,nominal,342.19,300.75,0.52,0.41,9.53,D,2.0NRT,VIIRS_NOAA20_C2,https://firms.modaps.eosdis.nasa.gov/data/active_fire/noaa-20-viirs-c2/csv/J1_VIIRS_C2_Global_24h.csv,2026-09-22 13:46:18.797039+00:00
8486d645e52650ce,36.88496,9.63153,2026-09-21 12:06:00+00:00,2026-09-21,1206,N20,,0.6,nominal,337.28,300.07,0.51,0.41,10.66,D,2.0NRT,VIIRS_NOAA20_C2,https://firms.modaps.eosdis.nasa.gov/data/active_fire/noaa-20-viirs-c2/csv/J1_VIIRS_C2_Global_24h.csv,2026-09-22 13:46:18.797039+00:00
d79831c5ae63ca9e,37.02658,9.66893,2026-09-21 12:06:00+00:00,2026-09-21,1206,N20,,0.6,nominal,334.48,298.3,0.51,0.41,6.54,D,2.0NRT,VIIRS_NOAA20_C2,https://firms.modaps.eosdis.nasa.gov/data/active_fire/noaa-20-viirs-c2/csv/J1_VIIRS_C2_Global_24h.csv,2026-09-22 13:46:18.797039+00:00
979de38bdc438e1f,37.28138,9.62343,2026-09-21 12:06:00+00:00,2026-09-21,1206,N20,,0.6,nominal,330.02,297.49,0.51,0.41,1.71,D,2.0NRT,VIIRS_NOAA20_C2,https://firms.modaps.eosdis.nasa.gov/data/active_fire/noaa-20-viirs-c2/csv/J1_VIIRS_C2_Global_24h.csv,2026-09-22 13:46:18.797039+00:00
989e114dc53af19d,36.86935,6.98406,2026-09-21 12:06:00+00:00,2026-09-21,1206,N20,,0.6,nominal,342.51,298.08,0.46,0.47,6.46,D,2.0NRT,VIIRS_NOAA20_C2,https://firms.modaps.eosdis.nasa.gov/data/active_fire/noaa-20-viirs-c2/csv/J1_VIIRS_C2_Global_24h.csv,2026-09-22 13:46:18.797039+00:00
71fafa238410d51f,36.22764,3.25257,2026-09-21 12:06:00+00:00,2026-09-21,1206,N20,,0.6,nominal,334.51,303.72,0.38,0.59,2.18,D,2.0NRT,VIIRS_NOAA20_C2,https://firms.modaps.eosdis.nasa.gov/data/active_fire/noaa-20-viirs-c2/csv/J1_VIIRS_C2_Global_24h.csv,2026-09-22 13:46:18.797039+00:00
a8ed956248c6753e,35.80722,-0.25,2026-09-21 12:06:00+00:00,2026-09-21,1206,N20,,0.6,nominal,335.26,297.78,0.6,0.7,3.42,D,2.0NRT,VIIRS_NOAA20_C2,https://firms.modaps.eosdis.nasa.gov/data/active_fire/noaa-20-viirs-c2/csv/J1_VIIRS_C2_Global_24h.csv,2026-09-22 13:46:18.797039+00:00
96607a02f6a97291,35.81405,-0.27402,2026-09-21 12:06:00+00:00,2026-09-21,1206,N20,,0.6,nominal,331.49,298.13,0.6,0.71,1.53,D,2.0NRT,VIIRS_NOAA20_C2,https://firms.modaps.eosdis.nasa.gov/data/active_fire/noaa-20-viirs-c2/csv/J1_VIIRS_C2_Global_24h.csv,2026-09-22 13:46:18.797039+00:00
57d34c78d663f0cd,35.8083,-0.25186,2026-09-21 12:06:00+00:00,2026-09-21,1206,N20,,0.6,nominal,336.44,297.8,0.6,0.7,4.22,D,2.0NRT,VIIRS_NOAA20_C2,https://firms.modaps.eosdis.nasa.gov/data/active_fire/noaa-20-viirs-c2/csv/J1_VIIRS_C2_Global_24h.csv,2026-09-22 13:46:18.797039+00:00
18fdfcc1402a8ad1,29.7349,6.75038,2026-09-21 13:44:00+00:00,2026-09-21,1344,N20,,0.6,nominal,339.67,298.59,0.73,0.76,7.02,D,2.0NRT,VIIRS_NOAA20_C2,https://firms.modaps.eosdis.nasa.gov/data/active_fire/noaa-20-viirs-c2/csv/J1_VIIRS_C2_Global_24h.csv,2026-09-22 13:46:18.797039+00:00
6180870a72ffd111,29.7394,6.74888,2026-09-21 13:44:00+00:00,2026-09-21,1344,N20,,0.6,nominal,342.17,299.6,0.73,0.76,6.88,D,2.0NRT,VIIRS_NOAA20_C2,https://firms.modaps.eosdis.nasa.gov/data/active_fire/noaa-20-viirs-c2/csv/J1_VIIRS_C2_Global_24h.csv,2026-09-22 13:46:18.797039+00:00
29ab2525999450df,32.84752,-6.94075,2026-09-21 13:46:00+00:00,2026-09-21,1346,N20,,0.2,low,341.99,316.06,0.42,0.38,13.23,D,2.0NRT,VIIRS_NOAA20_C2,https://firms.modaps.eosdis.nasa.gov/data/active_fire/noaa-20-viirs-c2/csv/J1_VIIRS_C2_Global_24h.csv,2026-09-22 13:46:18.797039+00:00
b49a5e4f650ab746,33.86224,-7.00863,2026-09-21 13:46:00+00:00,2026-09-21,1346,N20,,0.2,low,334.06,307.78,0.42,0.38,1.38,D,2.0NRT,VIIRS_NOAA20_C2,https://firms.modaps.eosdis.nasa.gov/data/active_fire/noaa-20-viirs-c2/csv/J1_VIIRS_C2_Global_24h.csv,2026-09-22 13:46:18.797039+00:00
aa579714237106ea,34.29695,-4.02643,2026-09-21 13:46:00+00:00,2026-09-21,1346,N20,,0.6,nominal,345.26,308.7,0.38,0.43,4.49,D,2.0NRT,VIIRS_NOAA20_C2,https://firms.modaps.eosdis.nasa.gov/data/active_fire/noaa-20-viirs-c2/csv/J1_VIIRS_C2_Global_24h.csv,2026-09-22 13:46:18.797039+00:00
fdd38c131223dbf8,34.09171,-6.7727,2026-09-21 13:46:00+00:00,2026-09-21,1346,N20,,0.2,low,333.97,308.02,0.43,0.38,2.19,D,2.0NRT,VIIRS_NOAA20_C2,https://firms.modaps.eosdis.nasa.gov/data/active_fire/noaa-20-viirs-c2/csv/J1_VIIRS_C2_Global_24h.csv,2026-09-22 13:46:18.797039+00:00
8b35e877625f7118,34.49597,-6.31439,2026-09-21 13:46:00+00:00,2026-09-21,1346,N20,,0.2,low,336.43,309.02,0.45,0.39,6.1,D,2.0NRT,VIIRS_NOAA20_C2,https://firms.modaps.eosdis.nasa.gov/data/active_fire/noaa-20-viirs-c2/csv/J1_VIIRS_C2_Global_24h.csv,2026-09-22 13:46:18.797039+00:00
7c360d0788fceb0f,35.51742,1.04258,2026-09-21 13:46:00+00:00,2026-09-21,1346,N20,,0.6,nominal,354.68,302.78,0.38,0.59,5.7,D,2.0NRT,VIIRS_NOAA20_C2,https://firms.modaps.eosdis.nasa.gov/data/active_fire/noaa-20-viirs-c2/csv/J1_VIIRS_C2_Global_24h.csv,2026-09-22 13:46:18.797039+00:00
e2959ebd2455c1db,35.80746,-0.2516,2026-09-21 13:46:00+00:00,2026-09-21,1346,N20,,0.6,nominal,340.02,301.25,0.32,0.55,2.55,D,2.0NRT,VIIRS_NOAA20_C2,https://firms.modaps.eosdis.nasa.gov/data/active_fire/noaa-20-viirs-c2/csv/J1_VIIRS_C2_Global_24h.csv,2026-09-22 13:46:18.797039+00:00
d4104ccc0b57ba38,35.81146,-0.26667,2026-09-21 13:46:00+00:00,2026-09-21,1346,N20,,0.6,nominal,340.39,300.94,0.32,0.55,1.95,D,2.0NRT,VIIRS_NOAA20_C2,https://firms.modaps.eosdis.nasa.gov/data/active_fire/noaa-20-viirs-c2/csv/J1_VIIRS_C2_Global_24h.csv,2026-09-22 13:46:18.797039+00:00
87c5079e8e22ef13,37.83602,-4.70052,2026-09-21 13:46:00+00:00,2026-09-21,1346,N20,,0.6,nominal,342.92,313.85,0.39,0.44,3.8,D,2.0NRT,VIIRS_NOAA20_C2,https://firms.modaps.eosdis.nasa.gov/data/active_fire/noaa-20-viirs-c2/csv/J1_VIIRS_C2_Global_24h.csv,2026-09-22 13:46:18.797039+00:00
894824791b5f5470,36.77944,10.19905,2026-09-22 00:26:00+00:00,2026-09-22,0026,N20,,0.6,nominal,304.15,289.99,0.44,0.62,0.57,N,2.0NRT,VIIRS_NOAA20_C2,https://firms.modaps.eosdis.nasa.gov/data/active_fire/noaa-20-viirs-c2/csv/J1_VIIRS_C2_Global_24h.csv,2026-09-22 13:46:18.797039+00:00
f108e1df05e23784,36.87027,6.97565,2026-09-22 00:26:00+00:00,2026-09-22,0026,N20,,0.6,nominal,332.78,289.25,0.67,0.73,3.56,N,2.0NRT,VIIRS_NOAA20_C2,https://firms.modaps.eosdis.nasa.gov/data/active_fire/noaa-20-viirs-c2/csv/J1_VIIRS_C2_Global_24h.csv,2026-09-22 13:46:18.797039+00:00
0e993f612c6d0173,36.87045,6.96761,2026-09-22 00:26:00+00:00,2026-09-22,0026,N20,,0.6,nominal,302.89,287.95,0.67,0.73,3.56,N,2.0NRT,VIIRS_NOAA20_C2,https://firms.modaps.eosdis.nasa.gov/data/active_fire/noaa-20-viirs-c2/csv/J1_VIIRS_C2_Global_24h.csv,2026-09-22 13:46:18.797039+00:00
7a532ffb018e40d1,36.8641,6.94413,2026-09-22 00:26:00+00:00,2026-09-22,0026,N20,,0.6,nominal,300.12,287.97,0.67,0.74,1.33,N,2.0NRT,VIIRS_NOAA20_C2,https://firms.modaps.eosdis.nasa.gov/data/active_fire/noaa-20-viirs-c2/csv/J1_VIIRS_C2_Global_24h.csv,2026-09-22 13:46:18.797039+00:00
5412d9b657742996,36.86394,6.9518,2026-09-22 00:26:00+00:00,2026-09-22,0026,N20,,0.6,nominal,305.36,288.18,0.67,0.74,1.72,N,2.0NRT,VIIRS_NOAA20_C2,https://firms.modaps.eosdis.nasa.gov/data/active_fire/noaa-20-viirs-c2/csv/J1_VIIRS_C2_Global_24h.csv,2026-09-22 13:46:18.797039+00:00
74c4c05a841e5cbc,36.86945,6.9735,2026-09-22 00:26:00+00:00,2026-09-22,0026,N20,,0.6,nominal,330.69,289.23,0.67,0.73,4.93,N,2.0NRT,VIIRS_NOAA20_C2,https://firms.modaps.eosdis.nasa.gov/data/active_fire/noaa-20-viirs-c2/csv/J1_VIIRS_C2_Global_24h.csv,2026-09-22 13:46:18.797039+00:00
ceab03ab81f00987,36.86324,6.94991,2026-09-22 00:26:00+00:00,2026-09-22,0026,N20,,0.6,nominal,305.45,288.21,0.67,0.74,1.44,N,2.0NRT,VIIRS_NOAA20_C2,https://firms.modaps.eosdis.nasa.gov/data/active_fire/noaa-20-viirs-c2/csv/J1_VIIRS_C2_Global_24h.csv,2026-09-22 13:46:18.797039+00:00
4b3ba5a6f28058ef,36.74527,6.24634,2026-09-22 00:26:00+00:00,2026-09-22,0026,N20,,0.6,nominal,310.86,288.93,0.73,0.76,3.66,N,2.0NRT,VIIRS_NOAA20_C2,https://firms.modaps.eosdis.nasa.gov/data/active_fire/noaa-20-viirs-c2/csv/J1_VIIRS_C2_Global_24h.csv,2026-09-22 13:46:18.797039+00:00
c04a39cd03d6e1a3,36.74515,6.25457,2026-09-22 00:26:00+00:00,2026-09-22,0026,N20,,0.6,nominal,303.3,287.22,0.73,0.76,2.67,N,2.0NRT,VIIRS_NOAA20_C2,https://firms.modaps.eosdis.nasa.gov/data/active_fire/noaa-20-viirs-c2/csv/J1_VIIRS_C2_Global_24h.csv,2026-09-22 13:46:18.797039+00:00
8c4a71006c56946c,36.74798,6.24725,2026-09-22 00:26:00+00:00,2026-09-22,0026,N20,,0.6,nominal,316.35,288.68,0.73,0.76,2.37,N,2.0NRT,VIIRS_NOAA20_C2,https://firms.modaps.eosdis.nasa.gov/data/active_fire/noaa-20-viirs-c2/csv/J1_VIIRS_C2_Global_24h.csv,2026-09-22 13:46:18.797039+00:00
3871e321afdc948a,36.74782,6.25546,2026-09-22 00:26:00+00:00,2026-09-22,0026,N20,,0.6,nominal,299.05,287.23,0.73,0.76,2.37,N,2.0NRT,VIIRS_NOAA20_C2,https://firms.modaps.eosdis.nasa.gov/data/active_fire/noaa-20-viirs-c2/csv/J1_VIIRS_C2_Global_24h.csv,2026-09-22 13:46:18.797039+00:00
89604c4b0f751e88,36.503,10.02401,2026-09-22 00:26:00+00:00,2026-09-22,0026,N20,,0.6,nominal,302.83,287.99,0.45,0.63,0.58,N,2.0NRT,VIIRS_NOAA20_C2,https://firms.modaps.eosdis.nasa.gov/data/active_fire/noaa-20-viirs-c2/csv/J1_VIIRS_C2_Global_24h.csv,2026-09-22 13:46:18.797039+00:00
a975490717b82c1c,35.35106,5.75682,2026-09-22 00:26:00+00:00,2026-09-22,0026,N20,,0.6,nominal,309.76,285.8,0.77,0.77,1.92,N,2.0NRT,VIIRS_NOAA20_C2,https://firms.modaps.eosdis.nasa.gov/data/active_fire/noaa-20-viirs-c2/csv/J1_VIIRS_C2_Global_24h.csv,2026-09-22 13:46:18.797039+00:00
52fb742ee9021182,35.3485,5.75354,2026-09-22 00:26:00+00:00,2026-09-22,0026,N20,,0.6,nominal,298.89,284.67,0.77,0.77,1.26,N,2.0NRT,VIIRS_NOAA20_C2,https://firms.modaps.eosdis.nasa.gov/data/active_fire/noaa-20-viirs-c2/csv/J1_VIIRS_C2_Global_24h.csv,2026-09-22 13:46:18.797039+00:00
4f51801b17394a1e,34.9846,5.70657,2026-09-22 00:26:00+00:00,2026-09-22,0026,N20,,0.6,nominal,298.36,286.93,0.77,0.77,0.89,N,2.0NRT,VIIRS_NOAA20_C2,https://firms.modaps.eosdis.nasa.gov/data/active_fire/noaa-20-viirs-c2/csv/J1_VIIRS_C2_Global_24h.csv,2026-09-22 13:46:18.797039+00:00
c0b537bdd1701095,34.98226,5.70968,2026-09-22 00:26:00+00:00,2026-09-22,0026,N20,,0.6,nominal,303.67,287.75,0.77,0.77,1.96,N,2.0NRT,VIIRS_NOAA20_C2,https://firms.modaps.eosdis.nasa.gov/data/active_fire/noaa-20-viirs-c2/csv/J1_VIIRS_C2_Global_24h.csv,2026-09-22 13:46:18.797039+00:00
3bea458d0014f3fc,33.87387,9.98984,2026-09-22 00:26:00+00:00,2026-09-22,0026,N20,,0.6,nominal,302.87,288.48,0.43,0.62,0.88,N,2.0NRT,VIIRS_NOAA20_C2,https://firms.modaps.eosdis.nasa.gov/data/active_fire/noaa-20-viirs-c2/csv/J1_VIIRS_C2_Global_24h.csv,2026-09-22 13:46:18.797039+00:00
85eb88dc94c3e9d6,31.95874,11.14314,2026-09-22 00:28:00+00:00,2026-09-22,0028,N20,,0.6,nominal,315.95,287.2,0.35,0.57,1.07,N,2.0NRT,VIIRS_NOAA20_C2,https://firms.modaps.eosdis.nasa.gov/data/active_fire/noaa-20-viirs-c2/csv/J1_VIIRS_C2_Global_24h.csv,2026-09-22 13:46:18.797039+00:00
2d0618d6b3dbbd67,31.9641,5.20888,2026-09-22 00:28:00+00:00,2026-09-22,0028,N20,,0.6,nominal,296.5,279.23,0.79,0.78,2.36,N,2.0NRT,VIIRS_NOAA20_C2,https://firms.modaps.eosdis.nasa.gov/data/active_fire/noaa-20-viirs-c2/csv/J1_VIIRS_C2_Global_24h.csv,2026-09-22 13:46:18.797039+00:00
e6fddc67fa383ebf,31.85496,6.03303,2026-09-22 00:28:00+00:00,2026-09-22,0028,N20,,0.6,nominal,296.39,283.12,0.7,0.75,1.31,N,2.0NRT,VIIRS_NOAA20_C2,https://firms.modaps.eosdis.nasa.gov/data/active_fire/noaa-20-viirs-c2/csv/J1_VIIRS_C2_Global_24h.csv,2026-09-22 13:46:18.797039+00:00
8a7e2fa8100c6633,31.85468,6.04053,2026-09-22 00:28:00+00:00,2026-09-22,0028,N20,,0.6,nominal,297.12,283.21,0.7,0.75,1.31,N,2.0NRT,VIIRS_NOAA20_C2,https://firms.modaps.eosdis.nasa.gov/data/active_fire/noaa-20-viirs-c2/csv/J1_VIIRS_C2_Global_24h.csv,2026-09-22 13:46:18.797039+00:00
b26dd87873274ef2,31.8544,6.04822,2026-09-22 00:28:00+00:00,2026-09-22,0028,N20,,0.6,nominal,297.21,283.01,0.7,0.75,0.93,N,2.0NRT,VIIRS_NOAA20_C2,https://firms.modaps.eosdis.nasa.gov/data/active_fire/noaa-20-viirs-c2/csv/J1_VIIRS_C2_Global_24h.csv,2026-09-22 13:46:18.797039+00:00
4d005baf9fae8695,31.84744,6.04807,2026-09-22 00:28:00+00:00,2026-09-22,0028,N20,,0.6,nominal,298.22,282.63,0.7,0.75,0.93,N,2.0NRT,VIIRS_NOAA20_C2,https://firms.modaps.eosdis.nasa.gov/data/active_fire/noaa-20-viirs-c2/csv/J1_VIIRS_C2_Global_24h.csv,2026-09-22 13:46:18.797039+00:00
b46136e5977ea4e5,31.79852,6.05266,2026-09-22 00:28:00+00:00,2026-09-22,0028,N20,,0.6,nominal,302.24,281.48,0.7,0.75,1.79,N,2.0NRT,VIIRS_NOAA20_C2,https://firms.modaps.eosdis.nasa.gov/data/active_fire/noaa-20-viirs-c2/csv/J1_VIIRS_C2_Global_24h.csv,2026-09-22 13:46:18.797039+00:00
60412c106c3c0d2f,31.79131,6.05984,2026-09-22 00:28:00+00:00,2026-09-22,0028,N20,,0.6,nominal,309.71,280.83,0.7,0.75,2.0,N,2.0NRT,VIIRS_NOAA20_C2,https://firms.modaps.eosdis.nasa.gov/data/active_fire/noaa-20-viirs-c2/csv/J1_VIIRS_C2_Global_24h.csv,2026-09-22 13:46:18.797039+00:00
cf53038317d1bbdd,31.799,6.05613,2026-09-22 00:28:00+00:00,2026-09-22,0028,N20,,0.6,nominal,297.61,281.72,0.7,0.75,0.85,N,2.0NRT,VIIRS_NOAA20_C2,https://firms.modaps.eosdis.nasa.gov/data/active_fire/noaa-20-viirs-c2/csv/J1_VIIRS_C2_Global_24h.csv,2026-09-22 13:46:18.797039+00:00
89d088313f608841,31.79176,6.06329,2026-09-22 00:28:00+00:00,2026-09-22,0028,N20,,0.6,nominal,295.49,281.04,0.7,0.75,2.02,N,2.0NRT,VIIRS_NOAA20_C2,https://firms.modaps.eosdis.nasa.gov/data/active_fire/noaa-20-viirs-c2/csv/J1_VIIRS_C2_Global_24h.csv,2026-09-22 13:46:18.797039+00:00
d2fdaae58df3b914,31.68119,6.04135,2026-09-22 00:28:00+00:00,2026-09-22,0028,N20,,0.6,nominal,301.93,283.96,0.7,0.75,1.32,N,2.0NRT,VIIRS_NOAA20_C2,https://firms.modaps.eosdis.nasa.gov/data/active_fire/noaa-20-viirs-c2/csv/J1_VIIRS_C2_Global_24h.csv,2026-09-22 13:46:18.797039+00:00
fb977b287f31a534,31.66705,6.04787,2026-09-22 00:28:00+00:00,2026-09-22,0028,N20,,0.6,nominal,356.55,284.63,0.7,0.75,7.53,N,2.0NRT,VIIRS_NOAA20_C2,https://firms.modaps.eosdis.nasa.gov/data/active_fire/noaa-20-viirs-c2/csv/J1_VIIRS_C2_Global_24h.csv,2026-09-22 13:46:18.797039+00:00
26a146f58bb49101,31.6668,6.0554,2026-09-22 00:28:00+00:00,2026-09-22,0028,N20,,0.6,nominal,337.67,284.35,0.7,0.75,7.53,N,2.0NRT,VIIRS_NOAA20_C2,https://firms.modaps.eosdis.nasa.gov/data/active_fire/noaa-20-viirs-c2/csv/J1_VIIRS_C2_Global_24h.csv,2026-09-22 13:46:18.797039+00:00
6856adb7c26bf64e,31.66729,6.04036,2026-09-22 00:28:00+00:00,2026-09-22,0028,N20,,0.6,nominal,306.97,283.66,0.7,0.75,6.05,N,2.0NRT,VIIRS_NOAA20_C2,https://firms.modaps.eosdis.nasa.gov/data/active_fire/noaa-20-viirs-c2/csv/J1_VIIRS_C2_Global_24h.csv,2026-09-22 13:46:18.797039+00:00
e0b50be887de7409,31.65986,6.05475,2026-09-22 00:28:00+00:00,2026-09-22,0028,N20,,0.6,nominal,305.99,283.22,0.7,0.75,7.53,N,2.0NRT,VIIRS_NOAA20_C2,https://firms.modaps.eosdis.nasa.gov/data/active_fire/noaa-20-viirs-c2/csv/J1_VIIRS_C2_Global_24h.csv,2026-09-22 13:46:18.797039+00:00
fb452f5ec43b8da0,31.69823,5.80599,2026-09-22 00:28:00+00:00,2026-09-22,0028,N20,,0.6,nominal,296.08,285.04,0.72,0.76,1.34,N,2.0NRT,VIIRS_NOAA20_C2,https://firms.modaps.eosdis.nasa.gov/data/active_fire/noaa-20-viirs-c2/csv/J1_VIIRS_C2_Global_24h.csv,2026-09-22 13:46:18.797039+00:00
d80322cf0a438415,31.68198,6.04355,2026-09-22 00:28:00+00:00,2026-09-22,0028,N20,,0.6,nominal,299.37,283.46,0.7,0.75,0.78,N,2.0NRT,VIIRS_NOAA20_C2,https://firms.modaps.eosdis.nasa.gov/data/active_fire/noaa-20-viirs-c2/csv/J1_VIIRS_C2_Global_24h.csv,2026-09-22 13:46:18.797039+00:00
d0a2603dacc0df20,31.32216,11.79977,2026-09-22 00:28:00+00:00,2026-09-22,0028,N20,,0.6,nominal,310.15,287.07,0.63,0.54,1.85,N,2.0NRT,VIIRS_NOAA20_C2,https://firms.modaps.eosdis.nasa.gov/data/active_fire/noaa-20-viirs-c2/csv/J1_VIIRS_C2_Global_24h.csv,2026-09-22 13:46:18.797039+00:00
b41b76536bb4373c,31.32159,11.80648,2026-09-22 00:28:00+00:00,2026-09-22,0028,N20,,0.6,nominal,305.38,287.21,0.63,0.54,1.85,N,2.0NRT,VIIRS_NOAA20_C2,https://firms.modaps.eosdis.nasa.gov/data/active_fire/noaa-20-viirs-c2/csv/J1_VIIRS_C2_Global_24h.csv,2026-09-22 13:46:18.797039+00:00
d751068238858e21,31.6678,6.05015,2026-09-22 00:28:00+00:00,2026-09-22,0028,N20,,0.6,nominal,350.31,283.94,0.7,0.75,7.37,N,2.0NRT,VIIRS_NOAA20_C2,https://firms.modaps.eosdis.nasa.gov/data/active_fire/noaa-20-viirs-c2/csv/J1_VIIRS_C2_Global_24h.csv,2026-09-22 13:46:18.797039+00:00
3f6aa729cbe8e0d0,31.66809,6.04261,2026-09-22 00:28:00+00:00,2026-09-22,0028,N20,,0.6,nominal,319.17,283.73,0.7,0.75,7.37,N,2.0NRT,VIIRS_NOAA20_C2,https://firms.modaps.eosdis.nasa.gov/data/active_fire/noaa-20-viirs-c2/csv/J1_VIIRS_C2_Global_24h.csv,2026-09-22 13:46:18.797039+00:00
6dc3ef3ab09e9849,31.6675,6.05767,2026-09-22 00:28:00+00:00,2026-09-22,0028,N20,,0.6,nominal,311.31,283.63,0.7,0.75,6.74,N,2.0NRT,VIIRS_NOAA20_C2,https://firms.modaps.eosdis.nasa.gov/data/active_fire/noaa-20-viirs-c2/csv/J1_VIIRS_C2_Global_24h.csv,2026-09-22 13:46:18.797039+00:00
3d40425a1390efd0,31.66086,6.04953,2026-09-22 00:28:00+00:00,2026-09-22,0028,N20,,0.6,nominal,309.81,283.91,0.7,0.75,2.75,N,2.0NRT,VIIRS_NOAA20_C2,https://firms.modaps.eosdis.nasa.gov/data/active_fire/noaa-20-viirs-c2/csv/J1_VIIRS_C2_Global_24h.csv,2026-09-22 13:46:18.797039+00:00
7cea18362b20150a,31.66057,6.05699,2026-09-22 00:28:00+00:00,2026-09-22,0028,N20,,0.6,nominal,309.63,283.5,0.7,0.75,2.6,N,2.0NRT,VIIRS_NOAA20_C2,https://firms.modaps.eosdis.nasa.gov/data/active_fire/noaa-20-viirs-c2/csv/J1_VIIRS_C2_Global_24h.csv,2026-09-22 13:46:18.797039+00:00
8e4f3aaaeda77665,31.59461,5.95395,2026-09-22 00:28:00+00:00,2026-09-22,0028,N20,,0.6,nominal,307.02,282.84,0.71,0.75,1.3,N,2.0NRT,VIIRS_NOAA20_C2,https://firms.modaps.eosdis.nasa.gov/data/active_fire/noaa-20-viirs-c2/csv/J1_VIIRS_C2_Global_24h.csv,2026-09-22 13:46:18.797039+00:00
b263923fdbe1f4d1,31.58789,5.94624,2026-09-22 00:28:00+00:00,2026-09-22,0028,N20,,0.6,nominal,301.62,282.87,0.71,0.75,1.3,N,2.0NRT,VIIRS_NOAA20_C2,https://firms.modaps.eosdis.nasa.gov/data/active_fire/noaa-20-viirs-c2/csv/J1_VIIRS_C2_Global_24h.csv,2026-09-22 13:46:18.797039+00:00
1ab70c2b3fabd844,31.59567,5.95382,2026-09-22 00:28:00+00:00,2026-09-22,0028,N20,,0.6,nominal,305.99,282.73,0.71,0.75,0.96,N,2.0NRT,VIIRS_NOAA20_C2,https://firms.modaps.eosdis.nasa.gov/data/active_fire/noaa-20-viirs-c2/csv/J1_VIIRS_C2_Global_24h.csv,2026-09-22 13:46:18.797039+00:00
87870e36f63d16d3,31.58899,5.94613,2026-09-22 00:28:00+00:00,2026-09-22,0028,N20,,0.6,nominal,298.91,283.3,0.71,0.75,1.14,N,2.0NRT,VIIRS_NOAA20_C2,https://firms.modaps.eosdis.nasa.gov/data/active_fire/noaa-20-viirs-c2/csv/J1_VIIRS_C2_Global_24h.csv,2026-09-22 13:46:18.797039+00:00
9b81569abcbe051b,31.5887,5.95348,2026-09-22 00:28:00+00:00,2026-09-22,0028,N20,,0.6,nominal,295.46,283.55,0.71,0.75,1.09,N,2.0NRT,VIIRS_NOAA20_C2,https://firms.modaps.eosdis.nasa.gov/data/active_fire/noaa-20-viirs-c2/csv/J1_VIIRS_C2_Global_24h.csv,2026-09-22 13:46:18.797039+00:00
c3af8147c7f6a765,31.40779,5.96741,2026-09-22 00:28:00+00:00,2026-09-22,0028,N20,,0.6,nominal,308.19,284.1,0.7,0.75,1.23,N,2.0NRT,VIIRS_NOAA20_C2,https://firms.modaps.eosdis.nasa.gov/data/active_fire/noaa-20-viirs-c2/csv/J1_VIIRS_C2_Global_24h.csv,2026-09-22 13:46:18.797039+00:00
858e696c20ea8041,31.40751,5.97509,2026-09-22 00:28:00+00:00,2026-09-22,0028,N20,,0.6,nominal,295.75,284.0,0.7,0.75,1.23,N,2.0NRT,VIIRS_NOAA20_C2,https://firms.modaps.eosdis.nasa.gov/data/active_fire/noaa-20-viirs-c2/csv/J1_VIIRS_C2_Global_24h.csv,2026-09-22 13:46:18.797039+00:00
ea3126eabbe97373,31.36341,6.04013,2026-09-22 00:28:00+00:00,2026-09-22,0028,N20,,0.6,nominal,331.33,283.84,0.7,0.75,5.84,N,2.0NRT,VIIRS_NOAA20_C2,https://firms.modaps.eosdis.nasa.gov/data/active_fire/noaa-20-viirs-c2/csv/J1_VIIRS_C2_Global_24h.csv,2026-09-22 13:46:18.797039+00:00
9d0b88af04448405,31.36315,6.04756,2026-09-22 00:28:00+00:00,2026-09-22,0028,N20,,0.6,nominal,328.68,283.92,0.7,0.75,5.84,N,2.0NRT,VIIRS_NOAA20_C2,https://firms.modaps.eosdis.nasa.gov/data/active_fire/noaa-20-viirs-c2/csv/J1_VIIRS_C2_Global_24h.csv,2026-09-22 13:46:18.797039+00:00
cc04446e2e228629,31.40861,5.96718,2026-09-22 00:28:00+00:00,2026-09-22,0028,N20,,0.6,nominal,303.71,283.67,0.7,0.75,1.75,N,2.0NRT,VIIRS_NOAA20_C2,https://firms.modaps.eosdis.nasa.gov/data/active_fire/noaa-20-viirs-c2/csv/J1_VIIRS_C2_Global_24h.csv,2026-09-22 13:46:18.797039+00:00
e5f80e8378feb3e0,31.40829,5.97484,2026-09-22 00:28:00+00:00,2026-09-22,0028,N20,,0.6,nominal,297.81,283.82,0.7,0.75,1.75,N,2.0NRT,VIIRS_NOAA20_C2,https://firms.modaps.eosdis.nasa.gov/data/active_fire/noaa-20-viirs-c2/csv/J1_VIIRS_C2_Global_24h.csv,2026-09-22 13:46:18.797039+00:00
cb88a97b58c16309,31.36382,6.03995,2026-09-22 00:28:00+00:00,2026-09-22,0028,N20,,0.6,nominal,326.24,283.86,0.7,0.75,6.37,N,2.0NRT,VIIRS_NOAA20_C2,https://firms.modaps.eosdis.nasa.gov/data/active_fire/noaa-20-viirs-c2/csv/J1_VIIRS_C2_Global_24h.csv,2026-09-22 13:46:18.797039+00:00
96d8f26147bc914b,31.36352,6.04737,2026-09-22 00:28:00+00:00,2026-09-22,0028,N20,,0.6,nominal,328.73,284.03,0.7,0.75,7.52,N,2.0NRT,VIIRS_NOAA20_C2,https://firms.modaps.eosdis.nasa.gov/data/active_fire/noaa-20-viirs-c2/csv/J1_VIIRS_C2_Global_24h.csv,2026-09-22 13:46:18.797039+00:00
98e8ad6d26720f90,31.19384,6.78621,2026-09-22 00:28:00+00:00,2026-09-22,0028,N20,,0.6,nominal,302.47,283.97,0.63,0.72,0.62,N,2.0NRT,VIIRS_NOAA20_C2,https://firms.modaps.eosdis.nasa.gov/data/active_fire/noaa-20-viirs-c2/csv/J1_VIIRS_C2_Global_24h.csv,2026-09-22 13:46:18.797039+00:00
0687b3570e1e7ea4,31.00338,10.05809,2026-09-22 00:28:00+00:00,2026-09-22,0028,N20,,0.6,nominal,300.66,285.88,0.4,0.6,0.64,N,2.0NRT,VIIRS_NOAA20_C2,https://firms.modaps.eosdis.nasa.gov/data/active_fire/noaa-20-viirs-c2/csv/J1_VIIRS_C2_Global_24h.csv,2026-09-22 13:46:18.797039+00:00
1e1662fb2f27eaf3,31.09206,7.82315,2026-09-22 00:28:00+00:00,2026-09-22,0028,N20,,0.6,nominal,311.53,284.92,0.54,0.68,2.69,N,2.0NRT,VIIRS_NOAA20_C2,https://firms.modaps.eosdis.nasa.gov/data/active_fire/noaa-20-viirs-c2/csv/J1_VIIRS_C2_Global_24h.csv,2026-09-22 13:46:18.797039+00:00
d71085a8c0973dbf,31.09176,7.82911,2026-09-22 00:28:00+00:00,2026-09-22,0028,N20,,0.6,nominal,302.67,285.16,0.54,0.68,2.25,N,2.0NRT,VIIRS_NOAA20_C2,https://firms.modaps.eosdis.nasa.gov/data/active_fire/noaa-20-viirs-c2/csv/J1_VIIRS_C2_Global_24h.csv,2026-09-22 13:46:18.797039+00:00
d9bc0c0df4eb6c07,31.05627,8.03238,2026-09-22 00:28:00+00:00,2026-09-22,0028,N20,,0.6,nominal,333.22,282.54,0.53,0.67,3.51,N,2.0NRT,VIIRS_NOAA20_C2,https://firms.modaps.eosdis.nasa.gov/data/active_fire/noaa-20-viirs-c2/csv/J1_VIIRS_C2_Global_24h.csv,2026-09-22 13:46:18.797039+00:00
3bc6a5444a64caa7,31.05656,8.02676,2026-09-22 00:28:00+00:00,2026-09-22,0028,N20,,0.6,nominal,305.71,282.67,0.53,0.67,4.39,N,2.0NRT,VIIRS_NOAA20_C2,https://firms.modaps.eosdis.nasa.gov/data/active_fire/noaa-20-viirs-c2/csv/J1_VIIRS_C2_Global_24h.csv,2026-09-22 13:46:18.797039+00:00
350b5d9c39ad4f78,31.09464,7.82719,2026-09-22 00:28:00+00:00,2026-09-22,0028,N20,,0.6,nominal,318.57,285.18,0.54,0.68,2.81,N,2.0NRT,VIIRS_NOAA20_C2,https://firms.modaps.eosdis.nasa.gov/data/active_fire/noaa-20-viirs-c2/csv/J1_VIIRS_C2_Global_24h.csv,2026-09-22 13:46:18.797039+00:00
ce1f1a4007252d62,31.05788,8.03043,2026-09-22 00:28:00+00:00,2026-09-22,0028,N20,,0.6,nominal,349.72,282.86,0.53,0.67,8.08,N,2.0NRT,VIIRS_NOAA20_C2,https://firms.modaps.eosdis.nasa.gov/data/active_fire/noaa-20-viirs-c2/csv/J1_VIIRS_C2_Global_24h.csv,2026-09-22 13:46:18.797039+00:00
e258ea5e21f13284,31.05757,8.03603,2026-09-22 00:28:00+00:00,2026-09-22,0028,N20,,0.6,nominal,296.84,281.54,0.53,0.67,4.45,N,2.0NRT,VIIRS_NOAA20_C2,https://firms.modaps.eosdis.nasa.gov/data/active_fire/noaa-20-viirs-c2/csv/J1_VIIRS_C2_Global_24h.csv,2026-09-22 13:46:18.797039+00:00
e0327a125fb84369,31.01959,8.15621,2026-09-22 00:28:00+00:00,2026-09-22,0028,N20,,0.6,nominal,296.56,275.99,0.52,0.67,1.23,N,2.0NRT,VIIRS_NOAA20_C2,https://firms.modaps.eosdis.nasa.gov/data/active_fire/noaa-20-viirs-c2/csv/J1_VIIRS_C2_Global_24h.csv,2026-09-22 13:46:18.797039+00:00
aab222a4e7acb549,31.01927,8.16185,2026-09-22 00:28:00+00:00,2026-09-22,0028,N20,,0.6,nominal,301.75,271.43,0.52,0.67,1.23,N,2.0NRT,VIIRS_NOAA20_C2,https://firms.modaps.eosdis.nasa.gov/data/active_fire/noaa-20-viirs-c2/csv/J1_VIIRS_C2_Global_24h.csv,2026-09-22 13:46:18.797039+00:00
8008920d97b4281c,31.0131,8.16121,2026-09-22 00:28:00+00:00,2026-09-22,0028,N20,,0.6,nominal,297.53,268.23,0.52,0.67,2.27,N,2.0NRT,VIIRS_NOAA20_C2,https://firms.modaps.eosdis.nasa.gov/data/active_fire/noaa-20-viirs-c2/csv/J1_VIIRS_C2_Global_24h.csv,2026-09-22 13:46:18.797039+00:00
b712eaa9ca06c3a7,30.97297,5.74948,2026-09-22 00:28:00+00:00,2026-09-22,0028,N20,,0.6,nominal,297.66,283.66,0.72,0.76,0.59,N,2.0NRT,VIIRS_NOAA20_C2,https://firms.modaps.eosdis.nasa.gov/data/active_fire/noaa-20-viirs-c2/csv/J1_VIIRS_C2_Global_24h.csv,2026-09-22 13:46:18.797039+00:00
bb65cad495001104,30.97473,5.74929,2026-09-22 00:28:00+00:00,2026-09-22,0028,N20,,0.6,nominal,297.13,283.24,0.72,0.76,0.73,N,2.0NRT,VIIRS_NOAA20_C2,https://firms.modaps.eosdis.nasa.gov/data/active_fire/noaa-20-viirs-c2/csv/J1_VIIRS_C2_Global_24h.csv,2026-09-22 13:46:18.797039+00:00
1dc0bfe779b0b9b2,30.8964,5.58065,2026-09-22 00:28:00+00:00,2026-09-22,0028,N20,,0.6,nominal,311.65,283.54,0.74,0.76,1.92,N,2.0NRT,VIIRS_NOAA20_C2,https://firms.modaps.eosdis.nasa.gov/data/active_fire/noaa-20-viirs-c2/csv/J1_VIIRS_C2_Global_24h.csv,2026-09-22 13:46:18.797039+00:00
f1df46d3b59c202a,30.88033,5.63479,2026-09-22 00:28:00+00:00,2026-09-22,0028,N20,,0.6,nominal,300.48,283.95,0.73,0.76,0.92,N,2.0NRT,VIIRS_NOAA20_C2,https://firms.modaps.eosdis.nasa.gov/data/active_fire/noaa-20-viirs-c2/csv/J1_VIIRS_C2_Global_24h.csv,2026-09-22 13:46:18.797039+00:00
93d6931ed1e015f4,30.89919,5.58324,2026-09-22 00:28:00+00:00,2026-09-22,0028,N20,,0.6,nominal,308.4,283.5,0.73,0.76,2.28,N,2.0NRT,VIIRS_NOAA20_C2,https://firms.modaps.eosdis.nasa.gov/data/active_fire/noaa-20-viirs-c2/csv/J1_VIIRS_C2_Global_24h.csv,2026-09-22 13:46:18.797039+00:00
c4301d2861f08401,30.87576,5.63693,2026-09-22 00:28:00+00:00,2026-09-22,0028,N20,,0.6,nominal,300.68,283.47,0.73,0.76,1.0,N,2.0NRT,VIIRS_NOAA20_C2,https://firms.modaps.eosdis.nasa.gov/data/active_fire/noaa-20-viirs-c2/csv/J1_VIIRS_C2_Global_24h.csv,2026-09-22 13:46:18.797039+00:00
66d863aca52ca494,30.66522,8.10108,2026-09-22 00:28:00+00:00,2026-09-22,0028,N20,,0.6,nominal,304.65,287.03,0.52,0.67,1.4,N,2.0NRT,VIIRS_NOAA20_C2,https://firms.modaps.eosdis.nasa.gov/data/active_fire/noaa-20-viirs-c2/csv/J1_VIIRS_C2_Global_24h.csv,2026-09-22 13:46:18.797039+00:00
71cf2e571a2d5191,30.66584,8.10191,2026-09-22 00:28:00+00:00,2026-09-22,0028,N20,,0.6,nominal,304.15,286.91,0.52,0.67,1.2,N,2.0NRT,VIIRS_NOAA20_C2,https://firms.modaps.eosdis.nasa.gov/data/active_fire/noaa-20-viirs-c2/csv/J1_VIIRS_C2_Global_24h.csv,2026-09-22 13:46:18.797039+00:00
8f14e114c0e4fc17,30.2537,8.08054,2026-09-22 00:28:00+00:00,2026-09-22,0028,N20,,0.6,nominal,307.8,288.03,0.52,0.67,2.19,N,2.0NRT,VIIRS_NOAA20_C2,https://firms.modaps.eosdis.nasa.gov/data/active_fire/noaa-20-viirs-c2/csv/J1_VIIRS_C2_Global_24h.csv,2026-09-22 13:46:18.797039+00:00
8309157f9bb0d7e6,30.25392,8.08361,2026-09-22 00:28:00+00:00,2026-09-22,0028,N20,,0.6,nominal,304.81,288.2,0.52,0.66,1.32,N,2.0NRT,VIIRS_NOAA20_C2,https://firms.modaps.eosdis.nasa.gov/data/active_fire/noaa-20-viirs-c2/csv/J1_VIIRS_C2_Global_24h.csv,2026-09-22 13:46:18.797039+00:00
b9519d9b0491785c,29.70003,6.69599,2026-09-22 00:28:00+00:00,2026-09-22,0028,N20,,0.6,nominal,304.73,282.64,0.62,0.71,1.41,N,2.0NRT,VIIRS_NOAA20_C2,https://firms.modaps.eosdis.nasa.gov/data/active_fire/noaa-20-viirs-c2/csv/J1_VIIRS_C2_Global_24h.csv,2026-09-22 13:46:18.797039+00:00
c503b26ed373f5d2,29.69971,6.70248,2026-09-22 00:28:00+00:00,2026-09-22,0028,N20,,0.6,nominal,302.37,282.6,0.62,0.71,1.41,N,2.0NRT,VIIRS_NOAA20_C2,https://firms.modaps.eosdis.nasa.gov/data/active_fire/noaa-20-viirs-c2/csv/J1_VIIRS_C2_Global_24h.csv,2026-09-22 13:46:18.797039+00:00
0e9183a779d599ec,29.69341,6.6955,2026-09-22 00:28:00+00:00,2026-09-22,0028,N20,,0.6,nominal,296.08,283.7,0.62,0.71,2.93,N,2.0NRT,VIIRS_NOAA20_C2,https://firms.modaps.eosdis.nasa.gov/data/active_fire/noaa-20-viirs-c2/csv/J1_VIIRS_C2_Global_24h.csv,2026-09-22 13:46:18.797039+00:00
0657e6932663f1f8,29.67231,6.72,2026-09-22 00:28:00+00:00,2026-09-22,0028,N20,,0.6,nominal,295.74,273.83,0.62,0.71,4.4,N,2.0NRT,VIIRS_NOAA20_C2,https://firms.modaps.eosdis.nasa.gov/data/active_fire/noaa-20-viirs-c2/csv/J1_VIIRS_C2_Global_24h.csv,2026-09-22 13:46:18.797039+00:00
a23cff1c728e2970,29.70153,6.70466,2026-09-22 00:28:00+00:00,2026-09-22,0028,N20,,0.6,nominal,302.07,281.9,0.62,0.71,1.21,N,2.0NRT,VIIRS_NOAA20_C2,https://firms.modaps.eosdis.nasa.gov/data/active_fire/noaa-20-viirs-c2/csv/J1_VIIRS_C2_Global_24h.csv,2026-09-22 13:46:18.797039+00:00
08bfda685394a1ee,29.70117,6.71116,2026-09-22 00:28:00+00:00,2026-09-22,0028,N20,,0.6,nominal,297.61,279.85,0.62,0.71,1.21,N,2.0NRT,VIIRS_NOAA20_C2,https://firms.modaps.eosdis.nasa.gov/data/active_fire/noaa-20-viirs-c2/csv/J1_VIIRS_C2_Global_24h.csv,2026-09-22 13:46:18.797039+00:00
f84dbd8509c476fe,29.69526,6.6977,2026-09-22 00:28:00+00:00,2026-09-22,0028,N20,,0.6,nominal,312.19,283.33,0.62,0.71,3.98,N,2.0NRT,VIIRS_NOAA20_C2,https://firms.modaps.eosdis.nasa.gov/data/active_fire/noaa-20-viirs-c2/csv/J1_VIIRS_C2_Global_24h.csv,2026-09-22 13:46:18.797039+00:00
cf033bc48cf0052c,29.11047,9.665,2026-09-22 00:28:00+00:00,2026-09-22,0028,N20,,0.6,nominal,305.83,285.56,0.4,0.6,0.52,N,2.0NRT,VIIRS_NOAA20_C2,https://firms.modaps.eosdis.nasa.gov/data/active_fire/noaa-20-viirs-c2/csv/J1_VIIRS_C2_Global_24h.csv,2026-09-22 13:46:18.797039+00:00
6ef73b22d02f6ad8,28.97654,10.0379,2026-09-22 00:28:00+00:00,2026-09-22,0028,N20,,0.6,nominal,299.18,284.14,0.38,0.59,0.6,N,2.0NRT,VIIRS_NOAA20_C2,https://firms.modaps.eosdis.nasa.gov/data/active_fire/noaa-20-viirs-c2/csv/J1_VIIRS_C2_Global_24h.csv,2026-09-22 13:46:18.797039+00:00
eecfc84dd327f4dc,28.97623,10.04186,2026-09-22 00:28:00+00:00,2026-09-22,0028,N20,,0.6,nominal,297.16,283.59,0.38,0.59,0.59,N,2.0NRT,VIIRS_NOAA20_C2,https://firms.modaps.eosdis.nasa.gov/data/active_fire/noaa-20-viirs-c2/csv/J1_VIIRS_C2_Global_24h.csv,2026-09-22 13:46:18.797039+00:00
6052b4e5a0ff84a6,28.93863,10.0136,2026-09-22 00:28:00+00:00,2026-09-22,0028,N20,,0.6,nominal,298.96,284.32,0.38,0.59,0.38,N,2.0NRT,VIIRS_NOAA20_C2,https://firms.modaps.eosdis.nasa.gov/data/active_fire/noaa-20-viirs-c2/csv/J1_VIIRS_C2_Global_24h.csv,2026-09-22 13:46:18.797039+00:00
2ba567eef900f22d,28.92137,9.74328,2026-09-22 00:28:00+00:00,2026-09-22,0028,N20,,0.6,nominal,313.14,280.77,0.4,0.6,0.94,N,2.0NRT,VIIRS_NOAA20_C2,https://firms.modaps.eosdis.nasa.gov/data/active_fire/noaa-20-viirs-c2/csv/J1_VIIRS_C2_Global_24h.csv,2026-09-22 13:46:18.797039+00:00
168058ebf8673b0e,28.74014,9.7869,2026-09-22 00:28:00+00:00,2026-09-22,0028,N20,,0.6,nominal,313.37,269.57,0.39,0.6,0.64,N,2.0NRT,VIIRS_NOAA20_C2,https://firms.modaps.eosdis.nasa.gov/data/active_fire/noaa-20-viirs-c2/csv/J1_VIIRS_C2_Global_24h.csv,2026-09-22 13:46:18.797039+00:00
ec707ef0d5bf7525,28.74017,9.78473,2026-09-22 00:28:00+00:00,2026-09-22,0028,N20,,0.6,nominal,296.02,266.48,0.39,0.6,2.61,N,2.0NRT,VIIRS_NOAA20_C2,https://firms.modaps.eosdis.nasa.gov/data/active_fire/noaa-20-viirs-c2/csv/J1_VIIRS_C2_Global_24h.csv,2026-09-22 13:46:18.797039+00:00
7b31802d4b731a07,28.73984,9.7888,2026-09-22 00:28:00+00:00,2026-09-22,0028,N20,,0.6,nominal,299.46,268.43,0.39,0.6,0.6,N,2.0NRT,VIIRS_NOAA20_C2,https://firms.modaps.eosdis.nasa.gov/data/active_fire/noaa-20-viirs-c2/csv/J1_VIIRS_C2_Global_24h.csv,2026-09-22 13:46:18.797039+00:00
e28a0214d647d0f8,28.71745,8.94515,2026-09-22 00:28:00+00:00,2026-09-22,0028,N20,,0.6,nominal,295.42,277.64,0.44,0.63,0.41,N,2.0NRT,VIIRS_NOAA20_C2,https://firms.modaps.eosdis.nasa.gov/data/active_fire/noaa-20-viirs-c2/csv/J1_VIIRS_C2_Global_24h.csv,2026-09-22 13:46:18.797039+00:00
4446fc3178b88dbf,28.63505,9.78168,2026-09-22 00:28:00+00:00,2026-09-22,0028,N20,,0.6,nominal,306.84,269.63,0.39,0.6,1.55,N,2.0NRT,VIIRS_NOAA20_C2,https://firms.modaps.eosdis.nasa.gov/data/active_fire/noaa-20-viirs-c2/csv/J1_VIIRS_C2_Global_24h.csv,2026-09-22 13:46:18.797039+00:00
e3c15103ac88ef6b,28.63475,9.78573,2026-09-22 00:28:00+00:00,2026-09-22,0028,N20,,0.6,nominal,308.52,269.22,0.39,0.6,1.53,N,2.0NRT,VIIRS_NOAA20_C2,https://firms.modaps.eosdis.nasa.gov/data/active_fire/noaa-20-viirs-c2/csv/J1_VIIRS_C2_Global_24h.csv,2026-09-22 13:46:18.797039+00:00
ffbcafc00a7f4d58,28.71673,8.94686,2026-09-22 00:28:00+00:00,2026-09-22,0028,N20,,0.6,nominal,296.69,277.29,0.44,0.63,0.82,N,2.0NRT,VIIRS_NOAA20_C2,https://firms.modaps.eosdis.nasa.gov/data/active_fire/noaa-20-viirs-c2/csv/J1_VIIRS_C2_Global_24h.csv,2026-09-22 13:46:18.797039+00:00
9c47ba67c680b9ba,28.64038,9.77896,2026-09-22 00:28:00+00:00,2026-09-22,0028,N20,,0.6,nominal,300.4,264.92,0.39,0.6,1.19,N,2.0NRT,VIIRS_NOAA20_C2,https://firms.modaps.eosdis.nasa.gov/data/active_fire/noaa-20-viirs-c2/csv/J1_VIIRS_C2_Global_24h.csv,2026-09-22 13:46:18.797039+00:00
7eee9f5282282c83,28.64005,9.783,2026-09-22 00:28:00+00:00,2026-09-22,0028,N20,,0.6,nominal,296.88,268.0,0.39,0.59,1.19,N,2.0NRT,VIIRS_NOAA20_C2,https://firms.modaps.eosdis.nasa.gov/data/active_fire/noaa-20-viirs-c2/csv/J1_VIIRS_C2_Global_24h.csv,2026-09-22 13:46:18.797039+00:00
5db4e0de9cdb1263,28.63456,9.78243,2026-09-22 00:28:00+00:00,2026-09-22,0028,N20,,0.6,nominal,311.71,270.28,0.39,0.59,1.68,N,2.0NRT,VIIRS_NOAA20_C2,https://firms.modaps.eosdis.nasa.gov/data/active_fire/noaa-20-viirs-c2/csv/J1_VIIRS_C2_Global_24h.csv,2026-09-22 13:46:18.797039+00:00
915d7e3000909132,28.63423,9.78646,2026-09-22 00:28:00+00:00,2026-09-22,0028,N20,,0.6,nominal,299.47,269.39,0.39,0.59,1.47,N,2.0NRT,VIIRS_NOAA20_C2,https://firms.modaps.eosdis.nasa.gov/data/active_fire/noaa-20-viirs-c2/csv/J1_VIIRS_C2_Global_24h.csv,2026-09-22 13:46:18.797039+00:00
243a092eeb981902,28.68802,7.18955,2026-09-22 00:28:00+00:00,2026-09-22,0028,N20,,0.6,nominal,305.85,284.56,0.57,0.69,1.81,N,2.0NRT,VIIRS_NOAA20_C2,https://firms.modaps.eosdis.nasa.gov/data/active_fire/noaa-20-viirs-c2/csv/J1_VIIRS_C2_Global_24h.csv,2026-09-22 13:46:18.797039+00:00
ed353f1dc3513353,28.52916,9.11953,2026-09-22 00:28:00+00:00,2026-09-22,0028,N20,,0.6,nominal,320.26,273.7,0.43,0.62,1.44,N,2.0NRT,VIIRS_NOAA20_C2,https://firms.modaps.eosdis.nasa.gov/data/active_fire/noaa-20-viirs-c2/csv/J1_VIIRS_C2_Global_24h.csv,2026-09-22 13:46:18.797039+00:00
26c439f5baa60860,28.60099,7.25291,2026-09-22 00:28:00+00:00,2026-09-22,0028,N20,,0.6,nominal,304.21,285.31,0.56,0.69,1.99,N,2.0NRT,VIIRS_NOAA20_C2,https://firms.modaps.eosdis.nasa.gov/data/active_fire/noaa-20-viirs-c2/csv/J1_VIIRS_C2_Global_24h.csv,2026-09-22 13:46:18.797039+00:00
a7e8f57d42b57eba,28.57811,7.65049,2026-09-22 00:28:00+00:00,2026-09-22,0028,N20,,0.6,nominal,307.28,285.54,0.53,0.67,2.5,N,2.0NRT,VIIRS_NOAA20_C2,https://firms.modaps.eosdis.nasa.gov/data/active_fire/noaa-20-viirs-c2/csv/J1_VIIRS_C2_Global_24h.csv,2026-09-22 13:46:18.797039+00:00
40e3de5527a91776,28.60494,7.25443,2026-09-22 00:28:00+00:00,2026-09-22,0028,N20,,0.6,nominal,305.22,285.9,0.56,0.69,1.56,N,2.0NRT,VIIRS_NOAA20_C2,https://firms.modaps.eosdis.nasa.gov/data/active_fire/noaa-20-viirs-c2/csv/J1_VIIRS_C2_Global_24h.csv,2026-09-22 13:46:18.797039+00:00
1863e0fb2b0043fe,28.57955,7.65138,2026-09-22 00:28:00+00:00,2026-09-22,0028,N20,,0.6,nominal,313.79,285.73,0.53,0.67,2.1,N,2.0NRT,VIIRS_NOAA20_C2,https://firms.modaps.eosdis.nasa.gov/data/active_fire/noaa-20-viirs-c2/csv/J1_VIIRS_C2_Global_24h.csv,2026-09-22 13:46:18.797039+00:00
d8d5db4b6aca0bbb,28.4512,9.1355,2026-09-22 00:28:00+00:00,2026-09-22,0028,N20,,0.6,nominal,326.42,287.18,0.43,0.62,3.23,N,2.0NRT,VIIRS_NOAA20_C2,https://firms.modaps.eosdis.nasa.gov/data/active_fire/noaa-20-viirs-c2/csv/J1_VIIRS_C2_Global_24h.csv,2026-09-22 13:46:18.797039+00:00
57ac55cb968d22a2,28.47787,7.50847,2026-09-22 00:28:00+00:00,2026-09-22,0028,N20,,0.6,nominal,301.14,283.68,0.54,0.68,2.47,N,2.0NRT,VIIRS_NOAA20_C2,https://firms.modaps.eosdis.nasa.gov/data/active_fire/noaa-20-viirs-c2/csv/J1_VIIRS_C2_Global_24h.csv,2026-09-22 13:46:18.797039+00:00
742f70918642655e,27.75821,9.17636,2026-09-22 00:28:00+00:00,2026-09-22,0028,N20,,0.6,nominal,314.79,256.06,0.42,0.61,1.85,N,2.0NRT,VIIRS_NOAA20_C2,https://firms.modaps.eosdis.nasa.gov/data/active_fire/noaa-20-viirs-c2/csv/J1_VIIRS_C2_Global_24h.csv,2026-09-22 13:46:18.797039+00:00
98c78bb754a7e7fe,27.75788,9.18066,2026-09-22 00:28:00+00:00,2026-09-22,0028,N20,,0.6,nominal,311.0,257.95,0.42,0.61,1.85,N,2.0NRT,VIIRS_NOAA20_C2,https://firms.modaps.eosdis.nasa.gov/data/active_fire/noaa-20-viirs-c2/csv/J1_VIIRS_C2_Global_24h.csv,2026-09-22 13:46:18.797039+00:00
0828901d05c9d911,27.73528,9.17833,2026-09-22 00:28:00+00:00,2026-09-22,0028,N20,,0.6,nominal,317.77,275.12,0.42,0.61,1.84,N,2.0NRT,VIIRS_NOAA20_C2,https://firms.modaps.eosdis.nasa.gov/data/active_fire/noaa-20-viirs-c2/csv/J1_VIIRS_C2_Global_24h.csv,2026-09-22 13:46:18.797039+00:00
cfc3cba95642ad8b,27.75513,9.17851,2026-09-22 00:28:00+00:00,2026-09-22,0028,N20,,0.6,nominal,295.96,259.96,0.42,0.61,2.56,N,2.0NRT,VIIRS_NOAA20_C2,https://firms.modaps.eosdis.nasa.gov/data/active_fire/noaa-20-viirs-c2/csv/J1_VIIRS_C2_Global_24h.csv,2026-09-22 13:46:18.797039+00:00
b92d7600dea5f2b9,27.73818,9.17683,2026-09-22 00:28:00+00:00,2026-09-22,0028,N20,,0.6,nominal,307.0,272.39,0.42,0.61,0.68,N,2.0NRT,VIIRS_NOAA20_C2,https://firms.modaps.eosdis.nasa.gov/data/active_fire/noaa-20-viirs-c2/csv/J1_VIIRS_C2_Global_24h.csv,2026-09-22 13:46:18.797039+00:00
06f3614fdbc2f508,27.73783,9.18112,2026-09-22 00:28:00+00:00,2026-09-22,0028,N20,,0.6,nominal,298.5,275.45,0.42,0.61,0.68,N,2.0NRT,VIIRS_NOAA20_C2,https://firms.modaps.eosdis.nasa.gov/data/active_fire/noaa-20-viirs-c2/csv/J1_VIIRS_C2_Global_24h.csv,2026-09-22 13:46:18.797039+00:00
bef902a483a285b2,27.70424,9.17402,2026-09-22 00:28:00+00:00,2026-09-22,0028,N20,,0.6,nominal,321.35,286.43,0.42,0.61,2.45,N,2.0NRT,VIIRS_NOAA20_C2,https://firms.modaps.eosdis.nasa.gov/data/active_fire/noaa-20-viirs-c2/csv/J1_VIIRS_C2_Global_24h.csv,2026-09-22 13:46:18.797039+00:00
88ed9031dc43e865,27.70456,9.1698,2026-09-22 00:28:00+00:00,2026-09-22,0028,N20,,0.6,nominal,301.49,283.2,0.42,0.61,1.74,N,2.0NRT,VIIRS_NOAA20_C2,https://firms.modaps.eosdis.nasa.gov/data/active_fire/noaa-20-viirs-c2/csv/J1_VIIRS_C2_Global_24h.csv,2026-09-22 13:46:18.797039+00:00
4f820ecd1166bd45,36.8826,6.95957,2026-09-22 02:06:00+00:00,2026-09-22,0206,N20,,0.6,nominal,301.42,290.29,0.57,0.52,0.83,N,2.0NRT,VIIRS_NOAA20_C2,https://firms.modaps.eosdis.nasa.gov/data/active_fire/noaa-20-viirs-c2/csv/J1_VIIRS_C2_Global_24h.csv,2026-09-22 13:46:18.797039+00:00
b68065176cad765e,36.87213,6.98184,2026-09-22 02:06:00+00:00,2026-09-22,0206,N20,,0.6,nominal,308.91,290.48,0.57,0.52,0.92,N,2.0NRT,VIIRS_NOAA20_C2,https://firms.modaps.eosdis.nasa.gov/data/active_fire/noaa-20-viirs-c2/csv/J1_VIIRS_C2_Global_24h.csv,2026-09-22 13:46:18.797039+00:00
4ab9acf7e7fdd4f8,36.86749,6.9803,2026-09-22 02:06:00+00:00,2026-09-22,0206,N20,,0.6,nominal,322.14,291.45,0.57,0.52,3.32,N,2.0NRT,VIIRS_NOAA20_C2,https://firms.modaps.eosdis.nasa.gov/data/active_fire/noaa-20-viirs-c2/csv/J1_VIIRS_C2_Global_24h.csv,2026-09-22 13:46:18.797039+00:00
b31723f8194bf4df,36.87643,6.9439,2026-09-22 02:06:00+00:00,2026-09-22,0206,N20,,0.6,nominal,312.16,290.41,0.57,0.52,1.5,N,2.0NRT,VIIRS_NOAA20_C2,https://firms.modaps.eosdis.nasa.gov/data/active_fire/noaa-20-viirs-c2/csv/J1_VIIRS_C2_Global_24h.csv,2026-09-22 13:46:18.797039+00:00
3d51156a6f3c4f45,36.88153,6.95853,2026-09-22 02:06:00+00:00,2026-09-22,0206,N20,,0.6,nominal,302.11,290.35,0.57,0.52,0.55,N,2.0NRT,VIIRS_NOAA20_C2,https://firms.modaps.eosdis.nasa.gov/data/active_fire/noaa-20-viirs-c2/csv/J1_VIIRS_C2_Global_24h.csv,2026-09-22 13:46:18.797039+00:00
0e05822ce48c6d14,36.87987,6.94453,2026-09-22 02:06:00+00:00,2026-09-22,0206,N20,,0.6,nominal,303.56,290.8,0.57,0.52,1.59,N,2.0NRT,VIIRS_NOAA20_C2,https://firms.modaps.eosdis.nasa.gov/data/active_fire/noaa-20-viirs-c2/csv/J1_VIIRS_C2_Global_24h.csv,2026-09-22 13:46:18.797039+00:00
167ade7839371dc4,36.8712,6.98088,2026-09-22 02:06:00+00:00,2026-09-22,0206,N20,,0.6,nominal,316.96,291.0,0.57,0.52,1.97,N,2.0NRT,VIIRS_NOAA20_C2,https://firms.modaps.eosdis.nasa.gov/data/active_fire/noaa-20-viirs-c2/csv/J1_VIIRS_C2_Global_24h.csv,2026-09-22 13:46:18.797039+00:00
b3892de332cb3282,36.86979,6.98679,2026-09-22 02:06:00+00:00,2026-09-22,0206,N20,,0.6,nominal,305.47,290.46,0.57,0.52,1.97,N,2.0NRT,VIIRS_NOAA20_C2,https://firms.modaps.eosdis.nasa.gov/data/active_fire/noaa-20-viirs-c2/csv/J1_VIIRS_C2_Global_24h.csv,2026-09-22 13:46:18.797039+00:00
8ed60d7f924f1193,36.74796,6.25214,2026-09-22 02:06:00+00:00,2026-09-22,0206,N20,,0.6,nominal,326.8,290.92,0.52,0.5,2.89,N,2.0NRT,VIIRS_NOAA20_C2,https://firms.modaps.eosdis.nasa.gov/data/active_fire/noaa-20-viirs-c2/csv/J1_VIIRS_C2_Global_24h.csv,2026-09-22 13:46:18.797039+00:00
a5243636e8ce11ef,36.74662,6.25782,2026-09-22 02:06:00+00:00,2026-09-22,0206,N20,,0.6,nominal,299.93,288.93,0.52,0.5,2.89,N,2.0NRT,VIIRS_NOAA20_C2,https://firms.modaps.eosdis.nasa.gov/data/active_fire/noaa-20-viirs-c2/csv/J1_VIIRS_C2_Global_24h.csv,2026-09-22 13:46:18.797039+00:00
d556144d305d569a,36.33393,5.48189,2026-09-22 02:09:00+00:00,2026-09-22,0209,N20,,0.6,nominal,308.32,287.03,0.49,0.48,1.83,N,2.0NRT,VIIRS_NOAA20_C2,https://firms.modaps.eosdis.nasa.gov/data/active_fire/noaa-20-viirs-c2/csv/J1_VIIRS_C2_Global_24h.csv,2026-09-22 13:46:18.797039+00:00
6a6a7df973ec616b,36.33459,5.48197,2026-09-22 02:09:00+00:00,2026-09-22,0209,N20,,0.6,nominal,306.71,287.04,0.49,0.48,1.61,N,2.0NRT,VIIRS_NOAA20_C2,https://firms.modaps.eosdis.nasa.gov/data/active_fire/noaa-20-viirs-c2/csv/J1_VIIRS_C2_Global_24h.csv,2026-09-22 13:46:18.797039+00:00
d671e6fbc09c9113,36.75002,3.07852,2026-09-22 02:09:00+00:00,2026-09-22,0209,N20,,0.6,nominal,307.48,291.87,0.54,0.42,1.06,N,2.0NRT,VIIRS_NOAA20_C2,https://firms.modaps.eosdis.nasa.gov/data/active_fire/noaa-20-viirs-c2/csv/J1_VIIRS_C2_Global_24h.csv,2026-09-22 13:46:18.797039+00:00
400f18f43bda1caf,36.74778,3.08263,2026-09-22 02:09:00+00:00,2026-09-22,0209,N20,,0.6,nominal,312.03,291.8,0.54,0.42,1.57,N,2.0NRT,VIIRS_NOAA20_C2,https://firms.modaps.eosdis.nasa.gov/data/active_fire/noaa-20-viirs-c2/csv/J1_VIIRS_C2_Global_24h.csv,2026-09-22 13:46:18.797039+00:00
45b7207b937348d2,36.6633,3.13818,2026-09-22 02:09:00+00:00,2026-09-22,0209,N20,,0.6,nominal,301.31,290.69,0.55,0.43,0.59,N,2.0NRT,VIIRS_NOAA20_C2,https://firms.modaps.eosdis.nasa.gov/data/active_fire/noaa-20-viirs-c2/csv/J1_VIIRS_C2_Global_24h.csv,2026-09-22 13:46:18.797039+00:00
5ebdb37a96c6e12c,36.5993,2.93357,2026-09-22 02:09:00+00:00,2026-09-22,0209,N20,,0.6,nominal,299.86,289.01,0.54,0.42,0.6,N,2.0NRT,VIIRS_NOAA20_C2,https://firms.modaps.eosdis.nasa.gov/data/active_fire/noaa-20-viirs-c2/csv/J1_VIIRS_C2_Global_24h.csv,2026-09-22 13:46:18.797039+00:00
3abf9917d7bdb4fd,36.59882,2.87743,2026-09-22 02:09:00+00:00,2026-09-22,0209,N20,,0.6,nominal,306.55,289.84,0.54,0.42,1.01,N,2.0NRT,VIIRS_NOAA20_C2,https://firms.modaps.eosdis.nasa.gov/data/active_fire/noaa-20-viirs-c2/csv/J1_VIIRS_C2_Global_24h.csv,2026-09-22 13:46:18.797039+00:00
e6ecbeb1f92ef9dc,35.88099,4.44753,2026-09-22 02:09:00+00:00,2026-09-22,0209,N20,,0.6,nominal,315.12,290.7,0.44,0.46,1.87,N,2.0NRT,VIIRS_NOAA20_C2,https://firms.modaps.eosdis.nasa.gov/data/active_fire/noaa-20-viirs-c2/csv/J1_VIIRS_C2_Global_24h.csv,2026-09-22 13:46:18.797039+00:00
1b24baca72847bb0,36.14164,2.92926,2026-09-22 02:09:00+00:00,2026-09-22,0209,N20,,0.6,nominal,297.33,286.14,0.55,0.43,0.49,N,2.0NRT,VIIRS_NOAA20_C2,https://firms.modaps.eosdis.nasa.gov/data/active_fire/noaa-20-viirs-c2/csv/J1_VIIRS_C2_Global_24h.csv,2026-09-22 13:46:18.797039+00:00
0e4bb8ed8a6e63e2,36.96656,-1.90515,2026-09-22 02:09:00+00:00,2026-09-22,0209,N20,,0.6,nominal,318.5,294.32,0.39,0.36,1.75,N,2.0NRT,VIIRS_NOAA20_C2,https://firms.modaps.eosdis.nasa.gov/data/active_fire/noaa-20-viirs-c2/csv/J1_VIIRS_C2_Global_24h.csv,2026-09-22 13:46:18.797039+00:00
ad6130e8179151dc,35.71014,4.47707,2026-09-22 02:09:00+00:00,2026-09-22,0209,N20,,0.6,nominal,308.99,290.19,0.45,0.47,0.84,N,2.0NRT,VIIRS_NOAA20_C2,https://firms.modaps.eosdis.nasa.gov/data/active_fire/noaa-20-viirs-c2/csv/J1_VIIRS_C2_Global_24h.csv,2026-09-22 13:46:18.797039+00:00
709ed19e0d9ccac3,35.34902,5.76175,2026-09-22 02:09:00+00:00,2026-09-22,0209,N20,,0.6,nominal,311.25,287.51,0.53,0.5,1.95,N,2.0NRT,VIIRS_NOAA20_C2,https://firms.modaps.eosdis.nasa.gov/data/active_fire/noaa-20-viirs-c2/csv/J1_VIIRS_C2_Global_24h.csv,2026-09-22 13:46:18.797039+00:00
ba1a97c73d18ead7,35.09554,5.64702,2026-09-22 02:09:00+00:00,2026-09-22,0209,N20,,0.6,nominal,305.57,290.01,0.53,0.5,1.62,N,2.0NRT,VIIRS_NOAA20_C2,https://firms.modaps.eosdis.nasa.gov/data/active_fire/noaa-20-viirs-c2/csv/J1_VIIRS_C2_Global_24h.csv,2026-09-22 13:46:18.797039+00:00
81bc6328fb90087b,34.9834,5.71257,2026-09-22 02:09:00+00:00,2026-09-22,0209,N20,,0.6,nominal,301.41,289.22,0.54,0.51,1.06,N,2.0NRT,VIIRS_NOAA20_C2,https://firms.modaps.eosdis.nasa.gov/data/active_fire/noaa-20-viirs-c2/csv/J1_VIIRS_C2_Global_24h.csv,2026-09-22 13:46:18.797039+00:00
7eb43131f9aa05da,34.98207,5.71819,2026-09-22 02:09:00+00:00,2026-09-22,0209,N20,,0.6,nominal,302.05,290.53,0.54,0.51,1.31,N,2.0NRT,VIIRS_NOAA20_C2,https://firms.modaps.eosdis.nasa.gov/data/active_fire/noaa-20-viirs-c2/csv/J1_VIIRS_C2_Global_24h.csv,2026-09-22 13:46:18.797039+00:00
bec295b2f04e5d7f,33.87679,9.99184,2026-09-22 02:09:00+00:00,2026-09-22,0209,N20,,0.6,nominal,299.63,287.67,0.49,0.65,1.36,N,2.0NRT,VIIRS_NOAA20_C2,https://firms.modaps.eosdis.nasa.gov/data/active_fire/noaa-20-viirs-c2/csv/J1_VIIRS_C2_Global_24h.csv,2026-09-22 13:46:18.797039+00:00
c5c33f4ef754dff4,36.01864,0.12417,2026-09-22 02:09:00+00:00,2026-09-22,0209,N20,,0.6,nominal,309.56,290.99,0.43,0.38,0.73,N,2.0NRT,VIIRS_NOAA20_C2,https://firms.modaps.eosdis.nasa.gov/data/active_fire/noaa-20-viirs-c2/csv/J1_VIIRS_C2_Global_24h.csv,2026-09-22 13:46:18.797039+00:00
312304226d46cede,35.81453,-0.27167,2026-09-22 02:09:00+00:00,2026-09-22,0209,N20,,0.6,nominal,301.73,289.91,0.42,0.37,0.86,N,2.0NRT,VIIRS_NOAA20_C2,https://firms.modaps.eosdis.nasa.gov/data/active_fire/noaa-20-viirs-c2/csv/J1_VIIRS_C2_Global_24h.csv,2026-09-22 13:46:18.797039+00:00
2c3b2047e293d51b,35.81371,-0.2671,2026-09-22 02:09:00+00:00,2026-09-22,0209,N20,,0.6,nominal,301.23,290.15,0.42,0.37,0.9,N,2.0NRT,VIIRS_NOAA20_C2,https://firms.modaps.eosdis.nasa.gov/data/active_fire/noaa-20-viirs-c2/csv/J1_VIIRS_C2_Global_24h.csv,2026-09-22 13:46:18.797039+00:00
5ac2ba505d65b15d,35.8039,-0.21243,2026-09-22 02:09:00+00:00,2026-09-22,0209,N20,,0.6,nominal,304.07,293.29,0.42,0.38,1.33,N,2.0NRT,VIIRS_NOAA20_C2,https://firms.modaps.eosdis.nasa.gov/data/active_fire/noaa-20-viirs-c2/csv/J1_VIIRS_C2_Global_24h.csv,2026-09-22 13:46:18.797039+00:00
ff613829940f4ab4,35.80788,-0.25439,2026-09-22 02:09:00+00:00,2026-09-22,0209,N20,,0.6,nominal,303.52,291.58,0.42,0.38,0.86,N,2.0NRT,VIIRS_NOAA20_C2,https://firms.modaps.eosdis.nasa.gov/data/active_fire/noaa-20-viirs-c2/csv/J1_VIIRS_C2_Global_24h.csv,2026-09-22 13:46:18.797039+00:00
c95dccee4685255f,35.80624,-0.24528,2026-09-22 02:09:00+00:00,2026-09-22,0209,N20,,0.6,nominal,309.41,293.26,0.42,0.38,1.81,N,2.0NRT,VIIRS_NOAA20_C2,https://firms.modaps.eosdis.nasa.gov/data/active_fire/noaa-20-viirs-c2/csv/J1_VIIRS_C2_Global_24h.csv,2026-09-22 13:46:18.797039+00:00
e80d640b186003be,35.56853,-0.93894,2026-09-22 02:09:00+00:00,2026-09-22,0209,N20,,0.6,nominal,309.41,290.62,0.4,0.37,0.79,N,2.0NRT,VIIRS_NOAA20_C2,https://firms.modaps.eosdis.nasa.gov/data/active_fire/noaa-20-viirs-c2/csv/J1_VIIRS_C2_Global_24h.csv,2026-09-22 13:46:18.797039+00:00
9b665e3034ab522b,36.17767,-5.4216,2026-09-22 02:09:00+00:00,2026-09-22,0209,N20,,0.6,nominal,309.25,293.7,0.42,0.38,0.61,N,2.0NRT,VIIRS_NOAA20_C2,https://firms.modaps.eosdis.nasa.gov/data/active_fire/noaa-20-viirs-c2/csv/J1_VIIRS_C2_Global_24h.csv,2026-09-22 13:46:18.797039+00:00
318713675782a829,33.36855,8.54696,2026-09-22 02:09:00+00:00,2026-09-22,0209,N20,,0.6,nominal,300.31,286.32,0.42,0.61,1.1,N,2.0NRT,VIIRS_NOAA20_C2,https://firms.modaps.eosdis.nasa.gov/data/active_fire/noaa-20-viirs-c2/csv/J1_VIIRS_C2_Global_24h.csv,2026-09-22 13:46:18.797039+00:00
38fac84abffd850c,31.95717,11.14517,2026-09-22 02:09:00+00:00,2026-09-22,0209,N20,,0.6,nominal,298.89,286.12,0.64,0.72,0.55,N,2.0NRT,VIIRS_NOAA20_C2,https://firms.modaps.eosdis.nasa.gov/data/active_fire/noaa-20-viirs-c2/csv/J1_VIIRS_C2_Global_24h.csv,2026-09-22 13:46:18.797039+00:00
d9414a4dd2adcad2,31.95878,11.14543,2026-09-22 02:09:00+00:00,2026-09-22,0209,N20,,0.6,nominal,300.98,286.14,0.64,0.72,0.95,N,2.0NRT,VIIRS_NOAA20_C2,https://firms.modaps.eosdis.nasa.gov/data/active_fire/noaa-20-viirs-c2/csv/J1_VIIRS_C2_Global_24h.csv,2026-09-22 13:46:18.797039+00:00
934f6358bc943168,34.59761,-2.34903,2026-09-22 02:09:00+00:00,2026-09-22,0209,N20,,0.6,nominal,306.52,288.75,0.39,0.36,0.75,N,2.0NRT,VIIRS_NOAA20_C2,https://firms.modaps.eosdis.nasa.gov/data/active_fire/noaa-20-viirs-c2/csv/J1_VIIRS_C2_Global_24h.csv,2026-09-22 13:46:18.797039+00:00
aa3fe78fad5cc27c,31.31751,11.80066,2026-09-22 02:09:00+00:00,2026-09-22,0209,N20,,0.6,nominal,318.56,284.15,0.73,0.76,3.08,N,2.0NRT,VIIRS_NOAA20_C2,https://firms.modaps.eosdis.nasa.gov/data/active_fire/noaa-20-viirs-c2/csv/J1_VIIRS_C2_Global_24h.csv,2026-09-22 13:46:18.797039+00:00
d22e466a8a4b96b8,31.31823,11.79756,2026-09-22 02:09:00+00:00,2026-09-22,0209,N20,,0.6,nominal,299.9,283.86,0.73,0.76,2.35,N,2.0NRT,VIIRS_NOAA20_C2,https://firms.modaps.eosdis.nasa.gov/data/active_fire/noaa-20-viirs-c2/csv/J1_VIIRS_C2_Global_24h.csv,2026-09-22 13:46:18.797039+00:00
3de486a1ccc35bca,31.31613,11.80475,2026-09-22 02:09:00+00:00,2026-09-22,0209,N20,,0.6,nominal,300.41,283.45,0.73,0.76,2.41,N,2.0NRT,VIIRS_NOAA20_C2,https://firms.modaps.eosdis.nasa.gov/data/active_fire/noaa-20-viirs-c2/csv/J1_VIIRS_C2_Global_24h.csv,2026-09-22 13:46:18.797039+00:00
187e17f478a23ef2,32.57753,6.69916,2026-09-22 02:09:00+00:00,2026-09-22,0209,N20,,0.6,nominal,299.6,278.68,0.35,0.57,0.36,N,2.0NRT,VIIRS_NOAA20_C2,https://firms.modaps.eosdis.nasa.gov/data/active_fire/noaa-20-viirs-c2/csv/J1_VIIRS_C2_Global_24h.csv,2026-09-22 13:46:18.797039+00:00
2db78798ff7b658e,34.85928,-5.8736,2026-09-22 02:09:00+00:00,2026-09-22,0209,N20,,0.6,nominal,303.79,293.61,0.42,0.38,0.71,N,2.0NRT,VIIRS_NOAA20_C2,https://firms.modaps.eosdis.nasa.gov/data/active_fire/noaa-20-viirs-c2/csv/J1_VIIRS_C2_Global_24h.csv,2026-09-22 13:46:18.797039+00:00
8b565f6596b7ed9f,34.85865,-5.86899,2026-09-22 02:09:00+00:00,2026-09-22,0209,N20,,0.6,nominal,305.51,293.89,0.42,0.38,0.71,N,2.0NRT,VIIRS_NOAA20_C2,https://firms.modaps.eosdis.nasa.gov/data/active_fire/noaa-20-viirs-c2/csv/J1_VIIRS_C2_Global_24h.csv,2026-09-22 13:46:18.797039+00:00
38828b7cc1a8b128,32.44619,6.62752,2026-09-22 02:09:00+00:00,2026-09-22,0209,N20,,0.6,nominal,314.35,279.46,0.35,0.56,0.74,N,2.0NRT,VIIRS_NOAA20_C2,https://firms.modaps.eosdis.nasa.gov/data/active_fire/noaa-20-viirs-c2/csv/J1_VIIRS_C2_Global_24h.csv,2026-09-22 13:46:18.797039+00:00
3423203ec9e50d67,32.3596,6.97753,2026-09-22 02:09:00+00:00,2026-09-22,0209,N20,,0.6,nominal,305.37,283.87,0.36,0.58,0.59,N,2.0NRT,VIIRS_NOAA20_C2,https://firms.modaps.eosdis.nasa.gov/data/active_fire/noaa-20-viirs-c2/csv/J1_VIIRS_C2_Global_24h.csv,2026-09-22 13:46:18.797039+00:00
a6fa847030456d39,33.14206,3.3655,2026-09-22 02:09:00+00:00,2026-09-22,0209,N20,,0.6,nominal,301.13,282.79,0.44,0.46,1.04,N,2.0NRT,VIIRS_NOAA20_C2,https://firms.modaps.eosdis.nasa.gov/data/active_fire/noaa-20-viirs-c2/csv/J1_VIIRS_C2_Global_24h.csv,2026-09-22 13:46:18.797039+00:00
37b6ce0e7d6874b7,33.14241,3.36259,2026-09-22 02:09:00+00:00,2026-09-22,0209,N20,,0.6,nominal,301.86,282.43,0.44,0.46,0.79,N,2.0NRT,VIIRS_NOAA20_C2,https://firms.modaps.eosdis.nasa.gov/data/active_fire/noaa-20-viirs-c2/csv/J1_VIIRS_C2_Global_24h.csv,2026-09-22 13:46:18.797039+00:00
73d43dc659c902d4,33.12958,3.31952,2026-09-22 02:09:00+00:00,2026-09-22,0209,N20,,0.6,nominal,301.66,283.98,0.44,0.46,1.31,N,2.0NRT,VIIRS_NOAA20_C2,https://firms.modaps.eosdis.nasa.gov/data/active_fire/noaa-20-viirs-c2/csv/J1_VIIRS_C2_Global_24h.csv,2026-09-22 13:46:18.797039+00:00
5fe3dd104823dc75,33.12643,3.31368,2026-09-22 02:09:00+00:00,2026-09-22,0209,N20,,0.6,nominal,296.33,283.91,0.44,0.46,0.66,N,2.0NRT,VIIRS_NOAA20_C2,https://firms.modaps.eosdis.nasa.gov/data/active_fire/noaa-20-viirs-c2/csv/J1_VIIRS_C2_Global_24h.csv,2026-09-22 13:46:18.797039+00:00
08cb26dc1ba5f0fe,33.12545,3.31823,2026-09-22 02:09:00+00:00,2026-09-22,0209,N20,,0.6,nominal,311.16,284.65,0.44,0.46,1.31,N,2.0NRT,VIIRS_NOAA20_C2,https://firms.modaps.eosdis.nasa.gov/data/active_fire/noaa-20-viirs-c2/csv/J1_VIIRS_C2_Global_24h.csv,2026-09-22 13:46:18.797039+00:00
98d6057d0a6f27e7,34.5921,-5.9987,2026-09-22 02:09:00+00:00,2026-09-22,0209,N20,,0.6,nominal,329.09,294.52,0.43,0.38,2.45,N,2.0NRT,VIIRS_NOAA20_C2,https://firms.modaps.eosdis.nasa.gov/data/active_fire/noaa-20-viirs-c2/csv/J1_VIIRS_C2_Global_24h.csv,2026-09-22 13:46:18.797039+00:00
fe87801b7d0bcc0d,32.94547,3.23006,2026-09-22 02:09:00+00:00,2026-09-22,0209,N20,,0.6,nominal,295.8,281.49,0.44,0.46,1.69,N,2.0NRT,VIIRS_NOAA20_C2,https://firms.modaps.eosdis.nasa.gov/data/active_fire/noaa-20-viirs-c2/csv/J1_VIIRS_C2_Global_24h.csv,2026-09-22 13:46:18.797039+00:00
06a76cfddc937439,32.93625,3.23208,2026-09-22 02:09:00+00:00,2026-09-22,0209,N20,,0.6,nominal,300.68,284.59,0.44,0.46,1.09,N,2.0NRT,VIIRS_NOAA20_C2,https://firms.modaps.eosdis.nasa.gov/data/active_fire/noaa-20-viirs-c2/csv/J1_VIIRS_C2_Global_24h.csv,2026-09-22 13:46:18.797039+00:00
527a9fb6965b1028,32.93528,3.23661,2026-09-22 02:09:00+00:00,2026-09-22,0209,N20,,0.6,nominal,298.52,283.64,0.44,0.46,0.91,N,2.0NRT,VIIRS_NOAA20_C2,https://firms.modaps.eosdis.nasa.gov/data/active_fire/noaa-20-viirs-c2/csv/J1_VIIRS_C2_Global_24h.csv,2026-09-22 13:46:18.797039+00:00
ad2aee8ac5d43238,32.93212,3.23082,2026-09-22 02:09:00+00:00,2026-09-22,0209,N20,,0.6,nominal,300.39,284.97,0.44,0.46,1.09,N,2.0NRT,VIIRS_NOAA20_C2,https://firms.modaps.eosdis.nasa.gov/data/active_fire/noaa-20-viirs-c2/csv/J1_VIIRS_C2_Global_24h.csv,2026-09-22 13:46:18.797039+00:00
372fae39b67aaa3d,32.93115,3.23536,2026-09-22 02:09:00+00:00,2026-09-22,0209,N20,,0.6,nominal,298.74,284.32,0.44,0.46,0.91,N,2.0NRT,VIIRS_NOAA20_C2,https://firms.modaps.eosdis.nasa.gov/data/active_fire/noaa-20-viirs-c2/csv/J1_VIIRS_C2_Global_24h.csv,2026-09-22 13:46:18.797039+00:00
eed94beef4069492,32.13586,6.46859,2026-09-22 02:09:00+00:00,2026-09-22,0209,N20,,0.6,nominal,349.26,278.31,0.35,0.56,3.84,N,2.0NRT,VIIRS_NOAA20_C2,https://firms.modaps.eosdis.nasa.gov/data/active_fire/noaa-20-viirs-c2/csv/J1_VIIRS_C2_Global_24h.csv,2026-09-22 13:46:18.797039+00:00
bdbc15e39684f640,32.83841,3.23635,2026-09-22 02:09:00+00:00,2026-09-22,0209,N20,,0.6,nominal,297.27,283.33,0.44,0.46,0.77,N,2.0NRT,VIIRS_NOAA20_C2,https://firms.modaps.eosdis.nasa.gov/data/active_fire/noaa-20-viirs-c2/csv/J1_VIIRS_C2_Global_24h.csv,2026-09-22 13:46:18.797039+00:00
e9e7c2f02c774669,32.83741,3.24091,2026-09-22 02:09:00+00:00,2026-09-22,0209,N20,,0.6,nominal,296.44,284.55,0.44,0.46,0.77,N,2.0NRT,VIIRS_NOAA20_C2,https://firms.modaps.eosdis.nasa.gov/data/active_fire/noaa-20-viirs-c2/csv/J1_VIIRS_C2_Global_24h.csv,2026-09-22 13:46:18.797039+00:00
d60d656dc44925b1,32.83782,3.23864,2026-09-22 02:09:00+00:00,2026-09-22,0209,N20,,0.6,nominal,303.91,284.78,0.44,0.46,1.17,N,2.0NRT,VIIRS_NOAA20_C2,https://firms.modaps.eosdis.nasa.gov/data/active_fire/noaa-20-viirs-c2/csv/J1_VIIRS_C2_Global_24h.csv,2026-09-22 13:46:18.797039+00:00
b32fbd0e5286af7e,32.74855,3.18246,2026-09-22 02:09:00+00:00,2026-09-22,0209,N20,,0.6,nominal,320.65,285.01,0.44,0.46,1.77,N,2.0NRT,VIIRS_NOAA20_C2,https://firms.modaps.eosdis.nasa.gov/data/active_fire/noaa-20-viirs-c2/csv/J1_VIIRS_C2_Global_24h.csv,2026-09-22 13:46:18.797039+00:00
827929c06ffa2dba,32.55698,3.16853,2026-09-22 02:09:00+00:00,2026-09-22,0209,N20,,0.6,nominal,312.55,285.93,0.44,0.46,1.28,N,2.0NRT,VIIRS_NOAA20_C2,https://firms.modaps.eosdis.nasa.gov/data/active_fire/noaa-20-viirs-c2/csv/J1_VIIRS_C2_Global_24h.csv,2026-09-22 13:46:18.797039+00:00
4de5c5336d890060,31.89541,5.91633,2026-09-22 02:09:00+00:00,2026-09-22,0209,N20,,0.6,nominal,297.08,286.64,0.33,0.55,0.2,N,2.0NRT,VIIRS_NOAA20_C2,https://firms.modaps.eosdis.nasa.gov/data/active_fire/noaa-20-viirs-c2/csv/J1_VIIRS_C2_Global_24h.csv,2026-09-22 13:46:18.797039+00:00
e988656da9c9b30e,31.89473,5.9187,2026-09-22 02:09:00+00:00,2026-09-22,0209,N20,,0.6,nominal,298.9,286.57,0.33,0.55,0.36,N,2.0NRT,VIIRS_NOAA20_C2,https://firms.modaps.eosdis.nasa.gov/data/active_fire/noaa-20-viirs-c2/csv/J1_VIIRS_C2_Global_24h.csv,2026-09-22 13:46:18.797039+00:00
602a8b65ee6dbaae,31.84719,6.05173,2026-09-22 02:09:00+00:00,2026-09-22,0209,N20,,0.6,nominal,320.99,287.23,0.33,0.55,1.07,N,2.0NRT,VIIRS_NOAA20_C2,https://firms.modaps.eosdis.nasa.gov/data/active_fire/noaa-20-viirs-c2/csv/J1_VIIRS_C2_Global_24h.csv,2026-09-22 13:46:18.797039+00:00
199821ae570bcf60,31.8496,6.04163,2026-09-22 02:09:00+00:00,2026-09-22,0209,N20,,0.6,nominal,302.79,287.26,0.33,0.55,1.03,N,2.0NRT,VIIRS_NOAA20_C2,https://firms.modaps.eosdis.nasa.gov/data/active_fire/noaa-20-viirs-c2/csv/J1_VIIRS_C2_Global_24h.csv,2026-09-22 13:46:18.797039+00:00
dfe6d44626bf1d89,31.848,6.04835,2026-09-22 02:09:00+00:00,2026-09-22,0209,N20,,0.6,nominal,304.51,287.21,0.33,0.55,1.07,N,2.0NRT,VIIRS_NOAA20_C2,https://firms.modaps.eosdis.nasa.gov/data/active_fire/noaa-20-viirs-c2/csv/J1_VIIRS_C2_Global_24h.csv,2026-09-22 13:46:18.797039+00:00
152d3a1c26bfdf54,32.27881,3.99104,2026-09-22 02:09:00+00:00,2026-09-22,0209,N20,,0.6,nominal,296.16,284.85,0.5,0.49,0.83,N,2.0NRT,VIIRS_NOAA20_C2,https://firms.modaps.eosdis.nasa.gov/data/active_fire/noaa-20-viirs-c2/csv/J1_VIIRS_C2_Global_24h.csv,2026-09-22 13:46:18.797039+00:00
cca8e045654f3c49,31.79787,6.05728,2026-09-22 02:09:00+00:00,2026-09-22,0209,N20,,0.6,nominal,307.18,286.89,0.33,0.56,0.66,N,2.0NRT,VIIRS_NOAA20_C2,https://firms.modaps.eosdis.nasa.gov/data/active_fire/noaa-20-viirs-c2/csv/J1_VIIRS_C2_Global_24h.csv,2026-09-22 13:46:18.797039+00:00
73590cdfdfb10825,31.80769,5.99471,2026-09-22 02:09:00+00:00,2026-09-22,0209,N20,,0.6,nominal,310.81,287.61,0.33,0.55,0.77,N,2.0NRT,VIIRS_NOAA20_C2,https://firms.modaps.eosdis.nasa.gov/data/active_fire/noaa-20-viirs-c2/csv/J1_VIIRS_C2_Global_24h.csv,2026-09-22 13:46:18.797039+00:00
100a94047befdbeb,31.7855,6.06428,2026-09-22 02:09:00+00:00,2026-09-22,0209,N20,,0.6,nominal,301.13,286.75,0.33,0.56,0.57,N,2.0NRT,VIIRS_NOAA20_C2,https://firms.modaps.eosdis.nasa.gov/data/active_fire/noaa-20-viirs-c2/csv/J1_VIIRS_C2_Global_24h.csv,2026-09-22 13:46:18.797039+00:00
079c62495cbe482a,31.68811,6.18658,2026-09-22 02:09:00+00:00,2026-09-22,0209,N20,,0.6,nominal,300.75,286.87,0.34,0.56,0.43,N,2.0NRT,VIIRS_NOAA20_C2,https://firms.modaps.eosdis.nasa.gov/data/active_fire/noaa-20-viirs-c2/csv/J1_VIIRS_C2_Global_24h.csv,2026-09-22 13:46:18.797039+00:00
f950973f520d1a50,31.67927,6.04564,2026-09-22 02:09:00+00:00,2026-09-22,0209,N20,,0.6,nominal,299.0,287.1,0.33,0.56,0.31,N,2.0NRT,VIIRS_NOAA20_C2,https://firms.modaps.eosdis.nasa.gov/data/active_fire/noaa-20-viirs-c2/csv/J1_VIIRS_C2_Global_24h.csv,2026-09-22 13:46:18.797039+00:00
86378fef2c3c5712,31.67844,6.04905,2026-09-22 02:09:00+00:00,2026-09-22,0209,N20,,0.6,nominal,300.53,287.37,0.33,0.56,0.31,N,2.0NRT,VIIRS_NOAA20_C2,https://firms.modaps.eosdis.nasa.gov/data/active_fire/noaa-20-viirs-c2/csv/J1_VIIRS_C2_Global_24h.csv,2026-09-22 13:46:18.797039+00:00
f42f9f94b84e231c,31.66769,6.04926,2026-09-22 02:09:00+00:00,2026-09-22,0209,N20,,0.6,nominal,340.26,287.61,0.34,0.56,2.54,N,2.0NRT,VIIRS_NOAA20_C2,https://firms.modaps.eosdis.nasa.gov/data/active_fire/noaa-20-viirs-c2/csv/J1_VIIRS_C2_Global_24h.csv,2026-09-22 13:46:18.797039+00:00
6f5c7df147a4a296,31.66601,6.05613,2026-09-22 02:09:00+00:00,2026-09-22,0209,N20,,0.6,nominal,352.95,288.14,0.34,0.56,4.83,N,2.0NRT,VIIRS_NOAA20_C2,https://firms.modaps.eosdis.nasa.gov/data/active_fire/noaa-20-viirs-c2/csv/J1_VIIRS_C2_Global_24h.csv,2026-09-22 13:46:18.797039+00:00
97916e160d8a9871,31.66518,6.05955,2026-09-22 02:09:00+00:00,2026-09-22,0209,N20,,0.6,nominal,345.12,288.61,0.34,0.56,4.83,N,2.0NRT,VIIRS_NOAA20_C2,https://firms.modaps.eosdis.nasa.gov/data/active_fire/noaa-20-viirs-c2/csv/J1_VIIRS_C2_Global_24h.csv,2026-09-22 13:46:18.797039+00:00
391f92fe75fd2ddd,31.66685,6.05269,2026-09-22 02:09:00+00:00,2026-09-22,0209,N20,,0.6,nominal,315.19,287.45,0.34,0.56,2.54,N,2.0NRT,VIIRS_NOAA20_C2,https://firms.modaps.eosdis.nasa.gov/data/active_fire/noaa-20-viirs-c2/csv/J1_VIIRS_C2_Global_24h.csv,2026-09-22 13:46:18.797039+00:00
7d4b0efd700fa7d3,31.66434,6.06298,2026-09-22 02:09:00+00:00,2026-09-22,0209,N20,,0.6,nominal,307.6,287.35,0.34,0.56,1.62,N,2.0NRT,VIIRS_NOAA20_C2,https://firms.modaps.eosdis.nasa.gov/data/active_fire/noaa-20-viirs-c2/csv/J1_VIIRS_C2_Global_24h.csv,2026-09-22 13:46:18.797039+00:00
d3f9ab14f104ee80,31.66187,6.05116,2026-09-22 02:09:00+00:00,2026-09-22,0209,N20,,0.6,nominal,350.27,288.76,0.34,0.56,2.11,N,2.0NRT,VIIRS_NOAA20_C2,https://firms.modaps.eosdis.nasa.gov/data/active_fire/noaa-20-viirs-c2/csv/J1_VIIRS_C2_Global_24h.csv,2026-09-22 13:46:18.797039+00:00
87ed3709b6d7f418,31.66104,6.05458,2026-09-22 02:09:00+00:00,2026-09-22,0209,N20,,0.6,nominal,323.51,288.34,0.34,0.56,2.56,N,2.0NRT,VIIRS_NOAA20_C2,https://firms.modaps.eosdis.nasa.gov/data/active_fire/noaa-20-viirs-c2/csv/J1_VIIRS_C2_Global_24h.csv,2026-09-22 13:46:18.797039+00:00
6195058db3390f59,31.6602,6.05801,2026-09-22 02:09:00+00:00,2026-09-22,0209,N20,,0.6,nominal,324.47,287.68,0.34,0.56,2.56,N,2.0NRT,VIIRS_NOAA20_C2,https://firms.modaps.eosdis.nasa.gov/data/active_fire/noaa-20-viirs-c2/csv/J1_VIIRS_C2_Global_24h.csv,2026-09-22 13:46:18.797039+00:00
cffcdd23481d97c8,31.66271,6.04771,2026-09-22 02:09:00+00:00,2026-09-22,0209,N20,,0.6,nominal,297.32,287.11,0.34,0.56,2.11,N,2.0NRT,VIIRS_NOAA20_C2,https://firms.modaps.eosdis.nasa.gov/data/active_fire/noaa-20-viirs-c2/csv/J1_VIIRS_C2_Global_24h.csv,2026-09-22 13:46:18.797039+00:00
bb63237cb677928b,31.7002,5.80639,2026-09-22 02:09:00+00:00,2026-09-22,0209,N20,,0.6,nominal,297.9,287.47,0.32,0.55,0.47,N,2.0NRT,VIIRS_NOAA20_C2,https://firms.modaps.eosdis.nasa.gov/data/active_fire/noaa-20-viirs-c2/csv/J1_VIIRS_C2_Global_24h.csv,2026-09-22 13:46:18.797039+00:00
dbacaf34881f66ea,31.65047,5.98843,2026-09-22 02:09:00+00:00,2026-09-22,0209,N20,,0.6,nominal,297.51,287.49,0.33,0.55,0.32,N,2.0NRT,VIIRS_NOAA20_C2,https://firms.modaps.eosdis.nasa.gov/data/active_fire/noaa-20-viirs-c2/csv/J1_VIIRS_C2_Global_24h.csv,2026-09-22 13:46:18.797039+00:00
c02f8b86129cb273,31.69937,5.8086,2026-09-22 02:09:00+00:00,2026-09-22,0209,N20,,0.6,nominal,298.07,287.98,0.32,0.55,0.42,N,2.0NRT,VIIRS_NOAA20_C2,https://firms.modaps.eosdis.nasa.gov/data/active_fire/noaa-20-viirs-c2/csv/J1_VIIRS_C2_Global_24h.csv,2026-09-22 13:46:18.797039+00:00
75504c366cb33739,31.68959,5.80543,2026-09-22 02:09:00+00:00,2026-09-22,0209,N20,,0.6,nominal,298.18,287.19,0.32,0.55,0.48,N,2.0NRT,VIIRS_NOAA20_C2,https://firms.modaps.eosdis.nasa.gov/data/active_fire/noaa-20-viirs-c2/csv/J1_VIIRS_C2_Global_24h.csv,2026-09-22 13:46:18.797039+00:00
2b063154c387a1c9,31.64585,5.98967,2026-09-22 02:09:00+00:00,2026-09-22,0209,N20,,0.6,nominal,299.38,286.79,0.33,0.56,0.45,N,2.0NRT,VIIRS_NOAA20_C2,https://firms.modaps.eosdis.nasa.gov/data/active_fire/noaa-20-viirs-c2/csv/J1_VIIRS_C2_Global_24h.csv,2026-09-22 13:46:18.797039+00:00
b46494e34f494a19,31.39529,6.92988,2026-09-22 02:09:00+00:00,2026-09-22,0209,N20,,0.6,nominal,297.57,265.55,0.38,0.59,1.08,N,2.0NRT,VIIRS_NOAA20_C2,https://firms.modaps.eosdis.nasa.gov/data/active_fire/noaa-20-viirs-c2/csv/J1_VIIRS_C2_Global_24h.csv,2026-09-22 13:46:18.797039+00:00
7f913969f5de8909,31.39433,6.93376,2026-09-22 02:09:00+00:00,2026-09-22,0209,N20,,0.6,nominal,302.41,268.5,0.38,0.59,1.56,N,2.0NRT,VIIRS_NOAA20_C2,https://firms.modaps.eosdis.nasa.gov/data/active_fire/noaa-20-viirs-c2/csv/J1_VIIRS_C2_Global_24h.csv,2026-09-22 13:46:18.797039+00:00
2f0e61db40e7aa18,31.58977,5.95686,2026-09-22 02:09:00+00:00,2026-09-22,0209,N20,,0.6,nominal,320.02,287.35,0.33,0.55,1.07,N,2.0NRT,VIIRS_NOAA20_C2,https://firms.modaps.eosdis.nasa.gov/data/active_fire/noaa-20-viirs-c2/csv/J1_VIIRS_C2_Global_24h.csv,2026-09-22 13:46:18.797039+00:00
bf1be93bd585c4f4,31.58567,5.95177,2026-09-22 02:09:00+00:00,2026-09-22,0209,N20,,0.6,nominal,310.82,287.6,0.33,0.55,0.87,N,2.0NRT,VIIRS_NOAA20_C2,https://firms.modaps.eosdis.nasa.gov/data/active_fire/noaa-20-viirs-c2/csv/J1_VIIRS_C2_Global_24h.csv,2026-09-22 13:46:18.797039+00:00
f7b6e2d6899d1c63,31.58483,5.9552,2026-09-22 02:09:00+00:00,2026-09-22,0209,N20,,0.6,nominal,300.79,287.37,0.33,0.55,0.74,N,2.0NRT,VIIRS_NOAA20_C2,https://firms.modaps.eosdis.nasa.gov/data/active_fire/noaa-20-viirs-c2/csv/J1_VIIRS_C2_Global_24h.csv,2026-09-22 13:46:18.797039+00:00
64fac4968599019f,31.74898,5.22618,2026-09-22 02:09:00+00:00,2026-09-22,0209,N20,,0.6,nominal,312.19,287.05,0.6,0.53,1.67,N,2.0NRT,VIIRS_NOAA20_C2,https://firms.modaps.eosdis.nasa.gov/data/active_fire/noaa-20-viirs-c2/csv/J1_VIIRS_C2_Global_24h.csv,2026-09-22 13:46:18.797039+00:00
9f91bb0cee10f4c7,31.40626,5.97623,2026-09-22 02:09:00+00:00,2026-09-22,0209,N20,,0.6,nominal,313.0,287.53,0.34,0.56,0.92,N,2.0NRT,VIIRS_NOAA20_C2,https://firms.modaps.eosdis.nasa.gov/data/active_fire/noaa-20-viirs-c2/csv/J1_VIIRS_C2_Global_24h.csv,2026-09-22 13:46:18.797039+00:00
9f528882959c5145,31.40292,5.96781,2026-09-22 02:09:00+00:00,2026-09-22,0209,N20,,0.6,nominal,303.47,286.47,0.34,0.56,0.7,N,2.0NRT,VIIRS_NOAA20_C2,https://firms.modaps.eosdis.nasa.gov/data/active_fire/noaa-20-viirs-c2/csv/J1_VIIRS_C2_Global_24h.csv,2026-09-22 13:46:18.797039+00:00
7a48b5223e8bd239,31.19216,6.78663,2026-09-22 02:09:00+00:00,2026-09-22,0209,N20,,0.6,nominal,311.77,285.77,0.38,0.59,1.19,N,2.0NRT,VIIRS_NOAA20_C2,https://firms.modaps.eosdis.nasa.gov/data/active_fire/noaa-20-viirs-c2/csv/J1_VIIRS_C2_Global_24h.csv,2026-09-22 13:46:18.797039+00:00
1dd68c6b288c3da9,31.19121,6.79047,2026-09-22 02:09:00+00:00,2026-09-22,0209,N20,,0.6,nominal,296.41,286.22,0.38,0.59,1.03,N,2.0NRT,VIIRS_NOAA20_C2,https://firms.modaps.eosdis.nasa.gov/data/active_fire/noaa-20-viirs-c2/csv/J1_VIIRS_C2_Global_24h.csv,2026-09-22 13:46:18.797039+00:00
8384278a33800325,31.36728,6.04891,2026-09-22 02:09:00+00:00,2026-09-22,0209,N20,,0.6,nominal,297.8,286.91,0.34,0.56,0.55,N,2.0NRT,VIIRS_NOAA20_C2,https://firms.modaps.eosdis.nasa.gov/data/active_fire/noaa-20-viirs-c2/csv/J1_VIIRS_C2_Global_24h.csv,2026-09-22 13:46:18.797039+00:00
b3323a02fb87c9ad,31.36314,6.04378,2026-09-22 02:09:00+00:00,2026-09-22,0209,N20,,0.6,nominal,344.5,287.06,0.34,0.56,5.31,N,2.0NRT,VIIRS_NOAA20_C2,https://firms.modaps.eosdis.nasa.gov/data/active_fire/noaa-20-viirs-c2/csv/J1_VIIRS_C2_Global_24h.csv,2026-09-22 13:46:18.797039+00:00
80968736ccf894e5,31.3623,6.04725,2026-09-22 02:09:00+00:00,2026-09-22,0209,N20,,0.6,nominal,346.14,288.21,0.34,0.56,5.31,N,2.0NRT,VIIRS_NOAA20_C2,https://firms.modaps.eosdis.nasa.gov/data/active_fire/noaa-20-viirs-c2/csv/J1_VIIRS_C2_Global_24h.csv,2026-09-22 13:46:18.797039+00:00
0f9b91ab09d7966d,31.36145,6.05073,2026-09-22 02:09:00+00:00,2026-09-22,0209,N20,,0.6,nominal,333.24,287.45,0.34,0.56,3.56,N,2.0NRT,VIIRS_NOAA20_C2,https://firms.modaps.eosdis.nasa.gov/data/active_fire/noaa-20-viirs-c2/csv/J1_VIIRS_C2_Global_24h.csv,2026-09-22 13:46:18.797039+00:00
c8bd98656a116840,30.96901,5.75244,2026-09-22 02:09:00+00:00,2026-09-22,0209,N20,,0.6,nominal,305.85,286.57,0.33,0.56,0.54,N,2.0NRT,VIIRS_NOAA20_C2,https://firms.modaps.eosdis.nasa.gov/data/active_fire/noaa-20-viirs-c2/csv/J1_VIIRS_C2_Global_24h.csv,2026-09-22 13:46:18.797039+00:00
2d862dfb862828ae,30.89865,5.5851,2026-09-22 02:09:00+00:00,2026-09-22,0209,N20,,0.6,nominal,327.44,286.93,0.33,0.55,2.11,N,2.0NRT,VIIRS_NOAA20_C2,https://firms.modaps.eosdis.nasa.gov/data/active_fire/noaa-20-viirs-c2/csv/J1_VIIRS_C2_Global_24h.csv,2026-09-22 13:46:18.797039+00:00
831b99c3ae578b36,30.89945,5.58176,2026-09-22 02:09:00+00:00,2026-09-22,0209,N20,,0.6,nominal,299.92,286.11,0.33,0.55,1.47,N,2.0NRT,VIIRS_NOAA20_C2,https://firms.modaps.eosdis.nasa.gov/data/active_fire/noaa-20-viirs-c2/csv/J1_VIIRS_C2_Global_24h.csv,2026-09-22 13:46:18.797039+00:00
4c81d1799c3a9d9f,30.87932,5.64345,2026-09-22 02:09:00+00:00,2026-09-22,0209,N20,,0.6,nominal,319.37,287.23,0.33,0.55,1.06,N,2.0NRT,VIIRS_NOAA20_C2,https://firms.modaps.eosdis.nasa.gov/data/active_fire/noaa-20-viirs-c2/csv/J1_VIIRS_C2_Global_24h.csv,2026-09-22 13:46:18.797039+00:00
502c55082a81b048,30.37907,7.00842,2026-09-22 02:09:00+00:00,2026-09-22,0209,N20,,0.6,nominal,316.48,285.7,0.41,0.61,1.32,N,2.0NRT,VIIRS_NOAA20_C2,https://firms.modaps.eosdis.nasa.gov/data/active_fire/noaa-20-viirs-c2/csv/J1_VIIRS_C2_Global_24h.csv,2026-09-22 13:46:18.797039+00:00
ee999df484532a71,30.37804,7.01253,2026-09-22 02:09:00+00:00,2026-09-22,0209,N20,,0.6,nominal,303.28,285.95,0.41,0.61,1.32,N,2.0NRT,VIIRS_NOAA20_C2,https://firms.modaps.eosdis.nasa.gov/data/active_fire/noaa-20-viirs-c2/csv/J1_VIIRS_C2_Global_24h.csv,2026-09-22 13:46:18.797039+00:00
51bc3c6b5f029725,30.47759,6.47275,2026-09-22 02:09:00+00:00,2026-09-22,0209,N20,,0.6,nominal,297.26,286.37,0.38,0.59,0.37,N,2.0NRT,VIIRS_NOAA20_C2,https://firms.modaps.eosdis.nasa.gov/data/active_fire/noaa-20-viirs-c2/csv/J1_VIIRS_C2_Global_24h.csv,2026-09-22 13:46:18.797039+00:00
259c0e5785410606,32.98833,-7.15018,2026-09-22 02:09:00+00:00,2026-09-22,0209,N20,,0.6,nominal,302.47,291.86,0.45,0.39,0.68,N,2.0NRT,VIIRS_NOAA20_C2,https://firms.modaps.eosdis.nasa.gov/data/active_fire/noaa-20-viirs-c2/csv/J1_VIIRS_C2_Global_24h.csv,2026-09-22 13:46:18.797039+00:00
5305fdafe86a649a,30.40045,6.54253,2026-09-22 02:09:00+00:00,2026-09-22,0209,N20,,0.6,nominal,300.2,286.43,0.38,0.59,0.68,N,2.0NRT,VIIRS_NOAA20_C2,https://firms.modaps.eosdis.nasa.gov/data/active_fire/noaa-20-viirs-c2/csv/J1_VIIRS_C2_Global_24h.csv,2026-09-22 13:46:18.797039+00:00
f4aa5f3ba5911a12,28.97315,10.03599,2026-09-22 02:09:00+00:00,2026-09-22,0209,N20,,0.6,nominal,296.46,284.68,0.66,0.73,0.8,N,2.0NRT,VIIRS_NOAA20_C2,https://firms.modaps.eosdis.nasa.gov/data/active_fire/noaa-20-viirs-c2/csv/J1_VIIRS_C2_Global_24h.csv,2026-09-22 13:46:18.797039+00:00
cbc30018b95ebcbe,28.92302,9.74326,2026-09-22 02:09:00+00:00,2026-09-22,0209,N20,,0.6,nominal,304.91,286.53,0.64,0.72,1.65,N,2.0NRT,VIIRS_NOAA20_C2,https://firms.modaps.eosdis.nasa.gov/data/active_fire/noaa-20-viirs-c2/csv/J1_VIIRS_C2_Global_24h.csv,2026-09-22 13:46:18.797039+00:00
19f53f95bbd86ea9,29.70184,6.71176,2026-09-22 02:09:00+00:00,2026-09-22,0209,N20,,0.6,nominal,314.18,288.24,0.41,0.6,2.15,N,2.0NRT,VIIRS_NOAA20_C2,https://firms.modaps.eosdis.nasa.gov/data/active_fire/noaa-20-viirs-c2/csv/J1_VIIRS_C2_Global_24h.csv,2026-09-22 13:46:18.797039+00:00
8e7eb14cb2054956,29.69851,6.70191,2026-09-22 02:09:00+00:00,2026-09-22,0209,N20,,0.6,nominal,330.32,288.2,0.41,0.6,1.55,N,2.0NRT,VIIRS_NOAA20_C2,https://firms.modaps.eosdis.nasa.gov/data/active_fire/noaa-20-viirs-c2/csv/J1_VIIRS_C2_Global_24h.csv,2026-09-22 13:46:18.797039+00:00
4dbfe7c527471a2f,29.69749,6.70596,2026-09-22 02:09:00+00:00,2026-09-22,0209,N20,,0.6,nominal,307.5,288.05,0.41,0.6,1.55,N,2.0NRT,VIIRS_NOAA20_C2,https://firms.modaps.eosdis.nasa.gov/data/active_fire/noaa-20-viirs-c2/csv/J1_VIIRS_C2_Global_24h.csv,2026-09-22 13:46:18.797039+00:00
8de0b2f38f2aeece,28.92454,9.74161,2026-09-22 02:09:00+00:00,2026-09-22,0209,N20,,0.6,nominal,298.11,286.16,0.64,0.72,1.27,N,2.0NRT,VIIRS_NOAA20_C2,https://firms.modaps.eosdis.nasa.gov/data/active_fire/noaa-20-viirs-c2/csv/J1_VIIRS_C2_Global_24h.csv,2026-09-22 13:46:18.797039+00:00
79dc405ce93c9b8d,28.92285,9.74786,2026-09-22 02:09:00+00:00,2026-09-22,0209,N20,,0.6,nominal,297.59,286.43,0.64,0.72,0.9,N,2.0NRT,VIIRS_NOAA20_C2,https://firms.modaps.eosdis.nasa.gov/data/active_fire/noaa-20-viirs-c2/csv/J1_VIIRS_C2_Global_24h.csv,2026-09-22 13:46:18.797039+00:00
b7c98c97889c91df,29.70137,6.71187,2026-09-22 02:09:00+00:00,2026-09-22,0209,N20,,0.6,nominal,314.52,287.83,0.41,0.6,1.43,N,2.0NRT,VIIRS_NOAA20_C2,https://firms.modaps.eosdis.nasa.gov/data/active_fire/noaa-20-viirs-c2/csv/J1_VIIRS_C2_Global_24h.csv,2026-09-22 13:46:18.797039+00:00
b383d774fdd282c6,28.91648,9.74556,2026-09-22 02:09:00+00:00,2026-09-22,0209,N20,,0.6,nominal,300.96,286.32,0.64,0.72,0.9,N,2.0NRT,VIIRS_NOAA20_C2,https://firms.modaps.eosdis.nasa.gov/data/active_fire/noaa-20-viirs-c2/csv/J1_VIIRS_C2_Global_24h.csv,2026-09-22 13:46:18.797039+00:00
d5715b3619328b65,29.69799,6.70199,2026-09-22 02:09:00+00:00,2026-09-22,0209,N20,,0.6,nominal,331.09,288.54,0.41,0.6,1.27,N,2.0NRT,VIIRS_NOAA20_C2,https://firms.modaps.eosdis.nasa.gov/data/active_fire/noaa-20-viirs-c2/csv/J1_VIIRS_C2_Global_24h.csv,2026-09-22 13:46:18.797039+00:00
87ba3fe9ccabb64b,29.697,6.70604,2026-09-22 02:09:00+00:00,2026-09-22,0209,N20,,0.6,nominal,309.08,288.3,0.41,0.6,1.27,N,2.0NRT,VIIRS_NOAA20_C2,https://firms.modaps.eosdis.nasa.gov/data/active_fire/noaa-20-viirs-c2/csv/J1_VIIRS_C2_Global_24h.csv,2026-09-22 13:46:18.797039+00:00
872c981b5d739134,29.69263,6.7002,2026-09-22 02:09:00+00:00,2026-09-22,0209,N20,,0.6,nominal,299.31,287.92,0.41,0.6,1.27,N,2.0NRT,VIIRS_NOAA20_C2,https://firms.modaps.eosdis.nasa.gov/data/active_fire/noaa-20-viirs-c2/csv/J1_VIIRS_C2_Global_24h.csv,2026-09-22 13:46:18.797039+00:00
a51fa612e73f57da,29.68726,6.69843,2026-09-22 02:09:00+00:00,2026-09-22,0209,N20,,0.6,nominal,305.56,288.4,0.41,0.6,0.91,N,2.0NRT,VIIRS_NOAA20_C2,https://firms.modaps.eosdis.nasa.gov/data/active_fire/noaa-20-viirs-c2/csv/J1_VIIRS_C2_Global_24h.csv,2026-09-22 13:46:18.797039+00:00
9d93eb03abc376e7,29.66949,6.72334,2026-09-22 02:09:00+00:00,2026-09-22,0209,N20,,0.6,nominal,319.71,288.83,0.41,0.61,1.51,N,2.0NRT,VIIRS_NOAA20_C2,https://firms.modaps.eosdis.nasa.gov/data/active_fire/noaa-20-viirs-c2/csv/J1_VIIRS_C2_Global_24h.csv,2026-09-22 13:46:18.797039+00:00
37fa7ea3be92ba0e,28.82291,9.90737,2026-09-22 02:09:00+00:00,2026-09-22,0209,N20,,0.6,nominal,301.41,285.69,0.66,0.73,0.87,N,2.0NRT,VIIRS_NOAA20_C2,https://firms.modaps.eosdis.nasa.gov/data/active_fire/noaa-20-viirs-c2/csv/J1_VIIRS_C2_Global_24h.csv,2026-09-22 13:46:18.797039+00:00
0ff1c4fc87206be9,32.46034,-8.67709,2026-09-22 02:09:00+00:00,2026-09-22,0209,N20,,0.6,nominal,311.83,291.67,0.52,0.42,1.11,N,2.0NRT,VIIRS_NOAA20_C2,https://firms.modaps.eosdis.nasa.gov/data/active_fire/noaa-20-viirs-c2/csv/J1_VIIRS_C2_Global_24h.csv,2026-09-22 13:46:18.797039+00:00
b9faa39ca978db46,28.73903,9.78547,2026-09-22 02:09:00+00:00,2026-09-22,0209,N20,,0.6,nominal,305.82,284.96,0.65,0.73,1.28,N,2.0NRT,VIIRS_NOAA20_C2,https://firms.modaps.eosdis.nasa.gov/data/active_fire/noaa-20-viirs-c2/csv/J1_VIIRS_C2_Global_24h.csv,2026-09-22 13:46:18.797039+00:00
9a5c70e695934a9c,28.73726,9.79188,2026-09-22 02:09:00+00:00,2026-09-22,0209,N20,,0.6,nominal,297.87,284.84,0.65,0.73,1.28,N,2.0NRT,VIIRS_NOAA20_C2,https://firms.modaps.eosdis.nasa.gov/data/active_fire/noaa-20-viirs-c2/csv/J1_VIIRS_C2_Global_24h.csv,2026-09-22 13:46:18.797039+00:00
e87de661de0430f0,28.63536,9.78517,2026-09-22 02:09:00+00:00,2026-09-22,0209,N20,,0.6,nominal,302.32,267.43,0.65,0.73,0.85,N,2.0NRT,VIIRS_NOAA20_C2,https://firms.modaps.eosdis.nasa.gov/data/active_fire/noaa-20-viirs-c2/csv/J1_VIIRS_C2_Global_24h.csv,2026-09-22 13:46:18.797039+00:00
33788ee72df4d807,29.26685,6.49281,2026-09-22 02:09:00+00:00,2026-09-22,0209,N20,,0.6,nominal,302.18,288.29,0.4,0.6,0.6,N,2.0NRT,VIIRS_NOAA20_C2,https://firms.modaps.eosdis.nasa.gov/data/active_fire/noaa-20-viirs-c2/csv/J1_VIIRS_C2_Global_24h.csv,2026-09-22 13:46:18.797039+00:00
1aa13cc2d4f2848b,28.52731,9.11901,2026-09-22 02:09:00+00:00,2026-09-22,0209,N20,,0.6,nominal,317.78,279.59,0.6,0.71,2.38,N,2.0NRT,VIIRS_NOAA20_C2,https://firms.modaps.eosdis.nasa.gov/data/active_fire/noaa-20-viirs-c2/csv/J1_VIIRS_C2_Global_24h.csv,2026-09-22 13:46:18.797039+00:00
70e1bb4869a6e490,28.52642,9.11773,2026-09-22 02:09:00+00:00,2026-09-22,0209,N20,,0.6,nominal,315.58,279.89,0.6,0.71,2.81,N,2.0NRT,VIIRS_NOAA20_C2,https://firms.modaps.eosdis.nasa.gov/data/active_fire/noaa-20-viirs-c2/csv/J1_VIIRS_C2_Global_24h.csv,2026-09-22 13:46:18.797039+00:00
c2ab3ee8fe685944,28.45369,9.13428,2026-09-22 02:09:00+00:00,2026-09-22,0209,N20,,0.6,nominal,320.51,283.17,0.61,0.71,3.13,N,2.0NRT,VIIRS_NOAA20_C2,https://firms.modaps.eosdis.nasa.gov/data/active_fire/noaa-20-viirs-c2/csv/J1_VIIRS_C2_Global_24h.csv,2026-09-22 13:46:18.797039+00:00
44adb3495f69d687,28.18824,9.80331,2026-09-22 02:09:00+00:00,2026-09-22,0209,N20,,0.6,nominal,300.55,286.47,0.67,0.74,1.28,N,2.0NRT,VIIRS_NOAA20_C2,https://firms.modaps.eosdis.nasa.gov/data/active_fire/noaa-20-viirs-c2/csv/J1_VIIRS_C2_Global_24h.csv,2026-09-22 13:46:18.797039+00:00
66e8ee00c24d9348,28.08311,9.78461,2026-09-22 02:09:00+00:00,2026-09-22,0209,N20,,0.6,nominal,322.9,286.05,0.68,0.74,4.89,N,2.0NRT,VIIRS_NOAA20_C2,https://firms.modaps.eosdis.nasa.gov/data/active_fire/noaa-20-viirs-c2/csv/J1_VIIRS_C2_Global_24h.csv,2026-09-22 13:46:18.797039+00:00
2aadc0a4c7719602,28.5807,7.65165,2026-09-22 02:09:00+00:00,2026-09-22,0209,N20,,0.6,nominal,302.85,286.77,0.49,0.65,1.02,N,2.0NRT,VIIRS_NOAA20_C2,https://firms.modaps.eosdis.nasa.gov/data/active_fire/noaa-20-viirs-c2/csv/J1_VIIRS_C2_Global_24h.csv,2026-09-22 13:46:18.797039+00:00
5efc2ee56a1be33f,28.57948,7.65634,2026-09-22 02:09:00+00:00,2026-09-22,0209,N20,,0.6,nominal,305.19,287.25,0.49,0.65,1.02,N,2.0NRT,VIIRS_NOAA20_C2,https://firms.modaps.eosdis.nasa.gov/data/active_fire/noaa-20-viirs-c2/csv/J1_VIIRS_C2_Global_24h.csv,2026-09-22 13:46:18.797039+00:00
c9c85c9a4138bada,28.68766,7.19119,2026-09-22 02:09:00+00:00,2026-09-22,0209,N20,,0.6,nominal,307.45,286.09,0.46,0.63,1.14,N,2.0NRT,VIIRS_NOAA20_C2,https://firms.modaps.eosdis.nasa.gov/data/active_fire/noaa-20-viirs-c2/csv/J1_VIIRS_C2_Global_24h.csv,2026-09-22 13:46:18.797039+00:00
3ad7be715a3cf347,28.61543,7.49933,2026-09-22 02:09:00+00:00,2026-09-22,0209,N20,,0.6,nominal,302.93,287.54,0.48,0.65,0.8,N,2.0NRT,VIIRS_NOAA20_C2,https://firms.modaps.eosdis.nasa.gov/data/active_fire/noaa-20-viirs-c2/csv/J1_VIIRS_C2_Global_24h.csv,2026-09-22 13:46:18.797039+00:00
2fbf68f7152349e5,28.57673,7.65199,2026-09-22 02:09:00+00:00,2026-09-22,0209,N20,,0.6,nominal,316.02,287.33,0.49,0.65,2.14,N,2.0NRT,VIIRS_NOAA20_C2,https://firms.modaps.eosdis.nasa.gov/data/active_fire/noaa-20-viirs-c2/csv/J1_VIIRS_C2_Global_24h.csv,2026-09-22 13:46:18.797039+00:00
22e817585003fd7e,28.68666,7.19199,2026-09-22 02:09:00+00:00,2026-09-22,0209,N20,,0.6,nominal,313.82,286.54,0.46,0.64,1.46,N,2.0NRT,VIIRS_NOAA20_C2,https://firms.modaps.eosdis.nasa.gov/data/active_fire/noaa-20-viirs-c2/csv/J1_VIIRS_C2_Global_24h.csv,2026-09-22 13:46:18.797039+00:00
56a79f67c1e1bc74,28.56111,7.51702,2026-09-22 02:09:00+00:00,2026-09-22,0209,N20,,0.6,nominal,307.04,287.69,0.48,0.65,0.99,N,2.0NRT,VIIRS_NOAA20_C2,https://firms.modaps.eosdis.nasa.gov/data/active_fire/noaa-20-viirs-c2/csv/J1_VIIRS_C2_Global_24h.csv,2026-09-22 13:46:18.797039+00:00
e66cf5ad839530ff,28.60257,7.25817,2026-09-22 02:09:00+00:00,2026-09-22,0209,N20,,0.6,nominal,306.51,286.96,0.47,0.64,1.01,N,2.0NRT,VIIRS_NOAA20_C2,https://firms.modaps.eosdis.nasa.gov/data/active_fire/noaa-20-viirs-c2/csv/J1_VIIRS_C2_Global_24h.csv,2026-09-22 13:46:18.797039+00:00
2f76fb6251f7179f,28.47817,7.50764,2026-09-22 02:09:00+00:00,2026-09-22,0209,N20,,0.6,nominal,301.28,287.38,0.49,0.65,0.95,N,2.0NRT,VIIRS_NOAA20_C2,https://firms.modaps.eosdis.nasa.gov/data/active_fire/noaa-20-viirs-c2/csv/J1_VIIRS_C2_Global_24h.csv,2026-09-22 13:46:18.797039+00:00
92f91db49b888d8e,28.47239,7.50583,2026-09-22 02:09:00+00:00,2026-09-22,0209,N20,,0.6,nominal,301.35,287.0,0.49,0.65,0.95,N,2.0NRT,VIIRS_NOAA20_C2,https://firms.modaps.eosdis.nasa.gov/data/active_fire/noaa-20-viirs-c2/csv/J1_VIIRS_C2_Global_24h.csv,2026-09-22 13:46:18.797039+00:00
04c5b716ba3a9269,28.45726,7.51613,2026-09-22 02:09:00+00:00,2026-09-22,0209,N20,,0.6,nominal,308.95,286.57,0.49,0.65,1.57,N,2.0NRT,VIIRS_NOAA20_C2,https://firms.modaps.eosdis.nasa.gov/data/active_fire/noaa-20-viirs-c2/csv/J1_VIIRS_C2_Global_24h.csv,2026-09-22 13:46:18.797039+00:00
522def74e57be740,27.9259,9.24479,2026-09-22 02:09:00+00:00,2026-09-22,0209,N20,,0.6,nominal,301.36,286.97,0.63,0.72,1.41,N,2.0NRT,VIIRS_NOAA20_C2,https://firms.modaps.eosdis.nasa.gov/data/active_fire/noaa-20-viirs-c2/csv/J1_VIIRS_C2_Global_24h.csv,2026-09-22 13:46:18.797039+00:00
7e1d390fca0ac842,27.92422,9.25088,2026-09-22 02:09:00+00:00,2026-09-22,0209,N20,,0.6,nominal,297.68,287.16,0.63,0.72,1.36,N,2.0NRT,VIIRS_NOAA20_C2,https://firms.modaps.eosdis.nasa.gov/data/active_fire/noaa-20-viirs-c2/csv/J1_VIIRS_C2_Global_24h.csv,2026-09-22 13:46:18.797039+00:00
a1798d0658c41d29,27.92542,9.24891,2026-09-22 02:09:00+00:00,2026-09-22,0209,N20,,0.6,nominal,311.28,287.4,0.63,0.72,1.57,N,2.0NRT,VIIRS_NOAA20_C2,https://firms.modaps.eosdis.nasa.gov/data/active_fire/noaa-20-viirs-c2/csv/J1_VIIRS_C2_Global_24h.csv,2026-09-22 13:46:18.797039+00:00
bc8ade9948a8ab62,27.75867,9.17515,2026-09-22 02:09:00+00:00,2026-09-22,0209,N20,,0.6,nominal,348.46,287.18,0.63,0.72,11.79,N,2.0NRT,VIIRS_NOAA20_C2,https://firms.modaps.eosdis.nasa.gov/data/active_fire/noaa-20-viirs-c2/csv/J1_VIIRS_C2_Global_24h.csv,2026-09-22 13:46:18.797039+00:00
bd804dafbb39c36c,27.75699,9.18132,2026-09-22 02:09:00+00:00,2026-09-22,0209,N20,,0.6,nominal,329.64,287.61,0.63,0.72,10.09,N,2.0NRT,VIIRS_NOAA20_C2,https://firms.modaps.eosdis.nasa.gov/data/active_fire/noaa-20-viirs-c2/csv/J1_VIIRS_C2_Global_24h.csv,2026-09-22 13:46:18.797039+00:00
02dc8187067c7aea,27.7379,9.17474,2026-09-22 02:09:00+00:00,2026-09-22,0209,N20,,0.6,nominal,301.1,284.6,0.63,0.72,1.72,N,2.0NRT,VIIRS_NOAA20_C2,https://firms.modaps.eosdis.nasa.gov/data/active_fire/noaa-20-viirs-c2/csv/J1_VIIRS_C2_Global_24h.csv,2026-09-22 13:46:18.797039+00:00
1000519f778e4f30,27.75898,9.17649,2026-09-22 02:09:00+00:00,2026-09-22,0209,N20,,0.6,nominal,353.78,287.71,0.63,0.72,8.36,N,2.0NRT,VIIRS_NOAA20_C2,https://firms.modaps.eosdis.nasa.gov/data/active_fire/noaa-20-viirs-c2/csv/J1_VIIRS_C2_Global_24h.csv,2026-09-22 13:46:18.797039+00:00
b906dc473046f214,27.75734,9.18268,2026-09-22 02:09:00+00:00,2026-09-22,0209,N20,,0.6,nominal,325.61,287.37,0.63,0.72,8.36,N,2.0NRT,VIIRS_NOAA20_C2,https://firms.modaps.eosdis.nasa.gov/data/active_fire/noaa-20-viirs-c2/csv/J1_VIIRS_C2_Global_24h.csv,2026-09-22 13:46:18.797039+00:00
0447dce51bce0fd7,27.73826,9.17601,2026-09-22 02:09:00+00:00,2026-09-22,0209,N20,,0.6,nominal,305.36,284.48,0.63,0.72,1.22,N,2.0NRT,VIIRS_NOAA20_C2,https://firms.modaps.eosdis.nasa.gov/data/active_fire/noaa-20-viirs-c2/csv/J1_VIIRS_C2_Global_24h.csv,2026-09-22 13:46:18.797039+00:00
f1fc02b6f7306f59,27.70503,9.17028,2026-09-22 02:09:00+00:00,2026-09-22,0209,N20,,0.6,nominal,305.47,284.85,0.63,0.72,1.43,N,2.0NRT,VIIRS_NOAA20_C2,https://firms.modaps.eosdis.nasa.gov/data/active_fire/noaa-20-viirs-c2/csv/J1_VIIRS_C2_Global_24h.csv,2026-09-22 13:46:18.797039+00:00
f8f1f6b0edc4c559,28.19835,-0.51631,2026-09-22 02:11:00+00:00,2026-09-22,0211,N20,,0.6,nominal,327.88,294.26,0.51,0.41,2.82,N,2.0NRT,VIIRS_NOAA20_C2,https://firms.modaps.eosdis.nasa.gov/data/active_fire/noaa-20-viirs-c2/csv/J1_VIIRS_C2_Global_24h.csv,2026-09-22 13:46:18.797039+00:00
